-- phpMyAdmin SQL Dump
-- version 5.2.0
-- https://www.phpmyadmin.net/
--
-- Host: 127.0.0.1
-- Generation Time: Mar 01, 2024 at 02:14 PM
-- Server version: 10.4.24-MariaDB
-- PHP Version: 8.1.6

SET SQL_MODE = "NO_AUTO_VALUE_ON_ZERO";
START TRANSACTION;
SET time_zone = "+00:00";


/*!40101 SET @OLD_CHARACTER_SET_CLIENT=@@CHARACTER_SET_CLIENT */;
/*!40101 SET @OLD_CHARACTER_SET_RESULTS=@@CHARACTER_SET_RESULTS */;
/*!40101 SET @OLD_COLLATION_CONNECTION=@@COLLATION_CONNECTION */;
/*!40101 SET NAMES utf8mb4 */;

--
-- Database: `rtaflangcenter`
--

-- --------------------------------------------------------

--
-- Table structure for table `tbaccessrights`
--

CREATE TABLE `tbaccessrights` (
  `accessrightsid` varchar(255) NOT NULL COMMENT 'รหัสสิทธิ์การใช้งานระบบ \n"รหัสประจำตัวประชาชน-ประเภทผู้ใช้งานระบบ" เช่น 1234567890123-USR01 ',
  `persid` varchar(13) NOT NULL COMMENT 'เลขประจำตัวประชาชน',
  `usrtypeid` varchar(5) NOT NULL COMMENT 'รหัสประเภทผู้ใช้งานระบบ',
  `permissiondate` date NOT NULL COMMENT 'วันที่อนุญาตใช้สิทธิ์การเข้าถึงข้อมูล',
  `status` varchar(10) DEFAULT NULL COMMENT '1=อนุมัติ, 0=ไม่อนุมัติ, 2=รออนุมัติ, 1000=ระงับ'
) ENGINE=InnoDB DEFAULT CHARSET=utf8mb4;

--
-- Dumping data for table `tbaccessrights`
--

INSERT INTO `tbaccessrights` (`accessrightsid`, `persid`, `usrtypeid`, `permissiondate`, `status`) VALUES
('1100501418960-USR01', '1100501418960', 'USR01', '2023-08-31', '2'),
('1100501418960-USR02', '1100501418960', 'USR02', '2023-08-31', '2'),
('1100501418960-USR03', '1100501418960', 'USR03', '2023-08-31', '2'),
('1100501418960-USR04', '1100501418960', 'USR04', '2023-08-31', '2'),
('1100501418960-USR05', '1100501418960', 'USR05', '2023-08-31', '2'),
('1103702509612-USR01', '1103702509612', 'USR01', '2023-10-05', '0'),
('1103702509612-USR02', '1103702509612', 'USR02', '2023-10-05', '0'),
('1103702509612-USR03', '1103702509612', 'USR03', '2023-10-05', '0'),
('1103702509612-USR04', '1103702509612', 'USR04', '2023-10-05', '0'),
('1103702509612-USR05', '1103702509612', 'USR05', '2023-10-05', '1'),
('1104200223730-USR01', '1104200223730', 'USR01', '2024-02-12', '1'),
('1104200223730-USR02', '1104200223730', 'USR02', '2023-10-05', '0'),
('1104200223730-USR03', '1104200223730', 'USR03', '2023-10-05', '0'),
('1104200223730-USR04', '1104200223730', 'USR04', '2023-10-05', '0'),
('1104200223730-USR05', '1104200223730', 'USR05', '2024-02-12', '0'),
('1111111111111-USR01', '1111111111111', 'USR01', '2023-09-22', '1'),
('1111111111111-USR02', '1111111111111', 'USR02', '2023-11-01', '0'),
('1111111111111-USR03', '1111111111111', 'USR03', '2023-11-01', '0'),
('1111111111111-USR04', '1111111111111', 'USR04', '2023-11-01', '0'),
('1111111111111-USR05', '1111111111111', 'USR05', '2023-11-01', '0'),
('1149900696228-USR01', '1149900696228', 'USR01', '2023-02-25', '2'),
('1149900696228-USR02', '1149900696228', 'USR02', '2023-02-25', '2'),
('1149900696228-USR03', '1149900696228', 'USR03', '2023-08-30', '2'),
('1149900696228-USR04', '1149900696228', 'USR04', '2023-08-30', '2'),
('1149900696228-USR05', '1149900696228', 'USR05', '2023-08-30', '2'),
('1234567890123-USR01', '1234567890123', 'USR01', '2023-09-12', '0'),
('1234567890123-USR02', '1234567890123', 'USR02', '2023-01-31', '1'),
('1234567890123-USR03', '1234567890123', 'USR03', '2023-09-12', '0'),
('1234567890123-USR04', '1234567890123', 'USR04', '2023-09-12', '0'),
('1234567890123-USR05', '1234567890123', 'USR05', '2023-09-12', '0'),
('1269900155412-USR01', '1269900155412', 'USR01', '2024-02-27', '1'),
('1269900155412-USR02', '1269900155412', 'USR02', '2024-02-27', '1'),
('1269900155412-USR03', '1269900155412', 'USR03', '2024-02-27', '1'),
('1269900155412-USR04', '1269900155412', 'USR04', '2024-02-27', '1'),
('1269900155412-USR05', '1269900155412', 'USR05', '2024-02-27', '1'),
('1321321546546-USR01', '1321321546546', 'USR01', '2023-11-16', '1'),
('1321321546546-USR02', '1321321546546', 'USR02', '2023-11-15', '0'),
('1471200336695-USR01', '1471200336695', 'USR01', '2023-08-31', '2'),
('1471200336695-USR02', '1471200336695', 'USR02', '2023-08-31', '2'),
('1471200336695-USR03', '1471200336695', 'USR03', '2023-08-31', '2'),
('1471200336695-USR04', '1471200336695', 'USR04', '2023-08-31', '2'),
('1471200336695-USR05', '1471200336695', 'USR05', '2023-08-31', '2'),
('1779800065026-USR01', '1779800065026', 'USR01', '2023-09-21', '0'),
('1779800065026-USR02', '1779800065026', 'USR02', '2023-09-21', '0'),
('1779800065026-USR03', '1779800065026', 'USR03', '2023-09-21', '0'),
('1779800065026-USR04', '1779800065026', 'USR04', '2023-09-21', '0'),
('1779800065026-USR05', '1779800065026', 'USR05', '2023-09-21', '1'),
('2222222222222-USR01', '2222222222222', 'USR01', '2023-09-22', '1'),
('2222222222222-USR02', '2222222222222', 'USR02', '2023-11-01', '0'),
('2222222222222-USR03', '2222222222222', 'USR03', '2023-11-01', '0'),
('2222222222222-USR04', '2222222222222', 'USR04', '2023-11-01', '0'),
('2222222222222-USR05', '2222222222222', 'USR05', '2023-11-01', '0'),
('3333333333333-USR01', '3333333333333', 'USR01', '2023-09-22', '1'),
('3625421522425-USR01', '3625421522425', 'USR01', '2023-11-02', '1'),
('3625421522425-USR02', '3625421522425', 'USR02', '2023-11-02', '0'),
('3625421522425-USR03', '3625421522425', 'USR03', '2023-11-02', '0'),
('3625421522425-USR04', '3625421522425', 'USR04', '2023-11-02', '0'),
('3625421522425-USR05', '3625421522425', 'USR05', '2023-11-02', '0'),
('4444444444444-USR01', '4444444444444', 'USR01', '2023-09-22', '1'),
('5555555555555-USR01', '5555555555555', 'USR01', '2023-09-22', '1'),
('6546565498454-USR05', '6546565498454', 'USR05', '2566-08-30', '0'),
('6555874456444-USR01', '6555874456444', 'USR01', '2023-11-02', '1'),
('6555874456444-USR02', '6555874456444', 'USR02', '2023-11-02', '0'),
('6555874456444-USR03', '6555874456444', 'USR03', '2023-11-02', '0'),
('6555874456444-USR04', '6555874456444', 'USR04', '2023-11-02', '0'),
('6555874456444-USR05', '6555874456444', 'USR05', '2023-11-02', '0'),
('6633256452156-USR01', '6633256452156', 'USR01', '2023-02-25', '1'),
('6633256452156-USR02', '6633256452156', 'USR02', '2023-02-25', '1'),
('6633256452156-USR03', '6633256452156', 'USR03', '2023-02-25', '1'),
('6633256452156-USR04', '6633256452156', 'USR04', '2023-02-25', '1'),
('6633256452156-USR05', '6633256452156', 'USR05', '2023-02-25', '1');

-- --------------------------------------------------------

--
-- Table structure for table `tbcefrdifficultylevel`
--

CREATE TABLE `tbcefrdifficultylevel` (
  `cerfcode` varchar(4) NOT NULL COMMENT 'รหัสระดับความยากง่ายตาม cerf',
  `cerfdifficultylevel` varchar(45) NOT NULL COMMENT 'ระดับความยากง่ายตาม cerf',
  `cerfdifficultyleveldesc` text NOT NULL,
  `cerfleveltype` varchar(255) NOT NULL COMMENT 'ประเภทข้อสอบ'
) ENGINE=InnoDB DEFAULT CHARSET=utf8mb4;

--
-- Dumping data for table `tbcefrdifficultylevel`
--

INSERT INTO `tbcefrdifficultylevel` (`cerfcode`, `cerfdifficultylevel`, `cerfdifficultyleveldesc`, `cerfleveltype`) VALUES
('L1A1', 'ง่าย (A1)', 'ประโยค Single Statement (ALCPT) 1 ประโยค', 'ประโยค Statement'),
('L1A2', 'ง่าย (A2)', 'ประโยค Single Statement (ALCPT) 1 ประโยค', 'ประโยค Statement'),
('L1B1', 'ปานกลาง (B1)', 'ประโยค Statement (ALCPT) 1-2 ประโยค', 'ประโยค Statement'),
('L1B2', 'ปานกลาง (B2)', 'ประโยค Statement 1-2 ประโยค', 'ประโยค Statement'),
('L1C1', 'ยาก (C1)', 'ประโยค Statement 1-2 ประโยค', 'ประโยค Statement'),
('L2A1', 'ง่าย (A1)', 'บทสนทนาโต้ตอบ ประมาณ 2-3 ประโยค', 'บทสนทนาแบบ Dialogue โต้ตอบ'),
('L2A2', 'ง่าย (A2)', 'บทสนทนาโต้ตอบ ประมาณ 2-3 ประโยค', 'บทสนทนาแบบ Dialogue โต้ตอบ'),
('L2B1', 'ปานกลาง (B1)', 'บทสนทนาโต้ตอบ ประมาณ 2-3 ประโยค หรือ การเล่าเรื่องหรือการประกาศจากคนเพียงคนเดียว', 'บทสนทนาแบบ Dialogue โต้ตอบ'),
('L2B2', 'ปานกลาง (B2)', 'บทสนทนาโต้ตอบ ประมาณ 2-4 ประโยค หรือ การเล่าเรื่องหรือการประกาศจากคนเพียงคนเดียว', 'บทสนทนาแบบ Dialogue โต้ตอบ'),
('L2C1', 'ยาก (C1)', 'บทสนทนาโต้ตอบ ประมาณ 4-5 ประโยค หรือ การเล่าเรื่องหรือการประกาศจากคนเพียงคนเดียว', 'บทสนทนาแบบ Dialogue โต้ตอบ'),
('R1A1', 'ง่าย (A1)', 'ประโยคสั้น 1-2 ประโยค (Vocab/Grammar/Ads/e-mail/Daily Life)', 'ด้านการอ่าน (Reading) และการเขียน Writing'),
('R1A2', 'ง่าย (A2)', 'ประโยคสั้น 2-3 ประโยค (Vocab/Grammar/Ads/e-mail/Daily Life)', 'ด้านการอ่าน (Reading) และการเขียน Writing'),
('R1B1', 'ปานกลาง (B1)', 'ประโยคและบทความแบบสั้น (Details 4/ Infer 1)', 'ด้านการอ่าน (Reading) และการเขียน Writing'),
('R1B2', 'ปานกลาง (B2)', 'ประโยคและบทความแบบสั้น (Vocab 1/Details 2/ Infer 2)', 'ด้านการอ่าน (Reading) และการเขียน Writing'),
('R1C1', 'ยาก (C1)', 'บทความแบบยาว (Vocab 1-2/Details 2/ Infer 3-4)', 'ด้านการอ่าน (Reading) และการเขียน Writing');

-- --------------------------------------------------------

--
-- Table structure for table `tbchoice`
--

CREATE TABLE `tbchoice` (
  `choicecode` varchar(16) NOT NULL COMMENT 'รหัสตัวเลือก เช่น ชุดที่ 1 ข้อที่ 57 ระดับความยาก 1LB2 ตัวเลือกที่ 1 เช่น F0001L2B2057CH01',
  `choicetext` text NOT NULL COMMENT 'ข้อความในตัวเลือก',
  `answer` tinyint(4) NOT NULL COMMENT 'เฉลย คำตอบที่ถูก 1 และ คำตอบที่ผิด 0',
  `questioncode` varchar(12) NOT NULL
) ENGINE=InnoDB DEFAULT CHARSET=utf8mb4;

--
-- Dumping data for table `tbchoice`
--

INSERT INTO `tbchoice` (`choicecode`, `choicetext`, `answer`, `questioncode`) VALUES
('F0001L1A1001CH01', 'F1T_something to eat', 1, 'F0001L1A1001'),
('F0001L1A1001CH02', 'something to wear', 0, 'F0001L1A1001'),
('F0001L1A1001CH03', 'something to read', 0, 'F0001L1A1001'),
('F0001L1A1001CH04', 'something to play', 0, 'F0001L1A1001'),
('F0001L1A1002CH01', 'F1T_delighted', 1, 'F0001L1A1002'),
('F0001L1A1002CH02', 'old', 0, 'F0001L1A1002'),
('F0001L1A1002CH03', 'funny', 0, 'F0001L1A1002'),
('F0001L1A1002CH04', 'unhappy', 0, 'F0001L1A1002'),
('F0001L1A1003CH01', 'F1T_the sun', 1, 'F0001L1A1003'),
('F0001L1A1003CH02', 'the grass', 0, 'F0001L1A1003'),
('F0001L1A1003CH03', 'the snow', 0, 'F0001L1A1003'),
('F0001L1A1003CH04', 'the ocean', 0, 'F0001L1A1003'),
('F0001L1A1004CH01', 'F1T_take medicine', 1, 'F0001L1A1004'),
('F0001L1A1004CH02', 'drink milk', 0, 'F0001L1A1004'),
('F0001L1A1004CH03', 'have an apple', 0, 'F0001L1A1004'),
('F0001L1A1004CH04', 'follow Bill', 0, 'F0001L1A1004'),
('F0001L1A1005CH01', 'F1T_“Yes, I am.”', 1, 'F0001L1A1005'),
('F0001L1A1005CH02', '“No, I’m not.”', 0, 'F0001L1A1005'),
('F0001L1A1005CH03', '“Well, maybe.”', 0, 'F0001L1A1005'),
('F0001L1A1005CH04', '“I don’t know.”', 0, 'F0001L1A1005'),
('F0001L1A1006CH01', 'F1T_the water', 1, 'F0001L1A1006'),
('F0001L1A1006CH02', 'the sky', 0, 'F0001L1A1006'),
('F0001L1A1006CH03', 'the storm', 0, 'F0001L1A1006'),
('F0001L1A1006CH04', 'the sun', 0, 'F0001L1A1006'),
('F0001L1A1007CH01', 'F1T_what its name was', 1, 'F0001L1A1007'),
('F0001L1A1007CH02', 'who owned it', 0, 'F0001L1A1007'),
('F0001L1A1007CH03', 'how to stop it', 0, 'F0001L1A1007'),
('F0001L1A1007CH04', 'where it came from', 0, 'F0001L1A1007'),
('F0001L1A1008CH01', 'F1T_after getting a haircut', 1, 'F0001L1A1008'),
('F0001L1A1008CH02', 'at the barbershop', 0, 'F0001L1A1008'),
('F0001L1A1008CH03', 'at the cafeteria', 0, 'F0001L1A1008'),
('F0001L1A1008CH04', 'after eating his lunch', 0, 'F0001L1A1008'),
('F0001L1A2009CH01', 'F1T_He quit smoking.', 1, 'F0001L1A2009'),
('F0001L1A2009CH02', 'He started smoking.', 0, 'F0001L1A2009'),
('F0001L1A2009CH03', 'He continued smoking.', 0, 'F0001L1A2009'),
('F0001L1A2009CH04', 'He finally smoked.', 0, 'F0001L1A2009'),
('F0001L1A2010CH01', 'F1T_He offered us a greeting.', 1, 'F0001L1A2010'),
('F0001L1A2010CH02', 'He hit us.', 0, 'F0001L1A2010'),
('F0001L1A2010CH03', 'He stopped smoking.', 0, 'F0001L1A2010'),
('F0001L1A2010CH04', 'He said something to us.', 0, 'F0001L1A2010'),
('F0001L1A2011CH01', 'F1T_It was sent off.', 1, 'F0001L1A2011'),
('F0001L1A2011CH02', 'It was wet.', 0, 'F0001L1A2011'),
('F0001L1A2011CH03', 'It was eaten.', 0, 'F0001L1A2011'),
('F0001L1A2011CH04', 'It was put in the store.', 0, 'F0001L1A2011'),
('F0001L1A2012CH01', 'F1T_to a social gathering', 1, 'F0001L1A2012'),
('F0001L1A2012CH02', 'to his place of work.', 0, 'F0001L1A2012'),
('F0001L1A2012CH03', 'to a sports contest', 0, 'F0001L1A2012'),
('F0001L1A2012CH04', 'to another section of town', 0, 'F0001L1A2012'),
('F0001L1A2013CH01', 'F1T_Yes, Helen told me later.', 1, 'F0001L1A2013'),
('F0001L1A2013CH02', 'No, I have not seen it.', 0, 'F0001L1A2013'),
('F0001L1A2013CH03', 'No, I know Bob very well.', 0, 'F0001L1A2013'),
('F0001L1A2013CH04', 'Yes, it happened on Tuesday.', 0, 'F0001L1A2013'),
('F0001L1A2014CH01', 'F1T_No, I didn’t disturb him.', 1, 'F0001L1A2014'),
('F0001L1A2014CH02', 'No, I’m not his brother.', 0, 'F0001L1A2014'),
('F0001L1A2014CH03', 'No, I haven’t seen him.', 0, 'F0001L1A2014'),
('F0001L1A2014CH04', 'No, he’s home in the evening.', 0, 'F0001L1A2014'),
('F0001L1A2015CH01', 'F1T_to find out the time', 1, 'F0001L1A2015'),
('F0001L1A2015CH02', 'to see where you are going', 0, 'F0001L1A2015'),
('F0001L1A2015CH03', 'to look at things far away', 0, 'F0001L1A2015'),
('F0001L1A2015CH04', 'to know where you are', 0, 'F0001L1A2015'),
('F0001L1A2016CH01', 'F1T_carry it away with him', 1, 'F0001L1A2016'),
('F0001L1A2016CH02', 'fix it so that it can’t be moved', 0, 'F0001L1A2016'),
('F0001L1A2016CH03', 'make it easier to sit in', 0, 'F0001L1A2016'),
('F0001L1A2016CH04', 'build it', 0, 'F0001L1A2016'),
('F0001L1B1017CH01', 'F1T_Yes, I heard from him.', 1, 'F0001L1B1017'),
('F0001L1B1017CH02', 'Yes, I hear from him.', 0, 'F0001L1B1017'),
('F0001L1B1017CH03', 'Yes, I hope to hear from him.', 0, 'F0001L1B1017'),
('F0001L1B1017CH04', 'Yes, I will hear from him today.', 0, 'F0001L1B1017'),
('F0001L1B1018CH01', 'F1T_Everything slides off of it.', 1, 'F0001L1B1018'),
('F0001L1B1018CH02', 'There are holes in the wood.', 0, 'F0001L1B1018'),
('F0001L1B1018CH03', 'It’s too easy to steal.', 0, 'F0001L1B1018'),
('F0001L1B1018CH04', 'It feels smooth when I touch it.', 0, 'F0001L1B1018'),
('F0001L1B1019CH01', 'F1T_No, I am getting well without it.', 1, 'F0001L1B1019'),
('F0001L1B1019CH02', 'No, I like the color the way it is.', 0, 'F0001L1B1019'),
('F0001L1B1019CH03', 'No, the house is full of them.', 0, 'F0001L1B1019'),
('F0001L1B1019CH04', 'No, the library has enough for me.', 0, 'F0001L1B1019'),
('F0001L1B1020CH01', 'F1T_He got an idea.', 1, 'F0001L1B1020'),
('F0001L1B1020CH02', 'He got a car.', 0, 'F0001L1B1020'),
('F0001L1B1020CH03', 'He got a pain.', 0, 'F0001L1B1020'),
('F0001L1B1020CH04', 'He got an office.', 0, 'F0001L1B1020'),
('F0001L1B1021CH01', 'F1T_Time seems to pass slowly.', 1, 'F0001L1B1021'),
('F0001L1B1021CH02', 'Time seems to hold you back.', 0, 'F0001L1B1021'),
('F0001L1B1021CH03', 'Time seems to pass quickly.', 0, 'F0001L1B1021'),
('F0001L1B1021CH04', 'Time seems to move fast.', 0, 'F0001L1B1021'),
('F0001L1B1022CH01', 'F1T_It will supply them.', 1, 'F0001L1B1022'),
('F0001L1B1022CH02', 'It will attack them.', 0, 'F0001L1B1022'),
('F0001L1B1022CH03', 'It will stop them.', 0, 'F0001L1B1022'),
('F0001L1B1022CH04', 'It will join them.', 0, 'F0001L1B1022'),
('F0001L1B1023CH01', 'F1T_He got a different one.', 1, 'F0001L1B1023'),
('F0001L1B1023CH02', 'He put dishes on the table.', 0, 'F0001L1B1023'),
('F0001L1B1023CH03', 'He painted it.', 0, 'F0001L1B1023'),
('F0001L1B1023CH04', 'He has two tables now.', 0, 'F0001L1B1023'),
('F0001L1B1024CH01', 'F1T_It has no curves.', 1, 'F0001L1B1024'),
('F0001L1B1024CH02', 'It is long.', 0, 'F0001L1B1024'),
('F0001L1B1024CH03', 'It is not very wide.', 0, 'F0001L1B1024'),
('F0001L1B1024CH04', 'It has many stores.', 0, 'F0001L1B1024'),
('F0001L1B1025CH01', 'F1T_He is a leader.', 1, 'F0001L1B1025'),
('F0001L1B1025CH02', 'He is a follower.', 0, 'F0001L1B1025'),
('F0001L1B1025CH03', 'He is a cook.', 0, 'F0001L1B1025'),
('F0001L1B1025CH04', 'He is a father.', 0, 'F0001L1B1025'),
('F0001L1B1026CH01', 'F1T_He studied hard.', 1, 'F0001L1B1026'),
('F0001L1B1026CH02', 'She studied hard.', 0, 'F0001L1B1026'),
('F0001L1B1026CH03', 'He will study harder.', 0, 'F0001L1B1026'),
('F0001L1B1026CH04', 'He plans to study hard.', 0, 'F0001L1B1026'),
('F0001L1B1027CH01', 'F1T_He wants to find the way.', 1, 'F0001L1B1027'),
('F0001L1B1027CH02', 'He wants a new job.', 0, 'F0001L1B1027'),
('F0001L1B1027CH03', 'He wants to see it fly.', 0, 'F0001L1B1027'),
('F0001L1B1027CH04', 'He wants to paint it.', 0, 'F0001L1B1027'),
('F0001L1B1028CH01', 'F1T_I was there only one time.', 1, 'F0001L1B1028'),
('F0001L1B1028CH02', 'I was there only two times.', 0, 'F0001L1B1028'),
('F0001L1B1028CH03', 'I was there many times.', 0, 'F0001L1B1028'),
('F0001L1B1028CH04', 'I was never there.', 0, 'F0001L1B1028'),
('F0001L1B1029CH01', 'F1T_I must tell the truth.', 1, 'F0001L1B1029'),
('F0001L1B1029CH02', 'I could tell the truth.', 0, 'F0001L1B1029'),
('F0001L1B1029CH03', 'It won’t ease my conscience.', 0, 'F0001L1B1029'),
('F0001L1B1029CH04', 'I couldn’t tell the truth.', 0, 'F0001L1B1029'),
('F0001L1B1030CH01', 'F1T_The cat cannot come in.', 1, 'F0001L1B1030'),
('F0001L1B1030CH02', 'The cat cannot come down.', 0, 'F0001L1B1030'),
('F0001L1B1030CH03', 'The cat cannot come across.', 0, 'F0001L1B1030'),
('F0001L1B1030CH04', 'The cat cannot come around.', 0, 'F0001L1B1030'),
('F0001L1B2031CH01', 'F1T_Stanley wants the book.', 1, 'F0001L1B2031'),
('F0001L1B2031CH02', 'Stanley has no books.', 0, 'F0001L1B2031'),
('F0001L1B2031CH03', 'Stanley is reading the book.', 0, 'F0001L1B2031'),
('F0001L1B2031CH04', 'Stanley will give the book', 0, 'F0001L1B2031'),
('F0001L1B2032CH01', 'F1T_She wants to make a fire.', 1, 'F0001L1B2032'),
('F0001L1B2032CH02', 'She wants to pay the bill.', 0, 'F0001L1B2032'),
('F0001L1B2032CH03', 'She wants to know the time.', 0, 'F0001L1B2032'),
('F0001L1B2032CH04', 'She wants to play a game.', 0, 'F0001L1B2032'),
('F0001L1B2033CH01', 'F1T_I have learned to do it.', 1, 'F0001L1B2033'),
('F0001L1B2033CH02', 'I don’t understand it.', 0, 'F0001L1B2033'),
('F0001L1B2033CH03', 'I understand very little.', 0, 'F0001L1B2033'),
('F0001L1B2033CH04', 'I don’t like to do it.', 0, 'F0001L1B2033'),
('F0001L1B2034CH01', 'F1T_He has left permanently.', 1, 'F0001L1B2034'),
('F0001L1B2034CH02', 'He has left for the time being.', 0, 'F0001L1B2034'),
('F0001L1B2034CH03', 'He left just in time.', 0, 'F0001L1B2034'),
('F0001L1B2034CH04', 'He will be back soon.', 0, 'F0001L1B2034'),
('F0001L1B2035CH01', 'F1T_Her husband paid for the call.', 1, 'F0001L1B2035'),
('F0001L1B2035CH02', 'She called him a name.', 0, 'F0001L1B2035'),
('F0001L1B2035CH03', 'She didn’t talk to her husband.', 0, 'F0001L1B2035'),
('F0001L1B2035CH04', 'Her husband called her.', 0, 'F0001L1B2035'),
('F0001L1B2036CH01', 'F1T_They will meet later.', 1, 'F0001L1B2036'),
('F0001L1B2036CH02', 'They have already met.', 0, 'F0001L1B2036'),
('F0001L1B2036CH03', 'They will not meet at all.', 0, 'F0001L1B2036'),
('F0001L1B2036CH04', 'They are meeting now.', 0, 'F0001L1B2036'),
('F0001L1B2037CH01', 'F1T_Stop, he’s not happy.', 1, 'F0001L1B2037'),
('F0001L1B2037CH02', 'Get off, he’s not happy.', 0, 'F0001L1B2037'),
('F0001L1B2037CH03', 'Continue, he’s not happy.', 0, 'F0001L1B2037'),
('F0001L1B2037CH04', 'Sing, he’s not happy.', 0, 'F0001L1B2037'),
('F0001L1B2038CH01', 'F1T_He put on the lights.', 1, 'F0001L1B2038'),
('F0001L1B2038CH02', 'He put it over the lights.', 0, 'F0001L1B2038'),
('F0001L1B2038CH03', 'He put in the lights.', 0, 'F0001L1B2038'),
('F0001L1B2038CH04', 'He put out the lights.', 0, 'F0001L1B2038'),
('F0001L1B2039CH01', 'F1T_The machine is quite noisy.', 1, 'F0001L1B2039'),
('F0001L1B2039CH02', 'The noise will be gone.', 0, 'F0001L1B2039'),
('F0001L1B2039CH03', 'The noise is irregular.', 0, 'F0001L1B2039'),
('F0001L1B2039CH04', 'The machine is very soft.', 0, 'F0001L1B2039'),
('F0001L1B2040CH01', 'F1T_It flew over the country.', 1, 'F0001L1B2040'),
('F0001L1B2040CH02', 'It flew near the country.', 0, 'F0001L1B2040'),
('F0001L1B2040CH03', 'It flew away from the country.', 0, 'F0001L1B2040'),
('F0001L1B2040CH04', 'It flew around the country.', 0, 'F0001L1B2040'),
('F0001L1B2041CH01', 'F1T_He wants to shave his beard.', 1, 'F0001L1B2041'),
('F0001L1B2041CH02', 'He wants to light a cigarette.', 0, 'F0001L1B2041'),
('F0001L1B2041CH03', 'He wants to eat breakfast.', 0, 'F0001L1B2041'),
('F0001L1B2041CH04', 'He wants to shine his shoes.', 0, 'F0001L1B2041'),
('F0001L1B2042CH01', 'F1T_It is hard for him to walk.', 1, 'F0001L1B2042'),
('F0001L1B2042CH02', 'It is hard for him to write.', 0, 'F0001L1B2042'),
('F0001L1B2042CH03', 'It is hard for him to hear.', 0, 'F0001L1B2042'),
('F0001L1B2042CH04', 'It is hard for him to speak.', 0, 'F0001L1B2042'),
('F0001L1B2043CH01', 'F1T_He should be here at eight.', 1, 'F0001L1B2043'),
('F0001L1B2043CH02', 'He won’t be here at eight.', 0, 'F0001L1B2043'),
('F0001L1B2043CH03', 'He shouldn’t be here at eight.', 0, 'F0001L1B2043'),
('F0001L1B2043CH04', 'He was here at eight.', 0, 'F0001L1B2043'),
('F0001L1B2044CH01', 'F1T_He can’t tolerate the noise.', 1, 'F0001L1B2044'),
('F0001L1B2044CH02', 'He can’t replace the noise.', 0, 'F0001L1B2044'),
('F0001L1B2044CH03', 'He can’t dislike the noise.', 0, 'F0001L1B2044'),
('F0001L1B2044CH04', 'He can’t get used to the noise.', 0, 'F0001L1B2044'),
('F0001L1B2045CH01', 'F1T_We encountered traffic.', 1, 'F0001L1B2045'),
('F0001L1B2045CH02', 'We did not see any traffic.', 0, 'F0001L1B2045'),
('F0001L1B2045CH03', 'We glanced at the traffic.', 0, 'F0001L1B2045'),
('F0001L1B2045CH04', 'We passed the traffic.', 0, 'F0001L1B2045'),
('F0001L1C1046CH01', 'F1T_She didn’t find any of it.', 1, 'F0001L1C1046'),
('F0001L1C1046CH02', 'She found some of it.', 0, 'F0001L1C1046'),
('F0001L1C1046CH03', 'She didn’t find some of it.', 0, 'F0001L1C1046'),
('F0001L1C1046CH04', 'She found half of it.', 0, 'F0001L1C1046'),
('F0001L1C1047CH01', 'F1T_An airplane leaves every hour.', 1, 'F0001L1C1047'),
('F0001L1C1047CH02', 'An airplane arrives every hour.', 0, 'F0001L1C1047'),
('F0001L1C1047CH03', 'An airplane lands every hour.', 0, 'F0001L1C1047'),
('F0001L1C1047CH04', 'An airplane is late every hour.', 0, 'F0001L1C1047'),
('F0001L1C1048CH01', 'F1T_A great number of inspectors were there.', 1, 'F0001L1C1048'),
('F0001L1C1048CH02', 'Two or three inspectors were there.', 0, 'F0001L1C1048'),
('F0001L1C1048CH03', 'Some inspectors were there.', 0, 'F0001L1C1048'),
('F0001L1C1048CH04', 'A few inspectors were there.', 0, 'F0001L1C1048'),
('F0001L1C1049CH01', 'F1T_He decided in a hurry.', 1, 'F0001L1C1049'),
('F0001L1C1049CH02', 'He hurried and made a mistake.', 0, 'F0001L1C1049'),
('F0001L1C1049CH03', 'He forgot because he was hurrying.', 0, 'F0001L1C1049'),
('F0001L1C1049CH04', 'He couldn’t decide because he was hurried.', 0, 'F0001L1C1049'),
('F0001L1C1050CH01', 'F1T_We don’t know why he did it.', 1, 'F0001L1C1050'),
('F0001L1C1050CH02', 'We don’t know where he was going.', 0, 'F0001L1C1050'),
('F0001L1C1050CH03', 'We don’t know how he did it.', 0, 'F0001L1C1050'),
('F0001L1C1050CH04', 'We don’t know who was with him.', 0, 'F0001L1C1050'),
('F0001L2A1051CH01', 'F1T_The woman saw many of her friends at the party.', 1, 'F0001L2A1051'),
('F0001L2A1051CH02', 'The woman saw the man at the party.', 0, 'F0001L2A1051'),
('F0001L2A1051CH03', 'The man’s friends were at the party.', 0, 'F0001L2A1051'),
('F0001L2A1051CH04', 'The woman had very few of her friends there.', 0, 'F0001L2A1051'),
('F0001L2A1052CH01', 'F1T_He is going to show them the place.', 1, 'F0001L2A1052'),
('F0001L2A1052CH02', 'He is going to get all the facts for them.', 0, 'F0001L2A1052'),
('F0001L2A1052CH03', 'He is going to tell them all about it.', 0, 'F0001L2A1052'),
('F0001L2A1052CH04', 'De is going to help them do it again.', 0, 'F0001L2A1052'),
('F0001L2A2053CH01', 'F1T_He wants to get something in return for the book.', 1, 'F0001L2A2053'),
('F0001L2A2053CH02', 'He wants to keep the book for himself.', 0, 'F0001L2A2053'),
('F0001L2A2053CH03', 'He wants to present the book to someone.', 0, 'F0001L2A2053'),
('F0001L2A2053CH04', 'He wants another book just like the one he has.', 0, 'F0001L2A2053'),
('F0001L2A2054CH01', 'F1T_Alice has less than ten dollars.', 1, 'F0001L2A2054'),
('F0001L2A2054CH02', 'Alice has a lot of money.', 0, 'F0001L2A2054'),
('F0001L2A2054CH03', 'Alice let Pat have the money.', 0, 'F0001L2A2054'),
('F0001L2A2054CH04', 'Alice borrowed the dollars from Pat.', 0, 'F0001L2A2054'),
('F0001L2B1055CH01', 'F1T_that she’d send a cab immediately', 1, 'F0001L2B1055'),
('F0001L2B1055CH02', 'that she couldn’t send a cab', 0, 'F0001L2B1055'),
('F0001L2B1055CH03', 'that he’d have to wait a long while', 0, 'F0001L2B1055'),
('F0001L2B1055CH04', 'that there were no cabs available', 0, 'F0001L2B1055'),
('F0001L2B1056CH01', 'F1T_She serves food.', 1, 'F0001L2B1056'),
('F0001L2B1056CH02', 'She sings songs.', 0, 'F0001L2B1056'),
('F0001L2B1056CH03', 'She makes clothing.', 0, 'F0001L2B1056'),
('F0001L2B1056CH04', 'She sells tickets.', 0, 'F0001L2B1056'),
('F0001L2B2057CH01', 'F1T_It’s in front of her.', 1, 'F0001L2B2057'),
('F0001L2B2057CH02', 'It’s in back of her.', 0, 'F0001L2B2057'),
('F0001L2B2057CH03', 'It’s across to her right.', 0, 'F0001L2B2057'),
('F0001L2B2057CH04', 'It’s toward her left.', 0, 'F0001L2B2057'),
('F0001L2B2058CH01', 'F1T_Joe opposed the project.', 1, 'F0001L2B2058'),
('F0001L2B2058CH02', 'Joe talked loudly about the project.', 0, 'F0001L2B2058'),
('F0001L2B2058CH03', 'Joe explained the project.', 0, 'F0001L2B2058'),
('F0001L2B2058CH04', 'Joe was in favor of the project.', 0, 'F0001L2B2058'),
('F0001L2C1059CH01', 'F1T_He did unsatisfactory work.', 1, 'F0001L2C1059'),
('F0001L2C1059CH02', 'He did different kinds of work.', 0, 'F0001L2C1059'),
('F0001L2C1059CH03', 'He did not have much money.', 0, 'F0001L2C1059'),
('F0001L2C1059CH04', 'He did well in his work.', 0, 'F0001L2C1059'),
('F0001L2C1060CH01', 'F1T_The man asked for a restaurant close by.', 1, 'F0001L2C1060'),
('F0001L2C1060CH02', 'The restaurant is a block away.', 0, 'F0001L2C1060'),
('F0001L2C1060CH03', 'The man will try to walk there.', 0, 'F0001L2C1060'),
('F0001L2C1060CH04', 'The woman knows exactly where the restaurant is.', 0, 'F0001L2C1060'),
('F0001R1A1061CH01', 'F1T_It was nearing the airport.', 1, 'F0001R1A1061'),
('F0001R1A1061CH02', 'It was far from the airport.', 0, 'F0001R1A1061'),
('F0001R1A1061CH03', 'It was still half way to the airport.', 0, 'F0001R1A1061'),
('F0001R1A1061CH04', 'It was flying away from the airport.', 0, 'F0001R1A1061'),
('F0001R1A1062CH01', 'F1T_Every student will take the test.', 1, 'F0001R1A1062'),
('F0001R1A1062CH02', 'No students will be tested.', 0, 'F0001R1A1062'),
('F0001R1A1062CH03', 'Some students will be tested.', 0, 'F0001R1A1062'),
('F0001R1A1062CH04', 'Each student will take a different test.', 0, 'F0001R1A1062'),
('F0001R1A1063CH01', 'F1T_Pilots must be alert and intelligent.', 1, 'F0001R1A1063'),
('F0001R1A1063CH02', 'Pilot training is very easy.', 0, 'F0001R1A1063'),
('F0001R1A1063CH03', 'Pilots don’t study hard.', 0, 'F0001R1A1063'),
('F0001R1A1063CH04', 'Learning to fly requires little coordination.', 0, 'F0001R1A1063'),
('F0001R1A1064CH01', 'F1T_at', 1, 'F0001R1A1064'),
('F0001R1A1064CH02', 'in', 0, 'F0001R1A1064'),
('F0001R1A1064CH03', 'to', 0, 'F0001R1A1064'),
('F0001R1A1064CH04', 'with', 0, 'F0001R1A1064'),
('F0001R1A1065CH01', 'F1T_Have', 1, 'F0001R1A1065'),
('F0001R1A1065CH02', 'Did', 0, 'F0001R1A1065'),
('F0001R1A1065CH03', 'Has', 0, 'F0001R1A1065'),
('F0001R1A1065CH04', 'Do', 0, 'F0001R1A1065'),
('F0001R1A1066CH01', 'F1T_those', 1, 'F0001R1A1066'),
('F0001R1A1066CH02', 'this', 0, 'F0001R1A1066'),
('F0001R1A1066CH03', 'them', 0, 'F0001R1A1066'),
('F0001R1A1066CH04', 'that', 0, 'F0001R1A1066'),
('F0001R1A1067CH01', 'F1T_sit', 1, 'F0001R1A1067'),
('F0001R1A1067CH02', 'seat', 0, 'F0001R1A1067'),
('F0001R1A1067CH03', 'sat', 0, 'F0001R1A1067'),
('F0001R1A1067CH04', 'stand', 0, 'F0001R1A1067'),
('F0001R1A1068CH01', 'F1T_some', 1, 'F0001R1A1068'),
('F0001R1A1068CH02', 'any', 0, 'F0001R1A1068'),
('F0001R1A1068CH03', 'many', 0, 'F0001R1A1068'),
('F0001R1A1068CH04', 'all', 0, 'F0001R1A1068'),
('F0001R1A2069CH01', 'F1T_until', 1, 'F0001R1A2069'),
('F0001R1A2069CH02', 'while', 0, 'F0001R1A2069'),
('F0001R1A2069CH03', 'into', 0, 'F0001R1A2069'),
('F0001R1A2069CH04', 'during', 0, 'F0001R1A2069'),
('F0001R1A2070CH01', 'F1T_otherwise', 1, 'F0001R1A2070'),
('F0001R1A2070CH02', 'instead', 0, 'F0001R1A2070'),
('F0001R1A2070CH03', 'when', 0, 'F0001R1A2070'),
('F0001R1A2070CH04', 'if', 0, 'F0001R1A2070'),
('F0001R1A2071CH01', 'F1T_noon', 1, 'F0001R1A2071'),
('F0001R1A2071CH02', 'now', 0, 'F0001R1A2071'),
('F0001R1A2071CH03', 'tomorrow', 0, 'F0001R1A2071'),
('F0001R1A2071CH04', 'sometime', 0, 'F0001R1A2071'),
('F0001R1A2072CH01', 'F1T_firmly', 1, 'F0001R1A2072'),
('F0001R1A2072CH02', 'firm', 0, 'F0001R1A2072'),
('F0001R1A2072CH03', 'firming', 0, 'F0001R1A2072'),
('F0001R1A2072CH04', 'irmed', 0, 'F0001R1A2072'),
('F0001R1A2073CH01', 'F1T_lap', 1, 'F0001R1A2073'),
('F0001R1A2073CH02', 'ear', 0, 'F0001R1A2073'),
('F0001R1A2073CH03', 'head', 0, 'F0001R1A2073'),
('F0001R1A2073CH04', 'hand', 0, 'F0001R1A2073'),
('F0001R1A2074CH01', 'F1T_themselves', 1, 'F0001R1A2074'),
('F0001R1A2074CH02', 'myself', 0, 'F0001R1A2074'),
('F0001R1A2074CH03', 'yourself', 0, 'F0001R1A2074'),
('F0001R1A2074CH04', 'ourselves', 0, 'F0001R1A2074'),
('F0001R1A2075CH01', 'F1T_in', 1, 'F0001R1A2075'),
('F0001R1A2075CH02', 'on', 0, 'F0001R1A2075'),
('F0001R1A2075CH03', 'of', 0, 'F0001R1A2075'),
('F0001R1A2075CH04', 'to', 0, 'F0001R1A2075'),
('F0001R1A2076CH01', 'F1T_might', 1, 'F0001R1A2076'),
('F0001R1A2076CH02', 'did', 0, 'F0001R1A2076'),
('F0001R1A2076CH03', 'must', 0, 'F0001R1A2076'),
('F0001R1A2076CH04', 'should', 0, 'F0001R1A2076'),
('F0001R1B1077CH01', 'F1T_that', 1, 'F0001R1B1077'),
('F0001R1B1077CH02', 'this', 0, 'F0001R1B1077'),
('F0001R1B1077CH03', 'which', 0, 'F0001R1B1077'),
('F0001R1B1077CH04', 'some', 0, 'F0001R1B1077'),
('F0001R1B1078CH01', 'F1T_to learn', 1, 'F0001R1B1078'),
('F0001R1B1078CH02', 'learn', 0, 'F0001R1B1078'),
('F0001R1B1078CH03', 'learned', 0, 'F0001R1B1078'),
('F0001R1B1078CH04', 'learning', 0, 'F0001R1B1078'),
('F0001R1B1079CH01', 'F1T_assigned', 1, 'F0001R1B1079'),
('F0001R1B1079CH02', 'will assign', 0, 'F0001R1B1079'),
('F0001R1B1079CH03', 'assigns', 0, 'F0001R1B1079'),
('F0001R1B1079CH04', 'been assigned', 0, 'F0001R1B1079'),
('F0001R1B1080CH01', 'F1T_faster', 1, 'F0001R1B1080'),
('F0001R1B1080CH02', 'more faster', 0, 'F0001R1B1080'),
('F0001R1B1080CH03', 'fastest', 0, 'F0001R1B1080'),
('F0001R1B1080CH04', 'fastly', 0, 'F0001R1B1080'),
('F0001R1B1081CH01', 'F1T_harder', 1, 'F0001R1B1081'),
('F0001R1B1081CH02', 'hardest', 0, 'F0001R1B1081'),
('F0001R1B1081CH03', 'more harder', 0, 'F0001R1B1081'),
('F0001R1B1081CH04', 'hard', 0, 'F0001R1B1081'),
('F0001R1B1082CH01', 'F1T_slower', 1, 'F0001R1B1082'),
('F0001R1B1082CH02', 'more slower', 0, 'F0001R1B1082'),
('F0001R1B1082CH03', 'slowly', 0, 'F0001R1B1082'),
('F0001R1B1082CH04', 'slowest', 0, 'F0001R1B1082'),
('F0001R1B1083CH01', 'F1T_eating', 1, 'F0001R1B1083'),
('F0001R1B1083CH02', 'eaten', 0, 'F0001R1B1083'),
('F0001R1B1083CH03', 'to eat', 0, 'F0001R1B1083'),
('F0001R1B1083CH04', 'eats', 0, 'F0001R1B1083'),
('F0001R1B1084CH01', 'F1T_be held', 1, 'F0001R1B1084'),
('F0001R1B1084CH02', 'not be held', 0, 'F0001R1B1084'),
('F0001R1B1084CH03', 'be postponed indefinitely', 0, 'F0001R1B1084'),
('F0001R1B1084CH04', 'be cancelled', 0, 'F0001R1B1084'),
('F0001R1B2085CH01', 'F1T_using', 1, 'F0001R1B2085'),
('F0001R1B2085CH02', 'use', 0, 'F0001R1B2085'),
('F0001R1B2085CH03', 'will use', 0, 'F0001R1B2085'),
('F0001R1B2085CH04', 'to use', 0, 'F0001R1B2085'),
('F0001R1B2086CH01', 'F1T_aren’t you', 1, 'F0001R1B2086'),
('F0001R1B2086CH02', 'do you', 0, 'F0001R1B2086'),
('F0001R1B2086CH03', 'don’t you', 0, 'F0001R1B2086'),
('F0001R1B2086CH04', 'are you', 0, 'F0001R1B2086'),
('F0001R1B2087CH01', 'F1T_was seen', 1, 'F0001R1B2087'),
('F0001R1B2087CH02', 'is seen', 0, 'F0001R1B2087'),
('F0001R1B2087CH03', 'seeing', 0, 'F0001R1B2087'),
('F0001R1B2087CH04', 'had seen', 0, 'F0001R1B2087'),
('F0001R1B2088CH01', 'F1T_beautiful', 1, 'F0001R1B2088'),
('F0001R1B2088CH02', 'beauty', 0, 'F0001R1B2088'),
('F0001R1B2088CH03', 'beautifully', 0, 'F0001R1B2088'),
('F0001R1B2088CH04', 'very beautiful', 0, 'F0001R1B2088'),
('F0001R1B2089CH01', 'F1T_closing', 1, 'F0001R1B2089'),
('F0001R1B2089CH02', 'to closing', 0, 'F0001R1B2089'),
('F0001R1B2089CH03', 'closed', 0, 'F0001R1B2089'),
('F0001R1B2089CH04', 'close', 0, 'F0001R1B2089'),
('F0001R1B2090CH01', 'F1T_will rain', 1, 'F0001R1B2090'),
('F0001R1B2090CH02', 'shouldn’t rain', 0, 'F0001R1B2090'),
('F0001R1B2090CH03', 'had rain', 0, 'F0001R1B2090'),
('F0001R1B2090CH04', 'raining', 0, 'F0001R1B2090'),
('F0001R1B2091CH01', 'F1T_drank', 1, 'F0001R1B2091'),
('F0001R1B2091CH02', 'has drunk', 0, 'F0001R1B2091'),
('F0001R1B2091CH03', 'is drinking', 0, 'F0001R1B2091'),
('F0001R1B2091CH04', 'drinked', 0, 'F0001R1B2091'),
('F0001R1C1092CH01', 'F1T_got over', 1, 'F0001R1C1092'),
('F0001R1C1092CH02', 'got out', 0, 'F0001R1C1092'),
('F0001R1C1092CH03', 'got back', 0, 'F0001R1C1092'),
('F0001R1C1092CH04', 'got used', 0, 'F0001R1C1092'),
('F0001R1C1093CH01', 'F1T_the most famous', 1, 'F0001R1C1093'),
('F0001R1C1093CH02', 'most famous', 0, 'F0001R1C1093'),
('F0001R1C1093CH03', 'more famous', 0, 'F0001R1C1093'),
('F0001R1C1093CH04', 'the more famous', 0, 'F0001R1C1093'),
('F0001R1C1094CH01', 'F1T_will be happy', 1, 'F0001R1C1094'),
('F0001R1C1094CH02', 'to be happy', 0, 'F0001R1C1094'),
('F0001R1C1094CH03', 'would be happy', 0, 'F0001R1C1094'),
('F0001R1C1094CH04', 'is to be happy', 0, 'F0001R1C1094'),
('F0001R1C1095CH01', 'F1T_Let’s not go', 1, 'F0001R1C1095'),
('F0001R1C1095CH02', 'Not, let’s go', 0, 'F0001R1C1095'),
('F0001R1C1095CH03', 'Let’s go out', 0, 'F0001R1C1095'),
('F0001R1C1095CH04', 'Go let’s not', 0, 'F0001R1C1095'),
('F0001R1C1096CH01', 'F1T_where the hospital is', 1, 'F0001R1C1096'),
('F0001R1C1096CH02', 'where is the hospital', 0, 'F0001R1C1096'),
('F0001R1C1096CH03', 'is where the hospital', 0, 'F0001R1C1096'),
('F0001R1C1096CH04', 'the hospital is where', 0, 'F0001R1C1096'),
('F0001R1C1097CH01', 'F1T_No, nothing else, thank you.', 1, 'F0001R1C1097'),
('F0001R1C1097CH02', 'Yes, nothing else, thank you.', 0, 'F0001R1C1097'),
('F0001R1C1097CH03', 'Yes, anything else, thank you.', 0, 'F0001R1C1097'),
('F0001R1C1097CH04', 'No, anything else, thank you.', 0, 'F0001R1C1097'),
('F0001R1C1098CH01', 'F1T_Weren’t you taught by Mr. Brown last year?', 1, 'F0001R1C1098'),
('F0001R1C1098CH02', 'Weren’t you by Mr. Brown taught last year?', 0, 'F0001R1C1098'),
('F0001R1C1098CH03', 'Weren’t you last year by Mr. Brown taught?', 0, 'F0001R1C1098'),
('F0001R1C1098CH04', 'Weren’t Mr. Brown taught by you last year?', 0, 'F0001R1C1098'),
('F0001R1C1099CH01', 'F1T_The car hit the man.', 1, 'F0001R1C1099'),
('F0001R1C1099CH02', 'The car was standing on the corner.', 0, 'F0001R1C1099'),
('F0001R1C1099CH03', 'The man went through a red light.', 0, 'F0001R1C1099'),
('F0001R1C1099CH04', 'The car hit the red light.', 0, 'F0001R1C1099'),
('F0001R1C1100CH01', 'F1T_have the clothes taken to Stella’s house', 1, 'F0001R1C1100'),
('F0001R1C1100CH02', 'put a special finish on the clothes', 0, 'F0001R1C1100'),
('F0001R1C1100CH03', 'throw the clothes away because they are too old', 0, 'F0001R1C1100'),
('F0001R1C1100CH04', 'come get Stella’s clothes to be cleaned', 0, 'F0001R1C1100'),
('F0002L1A1001CH01', 'F2T_something to eat', 1, 'F0002L1A1001'),
('F0002L1A1001CH02', 'something to wear', 0, 'F0002L1A1001'),
('F0002L1A1001CH03', 'something to read', 0, 'F0002L1A1001'),
('F0002L1A1001CH04', 'something to play', 0, 'F0002L1A1001'),
('F0002L1A1002CH01', 'F2T_delighted', 1, 'F0002L1A1002'),
('F0002L1A1002CH02', 'old', 0, 'F0002L1A1002'),
('F0002L1A1002CH03', 'funny', 0, 'F0002L1A1002'),
('F0002L1A1002CH04', 'unhappy', 0, 'F0002L1A1002'),
('F0002L1A1003CH01', 'F2T_the sun', 1, 'F0002L1A1003'),
('F0002L1A1003CH02', 'the grass', 0, 'F0002L1A1003'),
('F0002L1A1003CH03', 'the snow', 0, 'F0002L1A1003'),
('F0002L1A1003CH04', 'the ocean', 0, 'F0002L1A1003'),
('F0002L1A1004CH01', 'F2T_take medicine', 1, 'F0002L1A1004'),
('F0002L1A1004CH02', 'drink milk', 0, 'F0002L1A1004'),
('F0002L1A1004CH03', 'have an apple', 0, 'F0002L1A1004'),
('F0002L1A1004CH04', 'follow Bill', 0, 'F0002L1A1004'),
('F0002L1A1005CH01', 'F2T_“Yes, I am.”', 1, 'F0002L1A1005'),
('F0002L1A1005CH02', '“No, I’m not.”', 0, 'F0002L1A1005'),
('F0002L1A1005CH03', '“Well, maybe.”', 0, 'F0002L1A1005'),
('F0002L1A1005CH04', '“I don’t know.”', 0, 'F0002L1A1005'),
('F0002L1A1006CH01', 'F2T_the water', 1, 'F0002L1A1006'),
('F0002L1A1006CH02', 'the sky', 0, 'F0002L1A1006'),
('F0002L1A1006CH03', 'the storm', 0, 'F0002L1A1006'),
('F0002L1A1006CH04', 'the sun', 0, 'F0002L1A1006'),
('F0002L1A1007CH01', 'F2T_what its name was', 1, 'F0002L1A1007'),
('F0002L1A1007CH02', 'who owned it', 0, 'F0002L1A1007'),
('F0002L1A1007CH03', 'how to stop it', 0, 'F0002L1A1007'),
('F0002L1A1007CH04', 'where it came from', 0, 'F0002L1A1007'),
('F0002L1A1008CH01', 'F2T_after getting a haircut', 1, 'F0002L1A1008'),
('F0002L1A1008CH02', 'at the barbershop', 0, 'F0002L1A1008'),
('F0002L1A1008CH03', 'at the cafeteria', 0, 'F0002L1A1008'),
('F0002L1A1008CH04', 'after eating his lunch', 0, 'F0002L1A1008'),
('F0002L1A2009CH01', 'F2T_He quit smoking.', 1, 'F0002L1A2009'),
('F0002L1A2009CH02', 'He started smoking.', 0, 'F0002L1A2009'),
('F0002L1A2009CH03', 'He continued smoking.', 0, 'F0002L1A2009'),
('F0002L1A2009CH04', 'He finally smoked.', 0, 'F0002L1A2009'),
('F0002L1A2010CH01', 'F2T_He offered us a greeting.', 1, 'F0002L1A2010'),
('F0002L1A2010CH02', 'He hit us.', 0, 'F0002L1A2010'),
('F0002L1A2010CH03', 'He stopped smoking.', 0, 'F0002L1A2010'),
('F0002L1A2010CH04', 'He said something to us.', 0, 'F0002L1A2010'),
('F0002L1A2011CH01', 'F2T_It was sent off.', 1, 'F0002L1A2011'),
('F0002L1A2011CH02', 'It was wet.', 0, 'F0002L1A2011'),
('F0002L1A2011CH03', 'It was eaten.', 0, 'F0002L1A2011'),
('F0002L1A2011CH04', 'It was put in the store.', 0, 'F0002L1A2011'),
('F0002L1A2012CH01', 'F2T_to a social gathering', 1, 'F0002L1A2012'),
('F0002L1A2012CH02', 'to his place of work.', 0, 'F0002L1A2012'),
('F0002L1A2012CH03', 'to a sports contest', 0, 'F0002L1A2012'),
('F0002L1A2012CH04', 'to another section of town', 0, 'F0002L1A2012'),
('F0002L1A2013CH01', 'F2T_Yes, Helen told me later.', 1, 'F0002L1A2013'),
('F0002L1A2013CH02', 'No, I have not seen it.', 0, 'F0002L1A2013'),
('F0002L1A2013CH03', 'No, I know Bob very well.', 0, 'F0002L1A2013'),
('F0002L1A2013CH04', 'Yes, it happened on Tuesday.', 0, 'F0002L1A2013'),
('F0002L1A2014CH01', 'F2T_No, I didn’t disturb him.', 1, 'F0002L1A2014'),
('F0002L1A2014CH02', 'No, I’m not his brother.', 0, 'F0002L1A2014'),
('F0002L1A2014CH03', 'No, I haven’t seen him.', 0, 'F0002L1A2014'),
('F0002L1A2014CH04', 'No, he’s home in the evening.', 0, 'F0002L1A2014'),
('F0002L1A2015CH01', 'F2T_to find out the time', 1, 'F0002L1A2015'),
('F0002L1A2015CH02', 'to see where you are going', 0, 'F0002L1A2015'),
('F0002L1A2015CH03', 'to look at things far away', 0, 'F0002L1A2015'),
('F0002L1A2015CH04', 'to know where you are', 0, 'F0002L1A2015'),
('F0002L1A2016CH01', 'F2T_carry it away with him', 1, 'F0002L1A2016'),
('F0002L1A2016CH02', 'fix it so that it can’t be moved', 0, 'F0002L1A2016'),
('F0002L1A2016CH03', 'make it easier to sit in', 0, 'F0002L1A2016'),
('F0002L1A2016CH04', 'build it', 0, 'F0002L1A2016'),
('F0002L1B1017CH01', 'F2T_Yes, I heard from him.', 1, 'F0002L1B1017'),
('F0002L1B1017CH02', 'Yes, I hear from him.', 0, 'F0002L1B1017'),
('F0002L1B1017CH03', 'Yes, I hope to hear from him.', 0, 'F0002L1B1017'),
('F0002L1B1017CH04', 'Yes, I will hear from him today.', 0, 'F0002L1B1017'),
('F0002L1B1018CH01', 'F2T_Everything slides off of it.', 1, 'F0002L1B1018'),
('F0002L1B1018CH02', 'There are holes in the wood.', 0, 'F0002L1B1018'),
('F0002L1B1018CH03', 'It’s too easy to steal.', 0, 'F0002L1B1018'),
('F0002L1B1018CH04', 'It feels smooth when I touch it.', 0, 'F0002L1B1018'),
('F0002L1B1019CH01', 'F2T_No, I am getting well without it.', 1, 'F0002L1B1019'),
('F0002L1B1019CH02', 'No, I like the color the way it is.', 0, 'F0002L1B1019'),
('F0002L1B1019CH03', 'No, the house is full of them.', 0, 'F0002L1B1019'),
('F0002L1B1019CH04', 'No, the library has enough for me.', 0, 'F0002L1B1019'),
('F0002L1B1020CH01', 'F2T_He got an idea.', 1, 'F0002L1B1020'),
('F0002L1B1020CH02', 'He got a car.', 0, 'F0002L1B1020'),
('F0002L1B1020CH03', 'He got a pain.', 0, 'F0002L1B1020'),
('F0002L1B1020CH04', 'He got an office.', 0, 'F0002L1B1020'),
('F0002L1B1021CH01', 'F2T_Time seems to pass slowly.', 1, 'F0002L1B1021'),
('F0002L1B1021CH02', 'Time seems to hold you back.', 0, 'F0002L1B1021'),
('F0002L1B1021CH03', 'Time seems to pass quickly.', 0, 'F0002L1B1021'),
('F0002L1B1021CH04', 'Time seems to move fast.', 0, 'F0002L1B1021'),
('F0002L1B1022CH01', 'F2T_It will supply them.', 1, 'F0002L1B1022'),
('F0002L1B1022CH02', 'It will attack them.', 0, 'F0002L1B1022'),
('F0002L1B1022CH03', 'It will stop them.', 0, 'F0002L1B1022'),
('F0002L1B1022CH04', 'It will join them.', 0, 'F0002L1B1022'),
('F0002L1B1023CH01', 'F2T_He got a different one.', 1, 'F0002L1B1023'),
('F0002L1B1023CH02', 'He put dishes on the table.', 0, 'F0002L1B1023'),
('F0002L1B1023CH03', 'He painted it.', 0, 'F0002L1B1023'),
('F0002L1B1023CH04', 'He has two tables now.', 0, 'F0002L1B1023'),
('F0002L1B1024CH01', 'F2T_It has no curves.', 1, 'F0002L1B1024'),
('F0002L1B1024CH02', 'It is long.', 0, 'F0002L1B1024'),
('F0002L1B1024CH03', 'It is not very wide.', 0, 'F0002L1B1024'),
('F0002L1B1024CH04', 'It has many stores.', 0, 'F0002L1B1024'),
('F0002L1B1025CH01', 'F2T_He is a leader.', 1, 'F0002L1B1025'),
('F0002L1B1025CH02', 'He is a follower.', 0, 'F0002L1B1025'),
('F0002L1B1025CH03', 'He is a cook.', 0, 'F0002L1B1025'),
('F0002L1B1025CH04', 'He is a father.', 0, 'F0002L1B1025'),
('F0002L1B1026CH01', 'F2T_He studied hard.', 1, 'F0002L1B1026'),
('F0002L1B1026CH02', 'She studied hard.', 0, 'F0002L1B1026'),
('F0002L1B1026CH03', 'He will study harder.', 0, 'F0002L1B1026'),
('F0002L1B1026CH04', 'He plans to study hard.', 0, 'F0002L1B1026'),
('F0002L1B1027CH01', 'F2T_He wants to find the way.', 1, 'F0002L1B1027'),
('F0002L1B1027CH02', 'He wants a new job.', 0, 'F0002L1B1027'),
('F0002L1B1027CH03', 'He wants to see it fly.', 0, 'F0002L1B1027'),
('F0002L1B1027CH04', 'He wants to paint it.', 0, 'F0002L1B1027'),
('F0002L1B1028CH01', 'F2T_I was there only one time.', 1, 'F0002L1B1028'),
('F0002L1B1028CH02', 'I was there only two times.', 0, 'F0002L1B1028'),
('F0002L1B1028CH03', 'I was there many times.', 0, 'F0002L1B1028'),
('F0002L1B1028CH04', 'I was never there.', 0, 'F0002L1B1028'),
('F0002L1B1029CH01', 'F2T_I must tell the truth.', 1, 'F0002L1B1029'),
('F0002L1B1029CH02', 'I could tell the truth.', 0, 'F0002L1B1029'),
('F0002L1B1029CH03', 'It won’t ease my conscience.', 0, 'F0002L1B1029'),
('F0002L1B1029CH04', 'I couldn’t tell the truth.', 0, 'F0002L1B1029'),
('F0002L1B1030CH01', 'F2T_The cat cannot come in.', 1, 'F0002L1B1030'),
('F0002L1B1030CH02', 'The cat cannot come down.', 0, 'F0002L1B1030'),
('F0002L1B1030CH03', 'The cat cannot come across.', 0, 'F0002L1B1030'),
('F0002L1B1030CH04', 'The cat cannot come around.', 0, 'F0002L1B1030'),
('F0002L1B2031CH01', 'F2T_Stanley wants the book.', 1, 'F0002L1B2031'),
('F0002L1B2031CH02', 'Stanley has no books.', 0, 'F0002L1B2031'),
('F0002L1B2031CH03', 'Stanley is reading the book.', 0, 'F0002L1B2031'),
('F0002L1B2031CH04', 'Stanley will give the book', 0, 'F0002L1B2031'),
('F0002L1B2032CH01', 'F2T_She wants to make a fire.', 1, 'F0002L1B2032'),
('F0002L1B2032CH02', 'She wants to pay the bill.', 0, 'F0002L1B2032'),
('F0002L1B2032CH03', 'She wants to know the time.', 0, 'F0002L1B2032'),
('F0002L1B2032CH04', 'She wants to play a game.', 0, 'F0002L1B2032'),
('F0002L1B2033CH01', 'F2T_I have learned to do it.', 1, 'F0002L1B2033'),
('F0002L1B2033CH02', 'I don’t understand it.', 0, 'F0002L1B2033'),
('F0002L1B2033CH03', 'I understand very little.', 0, 'F0002L1B2033'),
('F0002L1B2033CH04', 'I don’t like to do it.', 0, 'F0002L1B2033'),
('F0002L1B2034CH01', 'F2T_He has left permanently.', 1, 'F0002L1B2034'),
('F0002L1B2034CH02', 'He has left for the time being.', 0, 'F0002L1B2034'),
('F0002L1B2034CH03', 'He left just in time.', 0, 'F0002L1B2034'),
('F0002L1B2034CH04', 'He will be back soon.', 0, 'F0002L1B2034'),
('F0002L1B2035CH01', 'F2T_Her husband paid for the call.', 1, 'F0002L1B2035'),
('F0002L1B2035CH02', 'She called him a name.', 0, 'F0002L1B2035'),
('F0002L1B2035CH03', 'She didn’t talk to her husband.', 0, 'F0002L1B2035'),
('F0002L1B2035CH04', 'Her husband called her.', 0, 'F0002L1B2035'),
('F0002L1B2036CH01', 'F2T_They will meet later.', 1, 'F0002L1B2036'),
('F0002L1B2036CH02', 'They have already met.', 0, 'F0002L1B2036'),
('F0002L1B2036CH03', 'They will not meet at all.', 0, 'F0002L1B2036'),
('F0002L1B2036CH04', 'They are meeting now.', 0, 'F0002L1B2036'),
('F0002L1B2037CH01', 'F2T_Stop, he’s not happy.', 1, 'F0002L1B2037'),
('F0002L1B2037CH02', 'Get off, he’s not happy.', 0, 'F0002L1B2037'),
('F0002L1B2037CH03', 'Continue, he’s not happy.', 0, 'F0002L1B2037'),
('F0002L1B2037CH04', 'Sing, he’s not happy.', 0, 'F0002L1B2037'),
('F0002L1B2038CH01', 'F2T_He put on the lights.', 1, 'F0002L1B2038'),
('F0002L1B2038CH02', 'He put it over the lights.', 0, 'F0002L1B2038'),
('F0002L1B2038CH03', 'He put in the lights.', 0, 'F0002L1B2038'),
('F0002L1B2038CH04', 'He put out the lights.', 0, 'F0002L1B2038'),
('F0002L1B2039CH01', 'F2T_The machine is quite noisy.', 1, 'F0002L1B2039'),
('F0002L1B2039CH02', 'The noise will be gone.', 0, 'F0002L1B2039'),
('F0002L1B2039CH03', 'The noise is irregular.', 0, 'F0002L1B2039'),
('F0002L1B2039CH04', 'The machine is very soft.', 0, 'F0002L1B2039'),
('F0002L1B2040CH01', 'F2T_It flew over the country.', 1, 'F0002L1B2040'),
('F0002L1B2040CH02', 'It flew near the country.', 0, 'F0002L1B2040'),
('F0002L1B2040CH03', 'It flew away from the country.', 0, 'F0002L1B2040'),
('F0002L1B2040CH04', 'It flew around the country.', 0, 'F0002L1B2040'),
('F0002L1B2041CH01', 'F2T_He wants to shave his beard.', 1, 'F0002L1B2041'),
('F0002L1B2041CH02', 'He wants to light a cigarette.', 0, 'F0002L1B2041'),
('F0002L1B2041CH03', 'He wants to eat breakfast.', 0, 'F0002L1B2041'),
('F0002L1B2041CH04', 'He wants to shine his shoes.', 0, 'F0002L1B2041'),
('F0002L1B2042CH01', 'F2T_It is hard for him to walk.', 1, 'F0002L1B2042'),
('F0002L1B2042CH02', 'It is hard for him to write.', 0, 'F0002L1B2042'),
('F0002L1B2042CH03', 'It is hard for him to hear.', 0, 'F0002L1B2042'),
('F0002L1B2042CH04', 'It is hard for him to speak.', 0, 'F0002L1B2042'),
('F0002L1B2043CH01', 'F2T_He should be here at eight.', 1, 'F0002L1B2043'),
('F0002L1B2043CH02', 'He won’t be here at eight.', 0, 'F0002L1B2043'),
('F0002L1B2043CH03', 'He shouldn’t be here at eight.', 0, 'F0002L1B2043'),
('F0002L1B2043CH04', 'He was here at eight.', 0, 'F0002L1B2043'),
('F0002L1B2044CH01', 'F2T_He can’t tolerate the noise.', 1, 'F0002L1B2044'),
('F0002L1B2044CH02', 'He can’t replace the noise.', 0, 'F0002L1B2044'),
('F0002L1B2044CH03', 'He can’t dislike the noise.', 0, 'F0002L1B2044'),
('F0002L1B2044CH04', 'He can’t get used to the noise.', 0, 'F0002L1B2044'),
('F0002L1B2045CH01', 'F2T_We encountered traffic.', 1, 'F0002L1B2045'),
('F0002L1B2045CH02', 'We did not see any traffic.', 0, 'F0002L1B2045'),
('F0002L1B2045CH03', 'We glanced at the traffic.', 0, 'F0002L1B2045'),
('F0002L1B2045CH04', 'We passed the traffic.', 0, 'F0002L1B2045'),
('F0002L1C1046CH01', 'F2T_She didn’t find any of it.', 1, 'F0002L1C1046'),
('F0002L1C1046CH02', 'She found some of it.', 0, 'F0002L1C1046'),
('F0002L1C1046CH03', 'She didn’t find some of it.', 0, 'F0002L1C1046'),
('F0002L1C1046CH04', 'She found half of it.', 0, 'F0002L1C1046'),
('F0002L1C1047CH01', 'F2T_An airplane leaves every hour.', 1, 'F0002L1C1047'),
('F0002L1C1047CH02', 'An airplane arrives every hour.', 0, 'F0002L1C1047'),
('F0002L1C1047CH03', 'An airplane lands every hour.', 0, 'F0002L1C1047'),
('F0002L1C1047CH04', 'An airplane is late every hour.', 0, 'F0002L1C1047'),
('F0002L1C1048CH01', 'F2T_A great number of inspectors were there.', 1, 'F0002L1C1048'),
('F0002L1C1048CH02', 'Two or three inspectors were there.', 0, 'F0002L1C1048'),
('F0002L1C1048CH03', 'Some inspectors were there.', 0, 'F0002L1C1048'),
('F0002L1C1048CH04', 'A few inspectors were there.', 0, 'F0002L1C1048'),
('F0002L1C1049CH01', 'F2T_He decided in a hurry.', 1, 'F0002L1C1049'),
('F0002L1C1049CH02', 'He hurried and made a mistake.', 0, 'F0002L1C1049'),
('F0002L1C1049CH03', 'He forgot because he was hurrying.', 0, 'F0002L1C1049'),
('F0002L1C1049CH04', 'He couldn’t decide because he was hurried.', 0, 'F0002L1C1049'),
('F0002L1C1050CH01', 'F2T_We don’t know why he did it.', 1, 'F0002L1C1050'),
('F0002L1C1050CH02', 'We don’t know where he was going.', 0, 'F0002L1C1050'),
('F0002L1C1050CH03', 'We don’t know how he did it.', 0, 'F0002L1C1050'),
('F0002L1C1050CH04', 'We don’t know who was with him.', 0, 'F0002L1C1050'),
('F0002L2A1051CH01', 'F2T_The woman saw many of her friends at the party.', 1, 'F0002L2A1051'),
('F0002L2A1051CH02', 'The woman saw the man at the party.', 0, 'F0002L2A1051'),
('F0002L2A1051CH03', 'The man’s friends were at the party.', 0, 'F0002L2A1051'),
('F0002L2A1051CH04', 'The woman had very few of her friends there.', 0, 'F0002L2A1051'),
('F0002L2A1052CH01', 'F2T_He is going to show them the place.', 1, 'F0002L2A1052'),
('F0002L2A1052CH02', 'He is going to get all the facts for them.', 0, 'F0002L2A1052'),
('F0002L2A1052CH03', 'He is going to tell them all about it.', 0, 'F0002L2A1052'),
('F0002L2A1052CH04', 'De is going to help them do it again.', 0, 'F0002L2A1052'),
('F0002L2A2053CH01', 'F2T_He wants to get something in return for the book.', 1, 'F0002L2A2053'),
('F0002L2A2053CH02', 'He wants to keep the book for himself.', 0, 'F0002L2A2053'),
('F0002L2A2053CH03', 'He wants to present the book to someone.', 0, 'F0002L2A2053'),
('F0002L2A2053CH04', 'He wants another book just like the one he has.', 0, 'F0002L2A2053'),
('F0002L2A2054CH01', 'F2T_Alice has less than ten dollars.', 1, 'F0002L2A2054'),
('F0002L2A2054CH02', 'Alice has a lot of money.', 0, 'F0002L2A2054'),
('F0002L2A2054CH03', 'Alice let Pat have the money.', 0, 'F0002L2A2054'),
('F0002L2A2054CH04', 'Alice borrowed the dollars from Pat.', 0, 'F0002L2A2054'),
('F0002L2B1055CH01', 'F2T_that she’d send a cab immediately', 1, 'F0002L2B1055'),
('F0002L2B1055CH02', 'that she couldn’t send a cab', 0, 'F0002L2B1055'),
('F0002L2B1055CH03', 'that he’d have to wait a long while', 0, 'F0002L2B1055'),
('F0002L2B1055CH04', 'that there were no cabs available', 0, 'F0002L2B1055'),
('F0002L2B1056CH01', 'F2T_She serves food.', 1, 'F0002L2B1056'),
('F0002L2B1056CH02', 'She sings songs.', 0, 'F0002L2B1056'),
('F0002L2B1056CH03', 'She makes clothing.', 0, 'F0002L2B1056'),
('F0002L2B1056CH04', 'She sells tickets.', 0, 'F0002L2B1056'),
('F0002L2B2057CH01', 'F2T_It’s in front of her.', 1, 'F0002L2B2057'),
('F0002L2B2057CH02', 'It’s in back of her.', 0, 'F0002L2B2057'),
('F0002L2B2057CH03', 'It’s across to her right.', 0, 'F0002L2B2057'),
('F0002L2B2057CH04', 'It’s toward her left.', 0, 'F0002L2B2057'),
('F0002L2B2058CH01', 'F2T_Joe opposed the project.', 1, 'F0002L2B2058'),
('F0002L2B2058CH02', 'Joe talked loudly about the project.', 0, 'F0002L2B2058'),
('F0002L2B2058CH03', 'Joe explained the project.', 0, 'F0002L2B2058'),
('F0002L2B2058CH04', 'Joe was in favor of the project.', 0, 'F0002L2B2058'),
('F0002L2C1059CH01', 'F2T_He did unsatisfactory work.', 1, 'F0002L2C1059'),
('F0002L2C1059CH02', 'He did different kinds of work.', 0, 'F0002L2C1059'),
('F0002L2C1059CH03', 'He did not have much money.', 0, 'F0002L2C1059'),
('F0002L2C1059CH04', 'He did well in his work.', 0, 'F0002L2C1059'),
('F0002L2C1060CH01', 'F2T_The man asked for a restaurant close by.', 1, 'F0002L2C1060'),
('F0002L2C1060CH02', 'The restaurant is a block away.', 0, 'F0002L2C1060'),
('F0002L2C1060CH03', 'The man will try to walk there.', 0, 'F0002L2C1060'),
('F0002L2C1060CH04', 'The woman knows exactly where the restaurant is.', 0, 'F0002L2C1060'),
('F0002R1A1061CH01', 'F2T_It was nearing the airport.', 1, 'F0002R1A1061'),
('F0002R1A1061CH02', 'It was far from the airport.', 0, 'F0002R1A1061'),
('F0002R1A1061CH03', 'It was still half way to the airport.', 0, 'F0002R1A1061'),
('F0002R1A1061CH04', 'It was flying away from the airport.', 0, 'F0002R1A1061'),
('F0002R1A1062CH01', 'F2T_Every student will take the test.', 1, 'F0002R1A1062'),
('F0002R1A1062CH02', 'No students will be tested.', 0, 'F0002R1A1062'),
('F0002R1A1062CH03', 'Some students will be tested.', 0, 'F0002R1A1062'),
('F0002R1A1062CH04', 'Each student will take a different test.', 0, 'F0002R1A1062'),
('F0002R1A1063CH01', 'F2T_Pilots must be alert and intelligent.', 1, 'F0002R1A1063'),
('F0002R1A1063CH02', 'Pilot training is very easy.', 0, 'F0002R1A1063'),
('F0002R1A1063CH03', 'Pilots don’t study hard.', 0, 'F0002R1A1063'),
('F0002R1A1063CH04', 'Learning to fly requires little coordination.', 0, 'F0002R1A1063'),
('F0002R1A1064CH01', 'F2T_at', 1, 'F0002R1A1064'),
('F0002R1A1064CH02', 'in', 0, 'F0002R1A1064'),
('F0002R1A1064CH03', 'to', 0, 'F0002R1A1064'),
('F0002R1A1064CH04', 'with', 0, 'F0002R1A1064'),
('F0002R1A1065CH01', 'F2T_Have', 1, 'F0002R1A1065'),
('F0002R1A1065CH02', 'Did', 0, 'F0002R1A1065'),
('F0002R1A1065CH03', 'Has', 0, 'F0002R1A1065'),
('F0002R1A1065CH04', 'Do', 0, 'F0002R1A1065'),
('F0002R1A1066CH01', 'F2T_those', 1, 'F0002R1A1066'),
('F0002R1A1066CH02', 'this', 0, 'F0002R1A1066'),
('F0002R1A1066CH03', 'them', 0, 'F0002R1A1066'),
('F0002R1A1066CH04', 'that', 0, 'F0002R1A1066'),
('F0002R1A1067CH01', 'F2T_sit', 1, 'F0002R1A1067'),
('F0002R1A1067CH02', 'seat', 0, 'F0002R1A1067'),
('F0002R1A1067CH03', 'sat', 0, 'F0002R1A1067'),
('F0002R1A1067CH04', 'stand', 0, 'F0002R1A1067'),
('F0002R1A1068CH01', 'F2T_some', 1, 'F0002R1A1068'),
('F0002R1A1068CH02', 'any', 0, 'F0002R1A1068'),
('F0002R1A1068CH03', 'many', 0, 'F0002R1A1068'),
('F0002R1A1068CH04', 'all', 0, 'F0002R1A1068'),
('F0002R1A2069CH01', 'F2T_until', 1, 'F0002R1A2069'),
('F0002R1A2069CH02', 'while', 0, 'F0002R1A2069'),
('F0002R1A2069CH03', 'into', 0, 'F0002R1A2069'),
('F0002R1A2069CH04', 'during', 0, 'F0002R1A2069'),
('F0002R1A2070CH01', 'F2T_otherwise', 1, 'F0002R1A2070'),
('F0002R1A2070CH02', 'instead', 0, 'F0002R1A2070'),
('F0002R1A2070CH03', 'when', 0, 'F0002R1A2070'),
('F0002R1A2070CH04', 'if', 0, 'F0002R1A2070'),
('F0002R1A2071CH01', 'F2T_noon', 1, 'F0002R1A2071'),
('F0002R1A2071CH02', 'now', 0, 'F0002R1A2071'),
('F0002R1A2071CH03', 'tomorrow', 0, 'F0002R1A2071'),
('F0002R1A2071CH04', 'sometime', 0, 'F0002R1A2071'),
('F0002R1A2072CH01', 'F2T_firmly', 1, 'F0002R1A2072'),
('F0002R1A2072CH02', 'firm', 0, 'F0002R1A2072'),
('F0002R1A2072CH03', 'firming', 0, 'F0002R1A2072'),
('F0002R1A2072CH04', 'irmed', 0, 'F0002R1A2072'),
('F0002R1A2073CH01', 'F2T_lap', 1, 'F0002R1A2073'),
('F0002R1A2073CH02', 'ear', 0, 'F0002R1A2073'),
('F0002R1A2073CH03', 'head', 0, 'F0002R1A2073'),
('F0002R1A2073CH04', 'hand', 0, 'F0002R1A2073'),
('F0002R1A2074CH01', 'F2T_themselves', 1, 'F0002R1A2074'),
('F0002R1A2074CH02', 'myself', 0, 'F0002R1A2074'),
('F0002R1A2074CH03', 'yourself', 0, 'F0002R1A2074'),
('F0002R1A2074CH04', 'ourselves', 0, 'F0002R1A2074'),
('F0002R1A2075CH01', 'F2T_in', 1, 'F0002R1A2075'),
('F0002R1A2075CH02', 'on', 0, 'F0002R1A2075'),
('F0002R1A2075CH03', 'of', 0, 'F0002R1A2075'),
('F0002R1A2075CH04', 'to', 0, 'F0002R1A2075'),
('F0002R1A2076CH01', 'F2T_might', 1, 'F0002R1A2076'),
('F0002R1A2076CH02', 'did', 0, 'F0002R1A2076'),
('F0002R1A2076CH03', 'must', 0, 'F0002R1A2076'),
('F0002R1A2076CH04', 'should', 0, 'F0002R1A2076'),
('F0002R1B1077CH01', 'F2T_that', 1, 'F0002R1B1077'),
('F0002R1B1077CH02', 'this', 0, 'F0002R1B1077'),
('F0002R1B1077CH03', 'which', 0, 'F0002R1B1077'),
('F0002R1B1077CH04', 'some', 0, 'F0002R1B1077'),
('F0002R1B1078CH01', 'F2T_to learn', 1, 'F0002R1B1078'),
('F0002R1B1078CH02', 'learn', 0, 'F0002R1B1078'),
('F0002R1B1078CH03', 'learned', 0, 'F0002R1B1078'),
('F0002R1B1078CH04', 'learning', 0, 'F0002R1B1078'),
('F0002R1B1079CH01', 'F2T_assigned', 1, 'F0002R1B1079'),
('F0002R1B1079CH02', 'will assign', 0, 'F0002R1B1079'),
('F0002R1B1079CH03', 'assigns', 0, 'F0002R1B1079'),
('F0002R1B1079CH04', 'been assigned', 0, 'F0002R1B1079'),
('F0002R1B1080CH01', 'F2T_faster', 1, 'F0002R1B1080'),
('F0002R1B1080CH02', 'more faster', 0, 'F0002R1B1080'),
('F0002R1B1080CH03', 'fastest', 0, 'F0002R1B1080'),
('F0002R1B1080CH04', 'fastly', 0, 'F0002R1B1080'),
('F0002R1B1081CH01', 'F2T_harder', 1, 'F0002R1B1081'),
('F0002R1B1081CH02', 'hardest', 0, 'F0002R1B1081'),
('F0002R1B1081CH03', 'more harder', 0, 'F0002R1B1081'),
('F0002R1B1081CH04', 'hard', 0, 'F0002R1B1081'),
('F0002R1B1082CH01', 'F2T_slower', 1, 'F0002R1B1082'),
('F0002R1B1082CH02', 'more slower', 0, 'F0002R1B1082'),
('F0002R1B1082CH03', 'slowly', 0, 'F0002R1B1082'),
('F0002R1B1082CH04', 'slowest', 0, 'F0002R1B1082'),
('F0002R1B1083CH01', 'F2T_eating', 1, 'F0002R1B1083'),
('F0002R1B1083CH02', 'eaten', 0, 'F0002R1B1083'),
('F0002R1B1083CH03', 'to eat', 0, 'F0002R1B1083'),
('F0002R1B1083CH04', 'eats', 0, 'F0002R1B1083'),
('F0002R1B1084CH01', 'F2T_be held', 1, 'F0002R1B1084'),
('F0002R1B1084CH02', 'not be held', 0, 'F0002R1B1084'),
('F0002R1B1084CH03', 'be postponed indefinitely', 0, 'F0002R1B1084'),
('F0002R1B1084CH04', 'be cancelled', 0, 'F0002R1B1084'),
('F0002R1B2085CH01', 'F2T_using', 1, 'F0002R1B2085'),
('F0002R1B2085CH02', 'use', 0, 'F0002R1B2085'),
('F0002R1B2085CH03', 'will use', 0, 'F0002R1B2085'),
('F0002R1B2085CH04', 'to use', 0, 'F0002R1B2085'),
('F0002R1B2086CH01', 'F2T_aren’t you', 1, 'F0002R1B2086'),
('F0002R1B2086CH02', 'do you', 0, 'F0002R1B2086'),
('F0002R1B2086CH03', 'don’t you', 0, 'F0002R1B2086'),
('F0002R1B2086CH04', 'are you', 0, 'F0002R1B2086'),
('F0002R1B2087CH01', 'F2T_was seen', 1, 'F0002R1B2087'),
('F0002R1B2087CH02', 'is seen', 0, 'F0002R1B2087'),
('F0002R1B2087CH03', 'seeing', 0, 'F0002R1B2087'),
('F0002R1B2087CH04', 'had seen', 0, 'F0002R1B2087'),
('F0002R1B2088CH01', 'F2T_beautiful', 1, 'F0002R1B2088'),
('F0002R1B2088CH02', 'beauty', 0, 'F0002R1B2088'),
('F0002R1B2088CH03', 'beautifully', 0, 'F0002R1B2088'),
('F0002R1B2088CH04', 'very beautiful', 0, 'F0002R1B2088'),
('F0002R1B2089CH01', 'F2T_closing', 1, 'F0002R1B2089'),
('F0002R1B2089CH02', 'to closing', 0, 'F0002R1B2089'),
('F0002R1B2089CH03', 'closed', 0, 'F0002R1B2089'),
('F0002R1B2089CH04', 'close', 0, 'F0002R1B2089'),
('F0002R1B2090CH01', 'F2T_will rain', 1, 'F0002R1B2090'),
('F0002R1B2090CH02', 'shouldn’t rain', 0, 'F0002R1B2090'),
('F0002R1B2090CH03', 'had rain', 0, 'F0002R1B2090'),
('F0002R1B2090CH04', 'raining', 0, 'F0002R1B2090'),
('F0002R1B2091CH01', 'F2T_drank', 1, 'F0002R1B2091'),
('F0002R1B2091CH02', 'has drunk', 0, 'F0002R1B2091'),
('F0002R1B2091CH03', 'is drinking', 0, 'F0002R1B2091'),
('F0002R1B2091CH04', 'drinked', 0, 'F0002R1B2091'),
('F0002R1C1092CH01', 'F2T_got over', 1, 'F0002R1C1092'),
('F0002R1C1092CH02', 'got out', 0, 'F0002R1C1092'),
('F0002R1C1092CH03', 'got back', 0, 'F0002R1C1092'),
('F0002R1C1092CH04', 'got used', 0, 'F0002R1C1092'),
('F0002R1C1093CH01', 'F2T_the most famous', 1, 'F0002R1C1093'),
('F0002R1C1093CH02', 'most famous', 0, 'F0002R1C1093'),
('F0002R1C1093CH03', 'more famous', 0, 'F0002R1C1093'),
('F0002R1C1093CH04', 'the more famous', 0, 'F0002R1C1093'),
('F0002R1C1094CH01', 'F2T_will be happy', 1, 'F0002R1C1094'),
('F0002R1C1094CH02', 'to be happy', 0, 'F0002R1C1094'),
('F0002R1C1094CH03', 'would be happy', 0, 'F0002R1C1094'),
('F0002R1C1094CH04', 'is to be happy', 0, 'F0002R1C1094'),
('F0002R1C1095CH01', 'F2T_Let’s not go', 1, 'F0002R1C1095'),
('F0002R1C1095CH02', 'Not, let’s go', 0, 'F0002R1C1095'),
('F0002R1C1095CH03', 'Let’s go out', 0, 'F0002R1C1095'),
('F0002R1C1095CH04', 'Go let’s not', 0, 'F0002R1C1095'),
('F0002R1C1096CH01', 'F2T_where the hospital is', 1, 'F0002R1C1096'),
('F0002R1C1096CH02', 'where is the hospital', 0, 'F0002R1C1096'),
('F0002R1C1096CH03', 'is where the hospital', 0, 'F0002R1C1096'),
('F0002R1C1096CH04', 'the hospital is where', 0, 'F0002R1C1096'),
('F0002R1C1097CH01', 'F2T_No, nothing else, thank you.', 1, 'F0002R1C1097'),
('F0002R1C1097CH02', 'Yes, nothing else, thank you.', 0, 'F0002R1C1097'),
('F0002R1C1097CH03', 'Yes, anything else, thank you.', 0, 'F0002R1C1097'),
('F0002R1C1097CH04', 'No, anything else, thank you.', 0, 'F0002R1C1097'),
('F0002R1C1098CH01', 'F2T_Weren’t you taught by Mr. Brown last year?', 1, 'F0002R1C1098'),
('F0002R1C1098CH02', 'Weren’t you by Mr. Brown taught last year?', 0, 'F0002R1C1098'),
('F0002R1C1098CH03', 'Weren’t you last year by Mr. Brown taught?', 0, 'F0002R1C1098'),
('F0002R1C1098CH04', 'Weren’t Mr. Brown taught by you last year?', 0, 'F0002R1C1098'),
('F0002R1C1099CH01', 'F2T_The car hit the man.', 1, 'F0002R1C1099');
INSERT INTO `tbchoice` (`choicecode`, `choicetext`, `answer`, `questioncode`) VALUES
('F0002R1C1099CH02', 'The car was standing on the corner.', 0, 'F0002R1C1099'),
('F0002R1C1099CH03', 'The man went through a red light.', 0, 'F0002R1C1099'),
('F0002R1C1099CH04', 'The car hit the red light.', 0, 'F0002R1C1099'),
('F0002R1C1100CH01', 'F2T_have the clothes taken to Stella’s house', 1, 'F0002R1C1100'),
('F0002R1C1100CH02', 'put a special finish on the clothes', 0, 'F0002R1C1100'),
('F0002R1C1100CH03', 'throw the clothes away because they are too old', 0, 'F0002R1C1100'),
('F0002R1C1100CH04', 'come get Stella’s clothes to be cleaned', 0, 'F0002R1C1100'),
('F0003L1A1001CH01', 'F3T_something to eat', 1, 'F0003L1A1001'),
('F0003L1A1001CH02', 'something to wear', 0, 'F0003L1A1001'),
('F0003L1A1001CH03', 'something to read', 0, 'F0003L1A1001'),
('F0003L1A1001CH04', 'something to play', 0, 'F0003L1A1001'),
('F0003L1A1002CH01', 'F3T_delighted', 1, 'F0003L1A1002'),
('F0003L1A1002CH02', 'old', 0, 'F0003L1A1002'),
('F0003L1A1002CH03', 'funny', 0, 'F0003L1A1002'),
('F0003L1A1002CH04', 'unhappy', 0, 'F0003L1A1002'),
('F0003L1A1003CH01', 'F3T_the sun', 1, 'F0003L1A1003'),
('F0003L1A1003CH02', 'the grass', 0, 'F0003L1A1003'),
('F0003L1A1003CH03', 'the snow', 0, 'F0003L1A1003'),
('F0003L1A1003CH04', 'the ocean', 0, 'F0003L1A1003'),
('F0003L1A1004CH01', 'F3T_take medicine', 1, 'F0003L1A1004'),
('F0003L1A1004CH02', 'drink milk', 0, 'F0003L1A1004'),
('F0003L1A1004CH03', 'have an apple', 0, 'F0003L1A1004'),
('F0003L1A1004CH04', 'follow Bill', 0, 'F0003L1A1004'),
('F0003L1A1005CH01', 'F3T_“Yes, I am.”', 1, 'F0003L1A1005'),
('F0003L1A1005CH02', '“No, I’m not.”', 0, 'F0003L1A1005'),
('F0003L1A1005CH03', '“Well, maybe.”', 0, 'F0003L1A1005'),
('F0003L1A1005CH04', '“I don’t know.”', 0, 'F0003L1A1005'),
('F0003L1A1006CH01', 'F3T_the water', 1, 'F0003L1A1006'),
('F0003L1A1006CH02', 'the sky', 0, 'F0003L1A1006'),
('F0003L1A1006CH03', 'the storm', 0, 'F0003L1A1006'),
('F0003L1A1006CH04', 'the sun', 0, 'F0003L1A1006'),
('F0003L1A1007CH01', 'F3T_what its name was', 1, 'F0003L1A1007'),
('F0003L1A1007CH02', 'who owned it', 0, 'F0003L1A1007'),
('F0003L1A1007CH03', 'how to stop it', 0, 'F0003L1A1007'),
('F0003L1A1007CH04', 'where it came from', 0, 'F0003L1A1007'),
('F0003L1A1008CH01', 'F3T_after getting a haircut', 1, 'F0003L1A1008'),
('F0003L1A1008CH02', 'at the barbershop', 0, 'F0003L1A1008'),
('F0003L1A1008CH03', 'at the cafeteria', 0, 'F0003L1A1008'),
('F0003L1A1008CH04', 'after eating his lunch', 0, 'F0003L1A1008'),
('F0003L1A2009CH01', 'F3T_He quit smoking.', 1, 'F0003L1A2009'),
('F0003L1A2009CH02', 'He started smoking.', 0, 'F0003L1A2009'),
('F0003L1A2009CH03', 'He continued smoking.', 0, 'F0003L1A2009'),
('F0003L1A2009CH04', 'He finally smoked.', 0, 'F0003L1A2009'),
('F0003L1A2010CH01', 'F3T_He offered us a greeting.', 1, 'F0003L1A2010'),
('F0003L1A2010CH02', 'He hit us.', 0, 'F0003L1A2010'),
('F0003L1A2010CH03', 'He stopped smoking.', 0, 'F0003L1A2010'),
('F0003L1A2010CH04', 'He said something to us.', 0, 'F0003L1A2010'),
('F0003L1A2011CH01', 'F3T_It was sent off.', 1, 'F0003L1A2011'),
('F0003L1A2011CH02', 'It was wet.', 0, 'F0003L1A2011'),
('F0003L1A2011CH03', 'It was eaten.', 0, 'F0003L1A2011'),
('F0003L1A2011CH04', 'It was put in the store.', 0, 'F0003L1A2011'),
('F0003L1A2012CH01', 'F3T_to a social gathering', 1, 'F0003L1A2012'),
('F0003L1A2012CH02', 'to his place of work.', 0, 'F0003L1A2012'),
('F0003L1A2012CH03', 'to a sports contest', 0, 'F0003L1A2012'),
('F0003L1A2012CH04', 'to another section of town', 0, 'F0003L1A2012'),
('F0003L1A2013CH01', 'F3T_Yes, Helen told me later.', 1, 'F0003L1A2013'),
('F0003L1A2013CH02', 'No, I have not seen it.', 0, 'F0003L1A2013'),
('F0003L1A2013CH03', 'No, I know Bob very well.', 0, 'F0003L1A2013'),
('F0003L1A2013CH04', 'Yes, it happened on Tuesday.', 0, 'F0003L1A2013'),
('F0003L1A2014CH01', 'F3T_No, I didn’t disturb him.', 1, 'F0003L1A2014'),
('F0003L1A2014CH02', 'No, I’m not his brother.', 0, 'F0003L1A2014'),
('F0003L1A2014CH03', 'No, I haven’t seen him.', 0, 'F0003L1A2014'),
('F0003L1A2014CH04', 'No, he’s home in the evening.', 0, 'F0003L1A2014'),
('F0003L1A2015CH01', 'F3T_to find out the time', 1, 'F0003L1A2015'),
('F0003L1A2015CH02', 'to see where you are going', 0, 'F0003L1A2015'),
('F0003L1A2015CH03', 'to look at things far away', 0, 'F0003L1A2015'),
('F0003L1A2015CH04', 'to know where you are', 0, 'F0003L1A2015'),
('F0003L1A2016CH01', 'F3T_carry it away with him', 1, 'F0003L1A2016'),
('F0003L1A2016CH02', 'fix it so that it can’t be moved', 0, 'F0003L1A2016'),
('F0003L1A2016CH03', 'make it easier to sit in', 0, 'F0003L1A2016'),
('F0003L1A2016CH04', 'build it', 0, 'F0003L1A2016'),
('F0003L1B1017CH01', 'F3T_Yes, I heard from him.', 1, 'F0003L1B1017'),
('F0003L1B1017CH02', 'Yes, I hear from him.', 0, 'F0003L1B1017'),
('F0003L1B1017CH03', 'Yes, I hope to hear from him.', 0, 'F0003L1B1017'),
('F0003L1B1017CH04', 'Yes, I will hear from him today.', 0, 'F0003L1B1017'),
('F0003L1B1018CH01', 'F3T_Everything slides off of it.', 1, 'F0003L1B1018'),
('F0003L1B1018CH02', 'There are holes in the wood.', 0, 'F0003L1B1018'),
('F0003L1B1018CH03', 'It’s too easy to steal.', 0, 'F0003L1B1018'),
('F0003L1B1018CH04', 'It feels smooth when I touch it.', 0, 'F0003L1B1018'),
('F0003L1B1019CH01', 'F3T_No, I am getting well without it.', 1, 'F0003L1B1019'),
('F0003L1B1019CH02', 'No, I like the color the way it is.', 0, 'F0003L1B1019'),
('F0003L1B1019CH03', 'No, the house is full of them.', 0, 'F0003L1B1019'),
('F0003L1B1019CH04', 'No, the library has enough for me.', 0, 'F0003L1B1019'),
('F0003L1B1020CH01', 'F3T_He got an idea.', 1, 'F0003L1B1020'),
('F0003L1B1020CH02', 'He got a car.', 0, 'F0003L1B1020'),
('F0003L1B1020CH03', 'He got a pain.', 0, 'F0003L1B1020'),
('F0003L1B1020CH04', 'He got an office.', 0, 'F0003L1B1020'),
('F0003L1B1021CH01', 'F3T_Time seems to pass slowly.', 1, 'F0003L1B1021'),
('F0003L1B1021CH02', 'Time seems to hold you back.', 0, 'F0003L1B1021'),
('F0003L1B1021CH03', 'Time seems to pass quickly.', 0, 'F0003L1B1021'),
('F0003L1B1021CH04', 'Time seems to move fast.', 0, 'F0003L1B1021'),
('F0003L1B1022CH01', 'F3T_It will supply them.', 1, 'F0003L1B1022'),
('F0003L1B1022CH02', 'It will attack them.', 0, 'F0003L1B1022'),
('F0003L1B1022CH03', 'It will stop them.', 0, 'F0003L1B1022'),
('F0003L1B1022CH04', 'It will join them.', 0, 'F0003L1B1022'),
('F0003L1B1023CH01', 'F3T_He got a different one.', 1, 'F0003L1B1023'),
('F0003L1B1023CH02', 'He put dishes on the table.', 0, 'F0003L1B1023'),
('F0003L1B1023CH03', 'He painted it.', 0, 'F0003L1B1023'),
('F0003L1B1023CH04', 'He has two tables now.', 0, 'F0003L1B1023'),
('F0003L1B1024CH01', 'F3T_It has no curves.', 1, 'F0003L1B1024'),
('F0003L1B1024CH02', 'It is long.', 0, 'F0003L1B1024'),
('F0003L1B1024CH03', 'It is not very wide.', 0, 'F0003L1B1024'),
('F0003L1B1024CH04', 'It has many stores.', 0, 'F0003L1B1024'),
('F0003L1B1025CH01', 'F3T_He is a leader.', 1, 'F0003L1B1025'),
('F0003L1B1025CH02', 'He is a follower.', 0, 'F0003L1B1025'),
('F0003L1B1025CH03', 'He is a cook.', 0, 'F0003L1B1025'),
('F0003L1B1025CH04', 'He is a father.', 0, 'F0003L1B1025'),
('F0003L1B1026CH01', 'F3T_He studied hard.', 1, 'F0003L1B1026'),
('F0003L1B1026CH02', 'She studied hard.', 0, 'F0003L1B1026'),
('F0003L1B1026CH03', 'He will study harder.', 0, 'F0003L1B1026'),
('F0003L1B1026CH04', 'He plans to study hard.', 0, 'F0003L1B1026'),
('F0003L1B1027CH01', 'F3T_He wants to find the way.', 1, 'F0003L1B1027'),
('F0003L1B1027CH02', 'He wants a new job.', 0, 'F0003L1B1027'),
('F0003L1B1027CH03', 'He wants to see it fly.', 0, 'F0003L1B1027'),
('F0003L1B1027CH04', 'He wants to paint it.', 0, 'F0003L1B1027'),
('F0003L1B1028CH01', 'F3T_I was there only one time.', 1, 'F0003L1B1028'),
('F0003L1B1028CH02', 'I was there only two times.', 0, 'F0003L1B1028'),
('F0003L1B1028CH03', 'I was there many times.', 0, 'F0003L1B1028'),
('F0003L1B1028CH04', 'I was never there.', 0, 'F0003L1B1028'),
('F0003L1B1029CH01', 'F3T_I must tell the truth.', 1, 'F0003L1B1029'),
('F0003L1B1029CH02', 'I could tell the truth.', 0, 'F0003L1B1029'),
('F0003L1B1029CH03', 'It won’t ease my conscience.', 0, 'F0003L1B1029'),
('F0003L1B1029CH04', 'I couldn’t tell the truth.', 0, 'F0003L1B1029'),
('F0003L1B1030CH01', 'F3T_The cat cannot come in.', 1, 'F0003L1B1030'),
('F0003L1B1030CH02', 'The cat cannot come down.', 0, 'F0003L1B1030'),
('F0003L1B1030CH03', 'The cat cannot come across.', 0, 'F0003L1B1030'),
('F0003L1B1030CH04', 'The cat cannot come around.', 0, 'F0003L1B1030'),
('F0003L1B2031CH01', 'F3T_Stanley wants the book.', 1, 'F0003L1B2031'),
('F0003L1B2031CH02', 'Stanley has no books.', 0, 'F0003L1B2031'),
('F0003L1B2031CH03', 'Stanley is reading the book.', 0, 'F0003L1B2031'),
('F0003L1B2031CH04', 'Stanley will give the book', 0, 'F0003L1B2031'),
('F0003L1B2032CH01', 'F3T_She wants to make a fire.', 1, 'F0003L1B2032'),
('F0003L1B2032CH02', 'She wants to pay the bill.', 0, 'F0003L1B2032'),
('F0003L1B2032CH03', 'She wants to know the time.', 0, 'F0003L1B2032'),
('F0003L1B2032CH04', 'She wants to play a game.', 0, 'F0003L1B2032'),
('F0003L1B2033CH01', 'F3T_I have learned to do it.', 1, 'F0003L1B2033'),
('F0003L1B2033CH02', 'I don’t understand it.', 0, 'F0003L1B2033'),
('F0003L1B2033CH03', 'I understand very little.', 0, 'F0003L1B2033'),
('F0003L1B2033CH04', 'I don’t like to do it.', 0, 'F0003L1B2033'),
('F0003L1B2034CH01', 'F3T_He has left permanently.', 1, 'F0003L1B2034'),
('F0003L1B2034CH02', 'He has left for the time being.', 0, 'F0003L1B2034'),
('F0003L1B2034CH03', 'He left just in time.', 0, 'F0003L1B2034'),
('F0003L1B2034CH04', 'He will be back soon.', 0, 'F0003L1B2034'),
('F0003L1B2035CH01', 'F3T_Her husband paid for the call.', 1, 'F0003L1B2035'),
('F0003L1B2035CH02', 'She called him a name.', 0, 'F0003L1B2035'),
('F0003L1B2035CH03', 'She didn’t talk to her husband.', 0, 'F0003L1B2035'),
('F0003L1B2035CH04', 'Her husband called her.', 0, 'F0003L1B2035'),
('F0003L1B2036CH01', 'F3T_They will meet later.', 1, 'F0003L1B2036'),
('F0003L1B2036CH02', 'They have already met.', 0, 'F0003L1B2036'),
('F0003L1B2036CH03', 'They will not meet at all.', 0, 'F0003L1B2036'),
('F0003L1B2036CH04', 'They are meeting now.', 0, 'F0003L1B2036'),
('F0003L1B2037CH01', 'F3T_Stop, he’s not happy.', 1, 'F0003L1B2037'),
('F0003L1B2037CH02', 'Get off, he’s not happy.', 0, 'F0003L1B2037'),
('F0003L1B2037CH03', 'Continue, he’s not happy.', 0, 'F0003L1B2037'),
('F0003L1B2037CH04', 'Sing, he’s not happy.', 0, 'F0003L1B2037'),
('F0003L1B2038CH01', 'F3T_He put on the lights.', 1, 'F0003L1B2038'),
('F0003L1B2038CH02', 'He put it over the lights.', 0, 'F0003L1B2038'),
('F0003L1B2038CH03', 'He put in the lights.', 0, 'F0003L1B2038'),
('F0003L1B2038CH04', 'He put out the lights.', 0, 'F0003L1B2038'),
('F0003L1B2039CH01', 'F3T_The machine is quite noisy.', 1, 'F0003L1B2039'),
('F0003L1B2039CH02', 'The noise will be gone.', 0, 'F0003L1B2039'),
('F0003L1B2039CH03', 'The noise is irregular.', 0, 'F0003L1B2039'),
('F0003L1B2039CH04', 'The machine is very soft.', 0, 'F0003L1B2039'),
('F0003L1B2040CH01', 'F3T_It flew over the country.', 1, 'F0003L1B2040'),
('F0003L1B2040CH02', 'It flew near the country.', 0, 'F0003L1B2040'),
('F0003L1B2040CH03', 'It flew away from the country.', 0, 'F0003L1B2040'),
('F0003L1B2040CH04', 'It flew around the country.', 0, 'F0003L1B2040'),
('F0003L1B2041CH01', 'F3T_He wants to shave his beard.', 1, 'F0003L1B2041'),
('F0003L1B2041CH02', 'He wants to light a cigarette.', 0, 'F0003L1B2041'),
('F0003L1B2041CH03', 'He wants to eat breakfast.', 0, 'F0003L1B2041'),
('F0003L1B2041CH04', 'He wants to shine his shoes.', 0, 'F0003L1B2041'),
('F0003L1B2042CH01', 'F3T_It is hard for him to walk.', 1, 'F0003L1B2042'),
('F0003L1B2042CH02', 'It is hard for him to write.', 0, 'F0003L1B2042'),
('F0003L1B2042CH03', 'It is hard for him to hear.', 0, 'F0003L1B2042'),
('F0003L1B2042CH04', 'It is hard for him to speak.', 0, 'F0003L1B2042'),
('F0003L1B2043CH01', 'F3T_He should be here at eight.', 1, 'F0003L1B2043'),
('F0003L1B2043CH02', 'He won’t be here at eight.', 0, 'F0003L1B2043'),
('F0003L1B2043CH03', 'He shouldn’t be here at eight.', 0, 'F0003L1B2043'),
('F0003L1B2043CH04', 'He was here at eight.', 0, 'F0003L1B2043'),
('F0003L1B2044CH01', 'F3T_He can’t tolerate the noise.', 1, 'F0003L1B2044'),
('F0003L1B2044CH02', 'He can’t replace the noise.', 0, 'F0003L1B2044'),
('F0003L1B2044CH03', 'He can’t dislike the noise.', 0, 'F0003L1B2044'),
('F0003L1B2044CH04', 'He can’t get used to the noise.', 0, 'F0003L1B2044'),
('F0003L1B2045CH01', 'F3T_We encountered traffic.', 1, 'F0003L1B2045'),
('F0003L1B2045CH02', 'We did not see any traffic.', 0, 'F0003L1B2045'),
('F0003L1B2045CH03', 'We glanced at the traffic.', 0, 'F0003L1B2045'),
('F0003L1B2045CH04', 'We passed the traffic.', 0, 'F0003L1B2045'),
('F0003L1C1046CH01', 'F3T_She didn’t find any of it.', 1, 'F0003L1C1046'),
('F0003L1C1046CH02', 'She found some of it.', 0, 'F0003L1C1046'),
('F0003L1C1046CH03', 'She didn’t find some of it.', 0, 'F0003L1C1046'),
('F0003L1C1046CH04', 'She found half of it.', 0, 'F0003L1C1046'),
('F0003L1C1047CH01', 'F3T_An airplane leaves every hour.', 1, 'F0003L1C1047'),
('F0003L1C1047CH02', 'An airplane arrives every hour.', 0, 'F0003L1C1047'),
('F0003L1C1047CH03', 'An airplane lands every hour.', 0, 'F0003L1C1047'),
('F0003L1C1047CH04', 'An airplane is late every hour.', 0, 'F0003L1C1047'),
('F0003L1C1048CH01', 'F3T_A great number of inspectors were there.', 1, 'F0003L1C1048'),
('F0003L1C1048CH02', 'Two or three inspectors were there.', 0, 'F0003L1C1048'),
('F0003L1C1048CH03', 'Some inspectors were there.', 0, 'F0003L1C1048'),
('F0003L1C1048CH04', 'A few inspectors were there.', 0, 'F0003L1C1048'),
('F0003L1C1049CH01', 'F3T_He decided in a hurry.', 1, 'F0003L1C1049'),
('F0003L1C1049CH02', 'He hurried and made a mistake.', 0, 'F0003L1C1049'),
('F0003L1C1049CH03', 'He forgot because he was hurrying.', 0, 'F0003L1C1049'),
('F0003L1C1049CH04', 'He couldn’t decide because he was hurried.', 0, 'F0003L1C1049'),
('F0003L1C1050CH01', 'F3T_We don’t know why he did it.', 1, 'F0003L1C1050'),
('F0003L1C1050CH02', 'We don’t know where he was going.', 0, 'F0003L1C1050'),
('F0003L1C1050CH03', 'We don’t know how he did it.', 0, 'F0003L1C1050'),
('F0003L1C1050CH04', 'We don’t know who was with him.', 0, 'F0003L1C1050'),
('F0003L2A1051CH01', 'F3T_The woman saw many of her friends at the party.', 1, 'F0003L2A1051'),
('F0003L2A1051CH02', 'The woman saw the man at the party.', 0, 'F0003L2A1051'),
('F0003L2A1051CH03', 'The man’s friends were at the party.', 0, 'F0003L2A1051'),
('F0003L2A1051CH04', 'The woman had very few of her friends there.', 0, 'F0003L2A1051'),
('F0003L2A1052CH01', 'F3T_He is going to show them the place.', 1, 'F0003L2A1052'),
('F0003L2A1052CH02', 'He is going to get all the facts for them.', 0, 'F0003L2A1052'),
('F0003L2A1052CH03', 'He is going to tell them all about it.', 0, 'F0003L2A1052'),
('F0003L2A1052CH04', 'De is going to help them do it again.', 0, 'F0003L2A1052'),
('F0003L2A2053CH01', 'F3T_He wants to get something in return for the book.', 1, 'F0003L2A2053'),
('F0003L2A2053CH02', 'He wants to keep the book for himself.', 0, 'F0003L2A2053'),
('F0003L2A2053CH03', 'He wants to present the book to someone.', 0, 'F0003L2A2053'),
('F0003L2A2053CH04', 'He wants another book just like the one he has.', 0, 'F0003L2A2053'),
('F0003L2A2054CH01', 'F3T_Alice has less than ten dollars.', 1, 'F0003L2A2054'),
('F0003L2A2054CH02', 'Alice has a lot of money.', 0, 'F0003L2A2054'),
('F0003L2A2054CH03', 'Alice let Pat have the money.', 0, 'F0003L2A2054'),
('F0003L2A2054CH04', 'Alice borrowed the dollars from Pat.', 0, 'F0003L2A2054'),
('F0003L2B1055CH01', 'F3T_that she’d send a cab immediately', 1, 'F0003L2B1055'),
('F0003L2B1055CH02', 'that she couldn’t send a cab', 0, 'F0003L2B1055'),
('F0003L2B1055CH03', 'that he’d have to wait a long while', 0, 'F0003L2B1055'),
('F0003L2B1055CH04', 'that there were no cabs available', 0, 'F0003L2B1055'),
('F0003L2B1056CH01', 'F3T_She serves food.', 1, 'F0003L2B1056'),
('F0003L2B1056CH02', 'She sings songs.', 0, 'F0003L2B1056'),
('F0003L2B1056CH03', 'She makes clothing.', 0, 'F0003L2B1056'),
('F0003L2B1056CH04', 'She sells tickets.', 0, 'F0003L2B1056'),
('F0003L2B2057CH01', 'F3T_It’s in front of her.', 1, 'F0003L2B2057'),
('F0003L2B2057CH02', 'It’s in back of her.', 0, 'F0003L2B2057'),
('F0003L2B2057CH03', 'It’s across to her right.', 0, 'F0003L2B2057'),
('F0003L2B2057CH04', 'It’s toward her left.', 0, 'F0003L2B2057'),
('F0003L2B2058CH01', 'F3T_Joe opposed the project.', 1, 'F0003L2B2058'),
('F0003L2B2058CH02', 'Joe talked loudly about the project.', 0, 'F0003L2B2058'),
('F0003L2B2058CH03', 'Joe explained the project.', 0, 'F0003L2B2058'),
('F0003L2B2058CH04', 'Joe was in favor of the project.', 0, 'F0003L2B2058'),
('F0003L2C1059CH01', 'F3T_He did unsatisfactory work.', 1, 'F0003L2C1059'),
('F0003L2C1059CH02', 'He did different kinds of work.', 0, 'F0003L2C1059'),
('F0003L2C1059CH03', 'He did not have much money.', 0, 'F0003L2C1059'),
('F0003L2C1059CH04', 'He did well in his work.', 0, 'F0003L2C1059'),
('F0003L2C1060CH01', 'F3T_The man asked for a restaurant close by.', 1, 'F0003L2C1060'),
('F0003L2C1060CH02', 'The restaurant is a block away.', 0, 'F0003L2C1060'),
('F0003L2C1060CH03', 'The man will try to walk there.', 0, 'F0003L2C1060'),
('F0003L2C1060CH04', 'The woman knows exactly where the restaurant is.', 0, 'F0003L2C1060'),
('F0003R1A1061CH01', 'F3T_It was nearing the airport.', 1, 'F0003R1A1061'),
('F0003R1A1061CH02', 'It was far from the airport.', 0, 'F0003R1A1061'),
('F0003R1A1061CH03', 'It was still half way to the airport.', 0, 'F0003R1A1061'),
('F0003R1A1061CH04', 'It was flying away from the airport.', 0, 'F0003R1A1061'),
('F0003R1A1062CH01', 'F3T_Every student will take the test.', 1, 'F0003R1A1062'),
('F0003R1A1062CH02', 'No students will be tested.', 0, 'F0003R1A1062'),
('F0003R1A1062CH03', 'Some students will be tested.', 0, 'F0003R1A1062'),
('F0003R1A1062CH04', 'Each student will take a different test.', 0, 'F0003R1A1062'),
('F0003R1A1063CH01', 'F3T_Pilots must be alert and intelligent.', 1, 'F0003R1A1063'),
('F0003R1A1063CH02', 'Pilot training is very easy.', 0, 'F0003R1A1063'),
('F0003R1A1063CH03', 'Pilots don’t study hard.', 0, 'F0003R1A1063'),
('F0003R1A1063CH04', 'Learning to fly requires little coordination.', 0, 'F0003R1A1063'),
('F0003R1A1064CH01', 'F3T_at', 1, 'F0003R1A1064'),
('F0003R1A1064CH02', 'in', 0, 'F0003R1A1064'),
('F0003R1A1064CH03', 'to', 0, 'F0003R1A1064'),
('F0003R1A1064CH04', 'with', 0, 'F0003R1A1064'),
('F0003R1A1065CH01', 'F3T_Have', 1, 'F0003R1A1065'),
('F0003R1A1065CH02', 'Did', 0, 'F0003R1A1065'),
('F0003R1A1065CH03', 'Has', 0, 'F0003R1A1065'),
('F0003R1A1065CH04', 'Do', 0, 'F0003R1A1065'),
('F0003R1A1066CH01', 'F3T_those', 1, 'F0003R1A1066'),
('F0003R1A1066CH02', 'this', 0, 'F0003R1A1066'),
('F0003R1A1066CH03', 'them', 0, 'F0003R1A1066'),
('F0003R1A1066CH04', 'that', 0, 'F0003R1A1066'),
('F0003R1A1067CH01', 'F3T_sit', 1, 'F0003R1A1067'),
('F0003R1A1067CH02', 'seat', 0, 'F0003R1A1067'),
('F0003R1A1067CH03', 'sat', 0, 'F0003R1A1067'),
('F0003R1A1067CH04', 'stand', 0, 'F0003R1A1067'),
('F0003R1A1068CH01', 'F3T_some', 1, 'F0003R1A1068'),
('F0003R1A1068CH02', 'any', 0, 'F0003R1A1068'),
('F0003R1A1068CH03', 'many', 0, 'F0003R1A1068'),
('F0003R1A1068CH04', 'all', 0, 'F0003R1A1068'),
('F0003R1A2069CH01', 'F3T_until', 1, 'F0003R1A2069'),
('F0003R1A2069CH02', 'while', 0, 'F0003R1A2069'),
('F0003R1A2069CH03', 'into', 0, 'F0003R1A2069'),
('F0003R1A2069CH04', 'during', 0, 'F0003R1A2069'),
('F0003R1A2070CH01', 'F3T_otherwise', 1, 'F0003R1A2070'),
('F0003R1A2070CH02', 'instead', 0, 'F0003R1A2070'),
('F0003R1A2070CH03', 'when', 0, 'F0003R1A2070'),
('F0003R1A2070CH04', 'if', 0, 'F0003R1A2070'),
('F0003R1A2071CH01', 'F3T_noon', 1, 'F0003R1A2071'),
('F0003R1A2071CH02', 'now', 0, 'F0003R1A2071'),
('F0003R1A2071CH03', 'tomorrow', 0, 'F0003R1A2071'),
('F0003R1A2071CH04', 'sometime', 0, 'F0003R1A2071'),
('F0003R1A2072CH01', 'F3T_firmly', 1, 'F0003R1A2072'),
('F0003R1A2072CH02', 'firm', 0, 'F0003R1A2072'),
('F0003R1A2072CH03', 'firming', 0, 'F0003R1A2072'),
('F0003R1A2072CH04', 'irmed', 0, 'F0003R1A2072'),
('F0003R1A2073CH01', 'F3T_lap', 1, 'F0003R1A2073'),
('F0003R1A2073CH02', 'ear', 0, 'F0003R1A2073'),
('F0003R1A2073CH03', 'head', 0, 'F0003R1A2073'),
('F0003R1A2073CH04', 'hand', 0, 'F0003R1A2073'),
('F0003R1A2074CH01', 'F3T_themselves', 1, 'F0003R1A2074'),
('F0003R1A2074CH02', 'myself', 0, 'F0003R1A2074'),
('F0003R1A2074CH03', 'yourself', 0, 'F0003R1A2074'),
('F0003R1A2074CH04', 'ourselves', 0, 'F0003R1A2074'),
('F0003R1A2075CH01', 'F3T_in', 1, 'F0003R1A2075'),
('F0003R1A2075CH02', 'on', 0, 'F0003R1A2075'),
('F0003R1A2075CH03', 'of', 0, 'F0003R1A2075'),
('F0003R1A2075CH04', 'to', 0, 'F0003R1A2075'),
('F0003R1A2076CH01', 'F3T_might', 1, 'F0003R1A2076'),
('F0003R1A2076CH02', 'did', 0, 'F0003R1A2076'),
('F0003R1A2076CH03', 'must', 0, 'F0003R1A2076'),
('F0003R1A2076CH04', 'should', 0, 'F0003R1A2076'),
('F0003R1B1077CH01', 'F3T_that', 1, 'F0003R1B1077'),
('F0003R1B1077CH02', 'this', 0, 'F0003R1B1077'),
('F0003R1B1077CH03', 'which', 0, 'F0003R1B1077'),
('F0003R1B1077CH04', 'some', 0, 'F0003R1B1077'),
('F0003R1B1078CH01', 'F3T_to learn', 1, 'F0003R1B1078'),
('F0003R1B1078CH02', 'learn', 0, 'F0003R1B1078'),
('F0003R1B1078CH03', 'learned', 0, 'F0003R1B1078'),
('F0003R1B1078CH04', 'learning', 0, 'F0003R1B1078'),
('F0003R1B1079CH01', 'F3T_assigned', 1, 'F0003R1B1079'),
('F0003R1B1079CH02', 'will assign', 0, 'F0003R1B1079'),
('F0003R1B1079CH03', 'assigns', 0, 'F0003R1B1079'),
('F0003R1B1079CH04', 'been assigned', 0, 'F0003R1B1079'),
('F0003R1B1080CH01', 'F3T_faster', 1, 'F0003R1B1080'),
('F0003R1B1080CH02', 'more faster', 0, 'F0003R1B1080'),
('F0003R1B1080CH03', 'fastest', 0, 'F0003R1B1080'),
('F0003R1B1080CH04', 'fastly', 0, 'F0003R1B1080'),
('F0003R1B1081CH01', 'F3T_harder', 1, 'F0003R1B1081'),
('F0003R1B1081CH02', 'hardest', 0, 'F0003R1B1081'),
('F0003R1B1081CH03', 'more harder', 0, 'F0003R1B1081'),
('F0003R1B1081CH04', 'hard', 0, 'F0003R1B1081'),
('F0003R1B1082CH01', 'F3T_slower', 1, 'F0003R1B1082'),
('F0003R1B1082CH02', 'more slower', 0, 'F0003R1B1082'),
('F0003R1B1082CH03', 'slowly', 0, 'F0003R1B1082'),
('F0003R1B1082CH04', 'slowest', 0, 'F0003R1B1082'),
('F0003R1B1083CH01', 'F3T_eating', 1, 'F0003R1B1083'),
('F0003R1B1083CH02', 'eaten', 0, 'F0003R1B1083'),
('F0003R1B1083CH03', 'to eat', 0, 'F0003R1B1083'),
('F0003R1B1083CH04', 'eats', 0, 'F0003R1B1083'),
('F0003R1B1084CH01', 'F3T_be held', 1, 'F0003R1B1084'),
('F0003R1B1084CH02', 'not be held', 0, 'F0003R1B1084'),
('F0003R1B1084CH03', 'be postponed indefinitely', 0, 'F0003R1B1084'),
('F0003R1B1084CH04', 'be cancelled', 0, 'F0003R1B1084'),
('F0003R1B2085CH01', 'F3T_using', 1, 'F0003R1B2085'),
('F0003R1B2085CH02', 'use', 0, 'F0003R1B2085'),
('F0003R1B2085CH03', 'will use', 0, 'F0003R1B2085'),
('F0003R1B2085CH04', 'to use', 0, 'F0003R1B2085'),
('F0003R1B2086CH01', 'F3T_aren’t you', 1, 'F0003R1B2086'),
('F0003R1B2086CH02', 'do you', 0, 'F0003R1B2086'),
('F0003R1B2086CH03', 'don’t you', 0, 'F0003R1B2086'),
('F0003R1B2086CH04', 'are you', 0, 'F0003R1B2086'),
('F0003R1B2087CH01', 'F3T_was seen', 1, 'F0003R1B2087'),
('F0003R1B2087CH02', 'is seen', 0, 'F0003R1B2087'),
('F0003R1B2087CH03', 'seeing', 0, 'F0003R1B2087'),
('F0003R1B2087CH04', 'had seen', 0, 'F0003R1B2087'),
('F0003R1B2088CH01', 'F3T_beautiful', 1, 'F0003R1B2088'),
('F0003R1B2088CH02', 'beauty', 0, 'F0003R1B2088'),
('F0003R1B2088CH03', 'beautifully', 0, 'F0003R1B2088'),
('F0003R1B2088CH04', 'very beautiful', 0, 'F0003R1B2088'),
('F0003R1B2089CH01', 'F3T_closing', 1, 'F0003R1B2089'),
('F0003R1B2089CH02', 'to closing', 0, 'F0003R1B2089'),
('F0003R1B2089CH03', 'closed', 0, 'F0003R1B2089'),
('F0003R1B2089CH04', 'close', 0, 'F0003R1B2089'),
('F0003R1B2090CH01', 'F3T_will rain', 1, 'F0003R1B2090'),
('F0003R1B2090CH02', 'shouldn’t rain', 0, 'F0003R1B2090'),
('F0003R1B2090CH03', 'had rain', 0, 'F0003R1B2090'),
('F0003R1B2090CH04', 'raining', 0, 'F0003R1B2090'),
('F0003R1B2091CH01', 'F3T_drank', 1, 'F0003R1B2091'),
('F0003R1B2091CH02', 'has drunk', 0, 'F0003R1B2091'),
('F0003R1B2091CH03', 'is drinking', 0, 'F0003R1B2091'),
('F0003R1B2091CH04', 'drinked', 0, 'F0003R1B2091'),
('F0003R1C1092CH01', 'F3T_got over', 1, 'F0003R1C1092'),
('F0003R1C1092CH02', 'got out', 0, 'F0003R1C1092'),
('F0003R1C1092CH03', 'got back', 0, 'F0003R1C1092'),
('F0003R1C1092CH04', 'got used', 0, 'F0003R1C1092'),
('F0003R1C1093CH01', 'F3T_the most famous', 1, 'F0003R1C1093'),
('F0003R1C1093CH02', 'most famous', 0, 'F0003R1C1093'),
('F0003R1C1093CH03', 'more famous', 0, 'F0003R1C1093'),
('F0003R1C1093CH04', 'the more famous', 0, 'F0003R1C1093'),
('F0003R1C1094CH01', 'F3T_will be happy', 1, 'F0003R1C1094'),
('F0003R1C1094CH02', 'to be happy', 0, 'F0003R1C1094'),
('F0003R1C1094CH03', 'would be happy', 0, 'F0003R1C1094'),
('F0003R1C1094CH04', 'is to be happy', 0, 'F0003R1C1094'),
('F0003R1C1095CH01', 'F3T_Let’s not go', 1, 'F0003R1C1095'),
('F0003R1C1095CH02', 'Not, let’s go', 0, 'F0003R1C1095'),
('F0003R1C1095CH03', 'Let’s go out', 0, 'F0003R1C1095'),
('F0003R1C1095CH04', 'Go let’s not', 0, 'F0003R1C1095'),
('F0003R1C1096CH01', 'F3T_where the hospital is', 1, 'F0003R1C1096'),
('F0003R1C1096CH02', 'where is the hospital', 0, 'F0003R1C1096'),
('F0003R1C1096CH03', 'is where the hospital', 0, 'F0003R1C1096'),
('F0003R1C1096CH04', 'the hospital is where', 0, 'F0003R1C1096'),
('F0003R1C1097CH01', 'F3T_No, nothing else, thank you.', 1, 'F0003R1C1097'),
('F0003R1C1097CH02', 'Yes, nothing else, thank you.', 0, 'F0003R1C1097'),
('F0003R1C1097CH03', 'Yes, anything else, thank you.', 0, 'F0003R1C1097'),
('F0003R1C1097CH04', 'No, anything else, thank you.', 0, 'F0003R1C1097'),
('F0003R1C1098CH01', 'F3T_Weren’t you taught by Mr. Brown last year?', 1, 'F0003R1C1098'),
('F0003R1C1098CH02', 'Weren’t you by Mr. Brown taught last year?', 0, 'F0003R1C1098'),
('F0003R1C1098CH03', 'Weren’t you last year by Mr. Brown taught?', 0, 'F0003R1C1098'),
('F0003R1C1098CH04', 'Weren’t Mr. Brown taught by you last year?', 0, 'F0003R1C1098'),
('F0003R1C1099CH01', 'F3T_The car hit the man.', 1, 'F0003R1C1099'),
('F0003R1C1099CH02', 'The car was standing on the corner.', 0, 'F0003R1C1099'),
('F0003R1C1099CH03', 'The man went through a red light.', 0, 'F0003R1C1099'),
('F0003R1C1099CH04', 'The car hit the red light.', 0, 'F0003R1C1099'),
('F0003R1C1100CH01', 'F3T_have the clothes taken to Stella’s house', 1, 'F0003R1C1100'),
('F0003R1C1100CH02', 'put a special finish on the clothes', 0, 'F0003R1C1100'),
('F0003R1C1100CH03', 'throw the clothes away because they are too old', 0, 'F0003R1C1100'),
('F0003R1C1100CH04', 'come get Stella’s clothes to be cleaned', 0, 'F0003R1C1100'),
('F0004L1A1001CH01', 'F4T_something to eat', 1, 'F0004L1A1001'),
('F0004L1A1001CH02', 'something to wear', 0, 'F0004L1A1001'),
('F0004L1A1001CH03', 'something to read', 0, 'F0004L1A1001'),
('F0004L1A1001CH04', 'something to play', 0, 'F0004L1A1001'),
('F0004L1A1002CH01', 'F4T_delighted', 1, 'F0004L1A1002'),
('F0004L1A1002CH02', 'old', 0, 'F0004L1A1002'),
('F0004L1A1002CH03', 'funny', 0, 'F0004L1A1002'),
('F0004L1A1002CH04', 'unhappy', 0, 'F0004L1A1002'),
('F0004L1A1003CH01', 'F4T_the sun', 1, 'F0004L1A1003'),
('F0004L1A1003CH02', 'the grass', 0, 'F0004L1A1003'),
('F0004L1A1003CH03', 'the snow', 0, 'F0004L1A1003'),
('F0004L1A1003CH04', 'the ocean', 0, 'F0004L1A1003'),
('F0004L1A1004CH01', 'F4T_take medicine', 1, 'F0004L1A1004'),
('F0004L1A1004CH02', 'drink milk', 0, 'F0004L1A1004'),
('F0004L1A1004CH03', 'have an apple', 0, 'F0004L1A1004'),
('F0004L1A1004CH04', 'follow Bill', 0, 'F0004L1A1004'),
('F0004L1A1005CH01', 'F4T_“Yes, I am.”', 1, 'F0004L1A1005'),
('F0004L1A1005CH02', '“No, I’m not.”', 0, 'F0004L1A1005'),
('F0004L1A1005CH03', '“Well, maybe.”', 0, 'F0004L1A1005'),
('F0004L1A1005CH04', '“I don’t know.”', 0, 'F0004L1A1005'),
('F0004L1A1006CH01', 'F4T_the water', 1, 'F0004L1A1006'),
('F0004L1A1006CH02', 'the sky', 0, 'F0004L1A1006'),
('F0004L1A1006CH03', 'the storm', 0, 'F0004L1A1006'),
('F0004L1A1006CH04', 'the sun', 0, 'F0004L1A1006'),
('F0004L1A1007CH01', 'F4T_what its name was', 1, 'F0004L1A1007'),
('F0004L1A1007CH02', 'who owned it', 0, 'F0004L1A1007'),
('F0004L1A1007CH03', 'how to stop it', 0, 'F0004L1A1007'),
('F0004L1A1007CH04', 'where it came from', 0, 'F0004L1A1007'),
('F0004L1A1008CH01', 'F4T_after getting a haircut', 1, 'F0004L1A1008'),
('F0004L1A1008CH02', 'at the barbershop', 0, 'F0004L1A1008'),
('F0004L1A1008CH03', 'at the cafeteria', 0, 'F0004L1A1008'),
('F0004L1A1008CH04', 'after eating his lunch', 0, 'F0004L1A1008'),
('F0004L1A2009CH01', 'F4T_He quit smoking.', 1, 'F0004L1A2009'),
('F0004L1A2009CH02', 'He started smoking.', 0, 'F0004L1A2009'),
('F0004L1A2009CH03', 'He continued smoking.', 0, 'F0004L1A2009'),
('F0004L1A2009CH04', 'He finally smoked.', 0, 'F0004L1A2009'),
('F0004L1A2010CH01', 'F4T_He offered us a greeting.', 1, 'F0004L1A2010'),
('F0004L1A2010CH02', 'He hit us.', 0, 'F0004L1A2010'),
('F0004L1A2010CH03', 'He stopped smoking.', 0, 'F0004L1A2010'),
('F0004L1A2010CH04', 'He said something to us.', 0, 'F0004L1A2010'),
('F0004L1A2011CH01', 'F4T_It was sent off.', 1, 'F0004L1A2011'),
('F0004L1A2011CH02', 'It was wet.', 0, 'F0004L1A2011'),
('F0004L1A2011CH03', 'It was eaten.', 0, 'F0004L1A2011'),
('F0004L1A2011CH04', 'It was put in the store.', 0, 'F0004L1A2011'),
('F0004L1A2012CH01', 'F4T_to a social gathering', 1, 'F0004L1A2012'),
('F0004L1A2012CH02', 'to his place of work.', 0, 'F0004L1A2012'),
('F0004L1A2012CH03', 'to a sports contest', 0, 'F0004L1A2012'),
('F0004L1A2012CH04', 'to another section of town', 0, 'F0004L1A2012'),
('F0004L1A2013CH01', 'F4T_Yes, Helen told me later.', 1, 'F0004L1A2013'),
('F0004L1A2013CH02', 'No, I have not seen it.', 0, 'F0004L1A2013'),
('F0004L1A2013CH03', 'No, I know Bob very well.', 0, 'F0004L1A2013'),
('F0004L1A2013CH04', 'Yes, it happened on Tuesday.', 0, 'F0004L1A2013'),
('F0004L1A2014CH01', 'F4T_No, I didn’t disturb him.', 1, 'F0004L1A2014'),
('F0004L1A2014CH02', 'No, I’m not his brother.', 0, 'F0004L1A2014'),
('F0004L1A2014CH03', 'No, I haven’t seen him.', 0, 'F0004L1A2014'),
('F0004L1A2014CH04', 'No, he’s home in the evening.', 0, 'F0004L1A2014'),
('F0004L1A2015CH01', 'F4T_to find out the time', 1, 'F0004L1A2015'),
('F0004L1A2015CH02', 'to see where you are going', 0, 'F0004L1A2015'),
('F0004L1A2015CH03', 'to look at things far away', 0, 'F0004L1A2015'),
('F0004L1A2015CH04', 'to know where you are', 0, 'F0004L1A2015'),
('F0004L1A2016CH01', 'F4T_carry it away with him', 1, 'F0004L1A2016'),
('F0004L1A2016CH02', 'fix it so that it can’t be moved', 0, 'F0004L1A2016'),
('F0004L1A2016CH03', 'make it easier to sit in', 0, 'F0004L1A2016'),
('F0004L1A2016CH04', 'build it', 0, 'F0004L1A2016'),
('F0004L1B1017CH01', 'F4T_Yes, I heard from him.', 1, 'F0004L1B1017'),
('F0004L1B1017CH02', 'Yes, I hear from him.', 0, 'F0004L1B1017'),
('F0004L1B1017CH03', 'Yes, I hope to hear from him.', 0, 'F0004L1B1017'),
('F0004L1B1017CH04', 'Yes, I will hear from him today.', 0, 'F0004L1B1017'),
('F0004L1B1018CH01', 'F4T_Everything slides off of it.', 1, 'F0004L1B1018'),
('F0004L1B1018CH02', 'There are holes in the wood.', 0, 'F0004L1B1018'),
('F0004L1B1018CH03', 'It’s too easy to steal.', 0, 'F0004L1B1018'),
('F0004L1B1018CH04', 'It feels smooth when I touch it.', 0, 'F0004L1B1018'),
('F0004L1B1019CH01', 'F4T_No, I am getting well without it.', 1, 'F0004L1B1019'),
('F0004L1B1019CH02', 'No, I like the color the way it is.', 0, 'F0004L1B1019'),
('F0004L1B1019CH03', 'No, the house is full of them.', 0, 'F0004L1B1019'),
('F0004L1B1019CH04', 'No, the library has enough for me.', 0, 'F0004L1B1019'),
('F0004L1B1020CH01', 'F4T_He got an idea.', 1, 'F0004L1B1020'),
('F0004L1B1020CH02', 'He got a car.', 0, 'F0004L1B1020'),
('F0004L1B1020CH03', 'He got a pain.', 0, 'F0004L1B1020'),
('F0004L1B1020CH04', 'He got an office.', 0, 'F0004L1B1020'),
('F0004L1B1021CH01', 'F4T_Time seems to pass slowly.', 1, 'F0004L1B1021'),
('F0004L1B1021CH02', 'Time seems to hold you back.', 0, 'F0004L1B1021'),
('F0004L1B1021CH03', 'Time seems to pass quickly.', 0, 'F0004L1B1021'),
('F0004L1B1021CH04', 'Time seems to move fast.', 0, 'F0004L1B1021'),
('F0004L1B1022CH01', 'F4T_It will supply them.', 1, 'F0004L1B1022'),
('F0004L1B1022CH02', 'It will attack them.', 0, 'F0004L1B1022'),
('F0004L1B1022CH03', 'It will stop them.', 0, 'F0004L1B1022'),
('F0004L1B1022CH04', 'It will join them.', 0, 'F0004L1B1022'),
('F0004L1B1023CH01', 'F4T_He got a different one.', 1, 'F0004L1B1023'),
('F0004L1B1023CH02', 'He put dishes on the table.', 0, 'F0004L1B1023'),
('F0004L1B1023CH03', 'He painted it.', 0, 'F0004L1B1023'),
('F0004L1B1023CH04', 'He has two tables now.', 0, 'F0004L1B1023'),
('F0004L1B1024CH01', 'F4T_It has no curves.', 1, 'F0004L1B1024'),
('F0004L1B1024CH02', 'It is long.', 0, 'F0004L1B1024'),
('F0004L1B1024CH03', 'It is not very wide.', 0, 'F0004L1B1024'),
('F0004L1B1024CH04', 'It has many stores.', 0, 'F0004L1B1024'),
('F0004L1B1025CH01', 'F4T_He is a leader.', 1, 'F0004L1B1025'),
('F0004L1B1025CH02', 'He is a follower.', 0, 'F0004L1B1025'),
('F0004L1B1025CH03', 'He is a cook.', 0, 'F0004L1B1025'),
('F0004L1B1025CH04', 'He is a father.', 0, 'F0004L1B1025'),
('F0004L1B1026CH01', 'F4T_He studied hard.', 1, 'F0004L1B1026'),
('F0004L1B1026CH02', 'She studied hard.', 0, 'F0004L1B1026'),
('F0004L1B1026CH03', 'He will study harder.', 0, 'F0004L1B1026'),
('F0004L1B1026CH04', 'He plans to study hard.', 0, 'F0004L1B1026'),
('F0004L1B1027CH01', 'F4T_He wants to find the way.', 1, 'F0004L1B1027'),
('F0004L1B1027CH02', 'He wants a new job.', 0, 'F0004L1B1027'),
('F0004L1B1027CH03', 'He wants to see it fly.', 0, 'F0004L1B1027'),
('F0004L1B1027CH04', 'He wants to paint it.', 0, 'F0004L1B1027'),
('F0004L1B1028CH01', 'F4T_I was there only one time.', 1, 'F0004L1B1028'),
('F0004L1B1028CH02', 'I was there only two times.', 0, 'F0004L1B1028'),
('F0004L1B1028CH03', 'I was there many times.', 0, 'F0004L1B1028'),
('F0004L1B1028CH04', 'I was never there.', 0, 'F0004L1B1028'),
('F0004L1B1029CH01', 'F4T_I must tell the truth.', 1, 'F0004L1B1029'),
('F0004L1B1029CH02', 'I could tell the truth.', 0, 'F0004L1B1029'),
('F0004L1B1029CH03', 'It won’t ease my conscience.', 0, 'F0004L1B1029'),
('F0004L1B1029CH04', 'I couldn’t tell the truth.', 0, 'F0004L1B1029'),
('F0004L1B1030CH01', 'F4T_The cat cannot come in.', 1, 'F0004L1B1030'),
('F0004L1B1030CH02', 'The cat cannot come down.', 0, 'F0004L1B1030'),
('F0004L1B1030CH03', 'The cat cannot come across.', 0, 'F0004L1B1030'),
('F0004L1B1030CH04', 'The cat cannot come around.', 0, 'F0004L1B1030'),
('F0004L1B2031CH01', 'F4T_Stanley wants the book.', 1, 'F0004L1B2031'),
('F0004L1B2031CH02', 'Stanley has no books.', 0, 'F0004L1B2031'),
('F0004L1B2031CH03', 'Stanley is reading the book.', 0, 'F0004L1B2031'),
('F0004L1B2031CH04', 'Stanley will give the book', 0, 'F0004L1B2031'),
('F0004L1B2032CH01', 'F4T_She wants to make a fire.', 1, 'F0004L1B2032'),
('F0004L1B2032CH02', 'She wants to pay the bill.', 0, 'F0004L1B2032'),
('F0004L1B2032CH03', 'She wants to know the time.', 0, 'F0004L1B2032'),
('F0004L1B2032CH04', 'She wants to play a game.', 0, 'F0004L1B2032'),
('F0004L1B2033CH01', 'F4T_I have learned to do it.', 1, 'F0004L1B2033'),
('F0004L1B2033CH02', 'I don’t understand it.', 0, 'F0004L1B2033'),
('F0004L1B2033CH03', 'I understand very little.', 0, 'F0004L1B2033'),
('F0004L1B2033CH04', 'I don’t like to do it.', 0, 'F0004L1B2033'),
('F0004L1B2034CH01', 'F4T_He has left permanently.', 1, 'F0004L1B2034'),
('F0004L1B2034CH02', 'He has left for the time being.', 0, 'F0004L1B2034'),
('F0004L1B2034CH03', 'He left just in time.', 0, 'F0004L1B2034'),
('F0004L1B2034CH04', 'He will be back soon.', 0, 'F0004L1B2034'),
('F0004L1B2035CH01', 'F4T_Her husband paid for the call.', 1, 'F0004L1B2035'),
('F0004L1B2035CH02', 'She called him a name.', 0, 'F0004L1B2035'),
('F0004L1B2035CH03', 'She didn’t talk to her husband.', 0, 'F0004L1B2035'),
('F0004L1B2035CH04', 'Her husband called her.', 0, 'F0004L1B2035'),
('F0004L1B2036CH01', 'F4T_They will meet later.', 1, 'F0004L1B2036'),
('F0004L1B2036CH02', 'They have already met.', 0, 'F0004L1B2036'),
('F0004L1B2036CH03', 'They will not meet at all.', 0, 'F0004L1B2036'),
('F0004L1B2036CH04', 'They are meeting now.', 0, 'F0004L1B2036'),
('F0004L1B2037CH01', 'F4T_Stop, he’s not happy.', 1, 'F0004L1B2037'),
('F0004L1B2037CH02', 'Get off, he’s not happy.', 0, 'F0004L1B2037'),
('F0004L1B2037CH03', 'Continue, he’s not happy.', 0, 'F0004L1B2037'),
('F0004L1B2037CH04', 'Sing, he’s not happy.', 0, 'F0004L1B2037'),
('F0004L1B2038CH01', 'F4T_He put on the lights.', 1, 'F0004L1B2038'),
('F0004L1B2038CH02', 'He put it over the lights.', 0, 'F0004L1B2038'),
('F0004L1B2038CH03', 'He put in the lights.', 0, 'F0004L1B2038'),
('F0004L1B2038CH04', 'He put out the lights.', 0, 'F0004L1B2038'),
('F0004L1B2039CH01', 'F4T_The machine is quite noisy.', 1, 'F0004L1B2039'),
('F0004L1B2039CH02', 'The noise will be gone.', 0, 'F0004L1B2039'),
('F0004L1B2039CH03', 'The noise is irregular.', 0, 'F0004L1B2039'),
('F0004L1B2039CH04', 'The machine is very soft.', 0, 'F0004L1B2039'),
('F0004L1B2040CH01', 'F4T_It flew over the country.', 1, 'F0004L1B2040'),
('F0004L1B2040CH02', 'It flew near the country.', 0, 'F0004L1B2040'),
('F0004L1B2040CH03', 'It flew away from the country.', 0, 'F0004L1B2040'),
('F0004L1B2040CH04', 'It flew around the country.', 0, 'F0004L1B2040'),
('F0004L1B2041CH01', 'F4T_He wants to shave his beard.', 1, 'F0004L1B2041'),
('F0004L1B2041CH02', 'He wants to light a cigarette.', 0, 'F0004L1B2041'),
('F0004L1B2041CH03', 'He wants to eat breakfast.', 0, 'F0004L1B2041'),
('F0004L1B2041CH04', 'He wants to shine his shoes.', 0, 'F0004L1B2041'),
('F0004L1B2042CH01', 'F4T_It is hard for him to walk.', 1, 'F0004L1B2042'),
('F0004L1B2042CH02', 'It is hard for him to write.', 0, 'F0004L1B2042'),
('F0004L1B2042CH03', 'It is hard for him to hear.', 0, 'F0004L1B2042'),
('F0004L1B2042CH04', 'It is hard for him to speak.', 0, 'F0004L1B2042'),
('F0004L1B2043CH01', 'F4T_He should be here at eight.', 1, 'F0004L1B2043'),
('F0004L1B2043CH02', 'He won’t be here at eight.', 0, 'F0004L1B2043'),
('F0004L1B2043CH03', 'He shouldn’t be here at eight.', 0, 'F0004L1B2043'),
('F0004L1B2043CH04', 'He was here at eight.', 0, 'F0004L1B2043'),
('F0004L1B2044CH01', 'F4T_He can’t tolerate the noise.', 1, 'F0004L1B2044'),
('F0004L1B2044CH02', 'He can’t replace the noise.', 0, 'F0004L1B2044'),
('F0004L1B2044CH03', 'He can’t dislike the noise.', 0, 'F0004L1B2044'),
('F0004L1B2044CH04', 'He can’t get used to the noise.', 0, 'F0004L1B2044'),
('F0004L1B2045CH01', 'F4T_We encountered traffic.', 1, 'F0004L1B2045'),
('F0004L1B2045CH02', 'We did not see any traffic.', 0, 'F0004L1B2045'),
('F0004L1B2045CH03', 'We glanced at the traffic.', 0, 'F0004L1B2045'),
('F0004L1B2045CH04', 'We passed the traffic.', 0, 'F0004L1B2045'),
('F0004L1C1046CH01', 'F4T_She didn’t find any of it.', 1, 'F0004L1C1046'),
('F0004L1C1046CH02', 'She found some of it.', 0, 'F0004L1C1046'),
('F0004L1C1046CH03', 'She didn’t find some of it.', 0, 'F0004L1C1046'),
('F0004L1C1046CH04', 'She found half of it.', 0, 'F0004L1C1046'),
('F0004L1C1047CH01', 'F4T_An airplane leaves every hour.', 1, 'F0004L1C1047'),
('F0004L1C1047CH02', 'An airplane arrives every hour.', 0, 'F0004L1C1047'),
('F0004L1C1047CH03', 'An airplane lands every hour.', 0, 'F0004L1C1047'),
('F0004L1C1047CH04', 'An airplane is late every hour.', 0, 'F0004L1C1047'),
('F0004L1C1048CH01', 'F4T_A great number of inspectors were there.', 1, 'F0004L1C1048'),
('F0004L1C1048CH02', 'Two or three inspectors were there.', 0, 'F0004L1C1048'),
('F0004L1C1048CH03', 'Some inspectors were there.', 0, 'F0004L1C1048'),
('F0004L1C1048CH04', 'A few inspectors were there.', 0, 'F0004L1C1048'),
('F0004L1C1049CH01', 'F4T_He decided in a hurry.', 1, 'F0004L1C1049'),
('F0004L1C1049CH02', 'He hurried and made a mistake.', 0, 'F0004L1C1049'),
('F0004L1C1049CH03', 'He forgot because he was hurrying.', 0, 'F0004L1C1049'),
('F0004L1C1049CH04', 'He couldn’t decide because he was hurried.', 0, 'F0004L1C1049'),
('F0004L1C1050CH01', 'F4T_We don’t know why he did it.', 1, 'F0004L1C1050'),
('F0004L1C1050CH02', 'We don’t know where he was going.', 0, 'F0004L1C1050'),
('F0004L1C1050CH03', 'We don’t know how he did it.', 0, 'F0004L1C1050'),
('F0004L1C1050CH04', 'We don’t know who was with him.', 0, 'F0004L1C1050'),
('F0004L2A1051CH01', 'F4T_The woman saw many of her friends at the party.', 1, 'F0004L2A1051'),
('F0004L2A1051CH02', 'The woman saw the man at the party.', 0, 'F0004L2A1051'),
('F0004L2A1051CH03', 'The man’s friends were at the party.', 0, 'F0004L2A1051'),
('F0004L2A1051CH04', 'The woman had very few of her friends there.', 0, 'F0004L2A1051'),
('F0004L2A1052CH01', 'F4T_He is going to show them the place.', 1, 'F0004L2A1052'),
('F0004L2A1052CH02', 'He is going to get all the facts for them.', 0, 'F0004L2A1052'),
('F0004L2A1052CH03', 'He is going to tell them all about it.', 0, 'F0004L2A1052'),
('F0004L2A1052CH04', 'De is going to help them do it again.', 0, 'F0004L2A1052'),
('F0004L2A2053CH01', 'F4T_He wants to get something in return for the book.', 1, 'F0004L2A2053'),
('F0004L2A2053CH02', 'He wants to keep the book for himself.', 0, 'F0004L2A2053'),
('F0004L2A2053CH03', 'He wants to present the book to someone.', 0, 'F0004L2A2053'),
('F0004L2A2053CH04', 'He wants another book just like the one he has.', 0, 'F0004L2A2053'),
('F0004L2A2054CH01', 'F4T_Alice has less than ten dollars.', 1, 'F0004L2A2054'),
('F0004L2A2054CH02', 'Alice has a lot of money.', 0, 'F0004L2A2054'),
('F0004L2A2054CH03', 'Alice let Pat have the money.', 0, 'F0004L2A2054'),
('F0004L2A2054CH04', 'Alice borrowed the dollars from Pat.', 0, 'F0004L2A2054'),
('F0004L2B1055CH01', 'F4T_that she’d send a cab immediately', 1, 'F0004L2B1055'),
('F0004L2B1055CH02', 'that she couldn’t send a cab', 0, 'F0004L2B1055'),
('F0004L2B1055CH03', 'that he’d have to wait a long while', 0, 'F0004L2B1055'),
('F0004L2B1055CH04', 'that there were no cabs available', 0, 'F0004L2B1055'),
('F0004L2B1056CH01', 'F4T_She serves food.', 1, 'F0004L2B1056'),
('F0004L2B1056CH02', 'She sings songs.', 0, 'F0004L2B1056'),
('F0004L2B1056CH03', 'She makes clothing.', 0, 'F0004L2B1056'),
('F0004L2B1056CH04', 'She sells tickets.', 0, 'F0004L2B1056'),
('F0004L2B2057CH01', 'F4T_It’s in front of her.', 1, 'F0004L2B2057'),
('F0004L2B2057CH02', 'It’s in back of her.', 0, 'F0004L2B2057'),
('F0004L2B2057CH03', 'It’s across to her right.', 0, 'F0004L2B2057'),
('F0004L2B2057CH04', 'It’s toward her left.', 0, 'F0004L2B2057'),
('F0004L2B2058CH01', 'F4T_Joe opposed the project.', 1, 'F0004L2B2058'),
('F0004L2B2058CH02', 'Joe talked loudly about the project.', 0, 'F0004L2B2058'),
('F0004L2B2058CH03', 'Joe explained the project.', 0, 'F0004L2B2058'),
('F0004L2B2058CH04', 'Joe was in favor of the project.', 0, 'F0004L2B2058'),
('F0004L2C1059CH01', 'F4T_He did unsatisfactory work.', 1, 'F0004L2C1059'),
('F0004L2C1059CH02', 'He did different kinds of work.', 0, 'F0004L2C1059'),
('F0004L2C1059CH03', 'He did not have much money.', 0, 'F0004L2C1059'),
('F0004L2C1059CH04', 'He did well in his work.', 0, 'F0004L2C1059'),
('F0004L2C1060CH01', 'F4T_The man asked for a restaurant close by.', 1, 'F0004L2C1060'),
('F0004L2C1060CH02', 'The restaurant is a block away.', 0, 'F0004L2C1060'),
('F0004L2C1060CH03', 'The man will try to walk there.', 0, 'F0004L2C1060'),
('F0004L2C1060CH04', 'The woman knows exactly where the restaurant is.', 0, 'F0004L2C1060'),
('F0004R1A1061CH01', 'F4T_It was nearing the airport.', 1, 'F0004R1A1061'),
('F0004R1A1061CH02', 'It was far from the airport.', 0, 'F0004R1A1061'),
('F0004R1A1061CH03', 'It was still half way to the airport.', 0, 'F0004R1A1061'),
('F0004R1A1061CH04', 'It was flying away from the airport.', 0, 'F0004R1A1061'),
('F0004R1A1062CH01', 'F4T_Every student will take the test.', 1, 'F0004R1A1062'),
('F0004R1A1062CH02', 'No students will be tested.', 0, 'F0004R1A1062'),
('F0004R1A1062CH03', 'Some students will be tested.', 0, 'F0004R1A1062'),
('F0004R1A1062CH04', 'Each student will take a different test.', 0, 'F0004R1A1062'),
('F0004R1A1063CH01', 'F4T_Pilots must be alert and intelligent.', 1, 'F0004R1A1063'),
('F0004R1A1063CH02', 'Pilot training is very easy.', 0, 'F0004R1A1063'),
('F0004R1A1063CH03', 'Pilots don’t study hard.', 0, 'F0004R1A1063'),
('F0004R1A1063CH04', 'Learning to fly requires little coordination.', 0, 'F0004R1A1063'),
('F0004R1A1064CH01', 'F4T_at', 1, 'F0004R1A1064'),
('F0004R1A1064CH02', 'in', 0, 'F0004R1A1064'),
('F0004R1A1064CH03', 'to', 0, 'F0004R1A1064'),
('F0004R1A1064CH04', 'with', 0, 'F0004R1A1064'),
('F0004R1A1065CH01', 'F4T_Have', 1, 'F0004R1A1065'),
('F0004R1A1065CH02', 'Did', 0, 'F0004R1A1065'),
('F0004R1A1065CH03', 'Has', 0, 'F0004R1A1065'),
('F0004R1A1065CH04', 'Do', 0, 'F0004R1A1065'),
('F0004R1A1066CH01', 'F4T_those', 1, 'F0004R1A1066'),
('F0004R1A1066CH02', 'this', 0, 'F0004R1A1066'),
('F0004R1A1066CH03', 'them', 0, 'F0004R1A1066'),
('F0004R1A1066CH04', 'that', 0, 'F0004R1A1066'),
('F0004R1A1067CH01', 'F4T_sit', 1, 'F0004R1A1067'),
('F0004R1A1067CH02', 'seat', 0, 'F0004R1A1067'),
('F0004R1A1067CH03', 'sat', 0, 'F0004R1A1067'),
('F0004R1A1067CH04', 'stand', 0, 'F0004R1A1067'),
('F0004R1A1068CH01', 'F4T_some', 1, 'F0004R1A1068'),
('F0004R1A1068CH02', 'any', 0, 'F0004R1A1068'),
('F0004R1A1068CH03', 'many', 0, 'F0004R1A1068'),
('F0004R1A1068CH04', 'all', 0, 'F0004R1A1068'),
('F0004R1A2069CH01', 'F4T_until', 1, 'F0004R1A2069'),
('F0004R1A2069CH02', 'while', 0, 'F0004R1A2069'),
('F0004R1A2069CH03', 'into', 0, 'F0004R1A2069'),
('F0004R1A2069CH04', 'during', 0, 'F0004R1A2069'),
('F0004R1A2070CH01', 'F4T_otherwise', 1, 'F0004R1A2070'),
('F0004R1A2070CH02', 'instead', 0, 'F0004R1A2070'),
('F0004R1A2070CH03', 'when', 0, 'F0004R1A2070'),
('F0004R1A2070CH04', 'if', 0, 'F0004R1A2070'),
('F0004R1A2071CH01', 'F4T_noon', 1, 'F0004R1A2071'),
('F0004R1A2071CH02', 'now', 0, 'F0004R1A2071'),
('F0004R1A2071CH03', 'tomorrow', 0, 'F0004R1A2071'),
('F0004R1A2071CH04', 'sometime', 0, 'F0004R1A2071'),
('F0004R1A2072CH01', 'F4T_firmly', 1, 'F0004R1A2072'),
('F0004R1A2072CH02', 'firm', 0, 'F0004R1A2072'),
('F0004R1A2072CH03', 'firming', 0, 'F0004R1A2072'),
('F0004R1A2072CH04', 'irmed', 0, 'F0004R1A2072'),
('F0004R1A2073CH01', 'F4T_lap', 1, 'F0004R1A2073'),
('F0004R1A2073CH02', 'ear', 0, 'F0004R1A2073'),
('F0004R1A2073CH03', 'head', 0, 'F0004R1A2073'),
('F0004R1A2073CH04', 'hand', 0, 'F0004R1A2073'),
('F0004R1A2074CH01', 'F4T_themselves', 1, 'F0004R1A2074'),
('F0004R1A2074CH02', 'myself', 0, 'F0004R1A2074'),
('F0004R1A2074CH03', 'yourself', 0, 'F0004R1A2074'),
('F0004R1A2074CH04', 'ourselves', 0, 'F0004R1A2074'),
('F0004R1A2075CH01', 'F4T_in', 1, 'F0004R1A2075'),
('F0004R1A2075CH02', 'on', 0, 'F0004R1A2075'),
('F0004R1A2075CH03', 'of', 0, 'F0004R1A2075'),
('F0004R1A2075CH04', 'to', 0, 'F0004R1A2075'),
('F0004R1A2076CH01', 'F4T_might', 1, 'F0004R1A2076'),
('F0004R1A2076CH02', 'did', 0, 'F0004R1A2076'),
('F0004R1A2076CH03', 'must', 0, 'F0004R1A2076'),
('F0004R1A2076CH04', 'should', 0, 'F0004R1A2076'),
('F0004R1B1077CH01', 'F4T_that', 1, 'F0004R1B1077'),
('F0004R1B1077CH02', 'this', 0, 'F0004R1B1077'),
('F0004R1B1077CH03', 'which', 0, 'F0004R1B1077'),
('F0004R1B1077CH04', 'some', 0, 'F0004R1B1077'),
('F0004R1B1078CH01', 'F4T_to learn', 1, 'F0004R1B1078'),
('F0004R1B1078CH02', 'learn', 0, 'F0004R1B1078'),
('F0004R1B1078CH03', 'learned', 0, 'F0004R1B1078'),
('F0004R1B1078CH04', 'learning', 0, 'F0004R1B1078'),
('F0004R1B1079CH01', 'F4T_assigned', 1, 'F0004R1B1079'),
('F0004R1B1079CH02', 'will assign', 0, 'F0004R1B1079'),
('F0004R1B1079CH03', 'assigns', 0, 'F0004R1B1079'),
('F0004R1B1079CH04', 'been assigned', 0, 'F0004R1B1079'),
('F0004R1B1080CH01', 'F4T_faster', 1, 'F0004R1B1080'),
('F0004R1B1080CH02', 'more faster', 0, 'F0004R1B1080'),
('F0004R1B1080CH03', 'fastest', 0, 'F0004R1B1080'),
('F0004R1B1080CH04', 'fastly', 0, 'F0004R1B1080'),
('F0004R1B1081CH01', 'F4T_harder', 1, 'F0004R1B1081'),
('F0004R1B1081CH02', 'hardest', 0, 'F0004R1B1081'),
('F0004R1B1081CH03', 'more harder', 0, 'F0004R1B1081'),
('F0004R1B1081CH04', 'hard', 0, 'F0004R1B1081'),
('F0004R1B1082CH01', 'F4T_slower', 1, 'F0004R1B1082'),
('F0004R1B1082CH02', 'more slower', 0, 'F0004R1B1082'),
('F0004R1B1082CH03', 'slowly', 0, 'F0004R1B1082'),
('F0004R1B1082CH04', 'slowest', 0, 'F0004R1B1082'),
('F0004R1B1083CH01', 'F4T_eating', 1, 'F0004R1B1083'),
('F0004R1B1083CH02', 'eaten', 0, 'F0004R1B1083'),
('F0004R1B1083CH03', 'to eat', 0, 'F0004R1B1083'),
('F0004R1B1083CH04', 'eats', 0, 'F0004R1B1083'),
('F0004R1B1084CH01', 'F4T_be held', 1, 'F0004R1B1084'),
('F0004R1B1084CH02', 'not be held', 0, 'F0004R1B1084'),
('F0004R1B1084CH03', 'be postponed indefinitely', 0, 'F0004R1B1084'),
('F0004R1B1084CH04', 'be cancelled', 0, 'F0004R1B1084'),
('F0004R1B2085CH01', 'F4T_using', 1, 'F0004R1B2085'),
('F0004R1B2085CH02', 'use', 0, 'F0004R1B2085'),
('F0004R1B2085CH03', 'will use', 0, 'F0004R1B2085'),
('F0004R1B2085CH04', 'to use', 0, 'F0004R1B2085'),
('F0004R1B2086CH01', 'F4T_aren’t you', 1, 'F0004R1B2086'),
('F0004R1B2086CH02', 'do you', 0, 'F0004R1B2086'),
('F0004R1B2086CH03', 'don’t you', 0, 'F0004R1B2086'),
('F0004R1B2086CH04', 'are you', 0, 'F0004R1B2086'),
('F0004R1B2087CH01', 'F4T_was seen', 1, 'F0004R1B2087'),
('F0004R1B2087CH02', 'is seen', 0, 'F0004R1B2087'),
('F0004R1B2087CH03', 'seeing', 0, 'F0004R1B2087'),
('F0004R1B2087CH04', 'had seen', 0, 'F0004R1B2087'),
('F0004R1B2088CH01', 'F4T_beautiful', 1, 'F0004R1B2088'),
('F0004R1B2088CH02', 'beauty', 0, 'F0004R1B2088'),
('F0004R1B2088CH03', 'beautifully', 0, 'F0004R1B2088'),
('F0004R1B2088CH04', 'very beautiful', 0, 'F0004R1B2088'),
('F0004R1B2089CH01', 'F4T_closing', 1, 'F0004R1B2089'),
('F0004R1B2089CH02', 'to closing', 0, 'F0004R1B2089'),
('F0004R1B2089CH03', 'closed', 0, 'F0004R1B2089'),
('F0004R1B2089CH04', 'close', 0, 'F0004R1B2089'),
('F0004R1B2090CH01', 'F4T_will rain', 1, 'F0004R1B2090'),
('F0004R1B2090CH02', 'shouldn’t rain', 0, 'F0004R1B2090'),
('F0004R1B2090CH03', 'had rain', 0, 'F0004R1B2090'),
('F0004R1B2090CH04', 'raining', 0, 'F0004R1B2090'),
('F0004R1B2091CH01', 'F4T_drank', 1, 'F0004R1B2091'),
('F0004R1B2091CH02', 'has drunk', 0, 'F0004R1B2091'),
('F0004R1B2091CH03', 'is drinking', 0, 'F0004R1B2091'),
('F0004R1B2091CH04', 'drinked', 0, 'F0004R1B2091'),
('F0004R1C1092CH01', 'F4T_got over', 1, 'F0004R1C1092'),
('F0004R1C1092CH02', 'got out', 0, 'F0004R1C1092'),
('F0004R1C1092CH03', 'got back', 0, 'F0004R1C1092'),
('F0004R1C1092CH04', 'got used', 0, 'F0004R1C1092'),
('F0004R1C1093CH01', 'F4T_the most famous', 1, 'F0004R1C1093'),
('F0004R1C1093CH02', 'most famous', 0, 'F0004R1C1093'),
('F0004R1C1093CH03', 'more famous', 0, 'F0004R1C1093'),
('F0004R1C1093CH04', 'the more famous', 0, 'F0004R1C1093'),
('F0004R1C1094CH01', 'F4T_will be happy', 1, 'F0004R1C1094'),
('F0004R1C1094CH02', 'to be happy', 0, 'F0004R1C1094'),
('F0004R1C1094CH03', 'would be happy', 0, 'F0004R1C1094'),
('F0004R1C1094CH04', 'is to be happy', 0, 'F0004R1C1094'),
('F0004R1C1095CH01', 'F4T_Let’s not go', 1, 'F0004R1C1095'),
('F0004R1C1095CH02', 'Not, let’s go', 0, 'F0004R1C1095'),
('F0004R1C1095CH03', 'Let’s go out', 0, 'F0004R1C1095'),
('F0004R1C1095CH04', 'Go let’s not', 0, 'F0004R1C1095'),
('F0004R1C1096CH01', 'F4T_where the hospital is', 1, 'F0004R1C1096'),
('F0004R1C1096CH02', 'where is the hospital', 0, 'F0004R1C1096'),
('F0004R1C1096CH03', 'is where the hospital', 0, 'F0004R1C1096'),
('F0004R1C1096CH04', 'the hospital is where', 0, 'F0004R1C1096'),
('F0004R1C1097CH01', 'F4T_No, nothing else, thank you.', 1, 'F0004R1C1097'),
('F0004R1C1097CH02', 'Yes, nothing else, thank you.', 0, 'F0004R1C1097');
INSERT INTO `tbchoice` (`choicecode`, `choicetext`, `answer`, `questioncode`) VALUES
('F0004R1C1097CH03', 'Yes, anything else, thank you.', 0, 'F0004R1C1097'),
('F0004R1C1097CH04', 'No, anything else, thank you.', 0, 'F0004R1C1097'),
('F0004R1C1098CH01', 'F4T_Weren’t you taught by Mr. Brown last year?', 1, 'F0004R1C1098'),
('F0004R1C1098CH02', 'Weren’t you by Mr. Brown taught last year?', 0, 'F0004R1C1098'),
('F0004R1C1098CH03', 'Weren’t you last year by Mr. Brown taught?', 0, 'F0004R1C1098'),
('F0004R1C1098CH04', 'Weren’t Mr. Brown taught by you last year?', 0, 'F0004R1C1098'),
('F0004R1C1099CH01', 'F4T_The car hit the man.', 1, 'F0004R1C1099'),
('F0004R1C1099CH02', 'The car was standing on the corner.', 0, 'F0004R1C1099'),
('F0004R1C1099CH03', 'The man went through a red light.', 0, 'F0004R1C1099'),
('F0004R1C1099CH04', 'The car hit the red light.', 0, 'F0004R1C1099'),
('F0004R1C1100CH01', 'F4T_have the clothes taken to Stella’s house', 1, 'F0004R1C1100'),
('F0004R1C1100CH02', 'put a special finish on the clothes', 0, 'F0004R1C1100'),
('F0004R1C1100CH03', 'throw the clothes away because they are too old', 0, 'F0004R1C1100'),
('F0004R1C1100CH04', 'come get Stella’s clothes to be cleaned', 0, 'F0004R1C1100');

-- --------------------------------------------------------

--
-- Table structure for table `tbindvform`
--

CREATE TABLE `tbindvform` (
  `indvtfrmcode` varchar(35) NOT NULL COMMENT 'รหัสแบบฟอร์มทดสอบรายบุคคล (รหัสการจอง-เลขประจำตัวประชาชน-เลขฟอร์ม) เช่น สอ.ทอ.จองครั้งที่ 1 ฟอร์ม 1 ผลการสอบรายบุคคลเป็น DCE001-1234567890123-F0001R1A1061',
  `testresultcode` varchar(20) DEFAULT NULL COMMENT 'รหัสผลการทดสอบของแต่ละการจอง (รหัสการจอง-เลขประจำตัวประชาชน) เช่น สอ.ทอ.จองครั้งที่ 1 ผลการสอบรายบุคคลเป็น DCE001-1234567890123',
  `question_code` varchar(12) DEFAULT NULL COMMENT 'รหัสโจทย์ 12 หลัก (เลขฟอร์ม+cerfcode+เลขข้อ) เข่น  F0001R1A1061',
  `questionorder` varchar(3) NOT NULL COMMENT 'ลำดับข้อในชุดข้อสอบ  001 - 100',
  `A` varchar(16) DEFAULT NULL COMMENT 'choice A',
  `B` varchar(16) DEFAULT NULL COMMENT 'choice B',
  `C` varchar(16) DEFAULT NULL COMMENT 'choice C',
  `D` varchar(16) DEFAULT NULL COMMENT 'choice D',
  `frmcreatedate` date NOT NULL COMMENT 'วันที่สร้างฟอร์มทดสอบรายบุคคล'
) ENGINE=InnoDB DEFAULT CHARSET=utf8mb4;

--
-- Dumping data for table `tbindvform`
--

INSERT INTO `tbindvform` (`indvtfrmcode`, `testresultcode`, `question_code`, `questionorder`, `A`, `B`, `C`, `D`, `frmcreatedate`) VALUES
('DAE001-3333333333333-F0001L1A1001', 'DAE001-3333333333333', 'F0001L1A1001', '5', 'F0001L1A1001CH03', 'F0001L1A1001CH02', 'F0001L1A1001CH04', 'F0001L1A1001CH01', '2024-01-10'),
('DAE001-3333333333333-F0001L1A1002', 'DAE001-3333333333333', 'F0001L1A1002', '1', 'F0001L1A1002CH02', 'F0001L1A1002CH03', 'F0001L1A1002CH04', 'F0001L1A1002CH01', '2024-01-10'),
('DAE001-3333333333333-F0001L1A1003', 'DAE001-3333333333333', 'F0001L1A1003', '3', 'F0001L1A1003CH03', 'F0001L1A1003CH02', 'F0001L1A1003CH01', 'F0001L1A1003CH04', '2024-01-10'),
('DAE001-3333333333333-F0001L1A1004', 'DAE001-3333333333333', 'F0001L1A1004', '6', 'F0001L1A1004CH03', 'F0001L1A1004CH01', 'F0001L1A1004CH04', 'F0001L1A1004CH02', '2024-01-10'),
('DAE001-3333333333333-F0001L1A1005', 'DAE001-3333333333333', 'F0001L1A1005', '8', 'F0001L1A1005CH03', 'F0001L1A1005CH04', 'F0001L1A1005CH02', 'F0001L1A1005CH01', '2024-01-10'),
('DAE001-3333333333333-F0001L1A1006', 'DAE001-3333333333333', 'F0001L1A1006', '2', 'F0001L1A1006CH03', 'F0001L1A1006CH04', 'F0001L1A1006CH01', 'F0001L1A1006CH02', '2024-01-10'),
('DAE001-3333333333333-F0001L1A1007', 'DAE001-3333333333333', 'F0001L1A1007', '7', 'F0001L1A1007CH03', 'F0001L1A1007CH02', 'F0001L1A1007CH04', 'F0001L1A1007CH01', '2024-01-10'),
('DAE001-3333333333333-F0001L1A1008', 'DAE001-3333333333333', 'F0001L1A1008', '4', 'F0001L1A1008CH03', 'F0001L1A1008CH02', 'F0001L1A1008CH04', 'F0001L1A1008CH01', '2024-01-10'),
('DAE001-3333333333333-F0001L1A2009', 'DAE001-3333333333333', 'F0001L1A2009', '14', 'F0001L1A2009CH03', 'F0001L1A2009CH02', 'F0001L1A2009CH04', 'F0001L1A2009CH01', '2024-01-10'),
('DAE001-3333333333333-F0001L1A2010', 'DAE001-3333333333333', 'F0001L1A2010', '10', 'F0001L1A2010CH03', 'F0001L1A2010CH02', 'F0001L1A2010CH04', 'F0001L1A2010CH01', '2024-01-10'),
('DAE001-3333333333333-F0001L1A2011', 'DAE001-3333333333333', 'F0001L1A2011', '11', 'F0001L1A2011CH01', 'F0001L1A2011CH02', 'F0001L1A2011CH04', 'F0001L1A2011CH03', '2024-01-10'),
('DAE001-3333333333333-F0001L1A2012', 'DAE001-3333333333333', 'F0001L1A2012', '9', 'F0001L1A2012CH03', 'F0001L1A2012CH04', 'F0001L1A2012CH02', 'F0001L1A2012CH01', '2024-01-10'),
('DAE001-3333333333333-F0001L1A2013', 'DAE001-3333333333333', 'F0001L1A2013', '15', 'F0001L1A2013CH04', 'F0001L1A2013CH03', 'F0001L1A2013CH02', 'F0001L1A2013CH01', '2024-01-10'),
('DAE001-3333333333333-F0001L1A2014', 'DAE001-3333333333333', 'F0001L1A2014', '13', 'F0001L1A2014CH02', 'F0001L1A2014CH01', 'F0001L1A2014CH04', 'F0001L1A2014CH03', '2024-01-10'),
('DAE001-3333333333333-F0001L1A2015', 'DAE001-3333333333333', 'F0001L1A2015', '16', 'F0001L1A2015CH03', 'F0001L1A2015CH04', 'F0001L1A2015CH02', 'F0001L1A2015CH01', '2024-01-10'),
('DAE001-3333333333333-F0001L1A2016', 'DAE001-3333333333333', 'F0001L1A2016', '12', 'F0001L1A2016CH01', 'F0001L1A2016CH04', 'F0001L1A2016CH02', 'F0001L1A2016CH03', '2024-01-10'),
('DAE001-3333333333333-F0001L1B1017', 'DAE001-3333333333333', 'F0001L1B1017', '19', 'F0001L1B1017CH04', 'F0001L1B1017CH02', 'F0001L1B1017CH03', 'F0001L1B1017CH01', '2024-01-10'),
('DAE001-3333333333333-F0001L1B1018', 'DAE001-3333333333333', 'F0001L1B1018', '17', 'F0001L1B1018CH02', 'F0001L1B1018CH04', 'F0001L1B1018CH03', 'F0001L1B1018CH01', '2024-01-10'),
('DAE001-3333333333333-F0001L1B1019', 'DAE001-3333333333333', 'F0001L1B1019', '25', 'F0001L1B1019CH04', 'F0001L1B1019CH01', 'F0001L1B1019CH02', 'F0001L1B1019CH03', '2024-01-10'),
('DAE001-3333333333333-F0001L1B1020', 'DAE001-3333333333333', 'F0001L1B1020', '18', 'F0001L1B1020CH01', 'F0001L1B1020CH04', 'F0001L1B1020CH03', 'F0001L1B1020CH02', '2024-01-10'),
('DAE001-3333333333333-F0001L1B1021', 'DAE001-3333333333333', 'F0001L1B1021', '22', 'F0001L1B1021CH04', 'F0001L1B1021CH01', 'F0001L1B1021CH03', 'F0001L1B1021CH02', '2024-01-10'),
('DAE001-3333333333333-F0001L1B1022', 'DAE001-3333333333333', 'F0001L1B1022', '30', 'F0001L1B1022CH02', 'F0001L1B1022CH03', 'F0001L1B1022CH04', 'F0001L1B1022CH01', '2024-01-10'),
('DAE001-3333333333333-F0001L1B1023', 'DAE001-3333333333333', 'F0001L1B1023', '27', 'F0001L1B1023CH02', 'F0001L1B1023CH04', 'F0001L1B1023CH01', 'F0001L1B1023CH03', '2024-01-10'),
('DAE001-3333333333333-F0001L1B1024', 'DAE001-3333333333333', 'F0001L1B1024', '23', 'F0001L1B1024CH02', 'F0001L1B1024CH03', 'F0001L1B1024CH04', 'F0001L1B1024CH01', '2024-01-10'),
('DAE001-3333333333333-F0001L1B1025', 'DAE001-3333333333333', 'F0001L1B1025', '28', 'F0001L1B1025CH04', 'F0001L1B1025CH03', 'F0001L1B1025CH02', 'F0001L1B1025CH01', '2024-01-10'),
('DAE001-3333333333333-F0001L1B1026', 'DAE001-3333333333333', 'F0001L1B1026', '26', 'F0001L1B1026CH03', 'F0001L1B1026CH02', 'F0001L1B1026CH01', 'F0001L1B1026CH04', '2024-01-10'),
('DAE001-3333333333333-F0001L1B1027', 'DAE001-3333333333333', 'F0001L1B1027', '29', 'F0001L1B1027CH01', 'F0001L1B1027CH03', 'F0001L1B1027CH04', 'F0001L1B1027CH02', '2024-01-10'),
('DAE001-3333333333333-F0001L1B1028', 'DAE001-3333333333333', 'F0001L1B1028', '24', 'F0001L1B1028CH02', 'F0001L1B1028CH01', 'F0001L1B1028CH03', 'F0001L1B1028CH04', '2024-01-10'),
('DAE001-3333333333333-F0001L1B1029', 'DAE001-3333333333333', 'F0001L1B1029', '21', 'F0001L1B1029CH02', 'F0001L1B1029CH03', 'F0001L1B1029CH01', 'F0001L1B1029CH04', '2024-01-10'),
('DAE001-3333333333333-F0001L1B1030', 'DAE001-3333333333333', 'F0001L1B1030', '20', 'F0001L1B1030CH01', 'F0001L1B1030CH03', 'F0001L1B1030CH02', 'F0001L1B1030CH04', '2024-01-10'),
('DAE001-3333333333333-F0001L1B2031', 'DAE001-3333333333333', 'F0001L1B2031', '31', 'F0001L1B2031CH02', 'F0001L1B2031CH03', 'F0001L1B2031CH04', 'F0001L1B2031CH01', '2024-01-10'),
('DAE001-3333333333333-F0001L1B2032', 'DAE001-3333333333333', 'F0001L1B2032', '41', 'F0001L1B2032CH02', 'F0001L1B2032CH01', 'F0001L1B2032CH04', 'F0001L1B2032CH03', '2024-01-10'),
('DAE001-3333333333333-F0001L1B2033', 'DAE001-3333333333333', 'F0001L1B2033', '38', 'F0001L1B2033CH02', 'F0001L1B2033CH04', 'F0001L1B2033CH01', 'F0001L1B2033CH03', '2024-01-10'),
('DAE001-3333333333333-F0001L1B2034', 'DAE001-3333333333333', 'F0001L1B2034', '37', 'F0001L1B2034CH04', 'F0001L1B2034CH03', 'F0001L1B2034CH02', 'F0001L1B2034CH01', '2024-01-10'),
('DAE001-3333333333333-F0001L1B2035', 'DAE001-3333333333333', 'F0001L1B2035', '33', 'F0001L1B2035CH03', 'F0001L1B2035CH01', 'F0001L1B2035CH04', 'F0001L1B2035CH02', '2024-01-10'),
('DAE001-3333333333333-F0001L1B2036', 'DAE001-3333333333333', 'F0001L1B2036', '34', 'F0001L1B2036CH01', 'F0001L1B2036CH03', 'F0001L1B2036CH04', 'F0001L1B2036CH02', '2024-01-10'),
('DAE001-3333333333333-F0001L1B2037', 'DAE001-3333333333333', 'F0001L1B2037', '32', 'F0001L1B2037CH04', 'F0001L1B2037CH01', 'F0001L1B2037CH03', 'F0001L1B2037CH02', '2024-01-10'),
('DAE001-3333333333333-F0001L1B2038', 'DAE001-3333333333333', 'F0001L1B2038', '43', 'F0001L1B2038CH04', 'F0001L1B2038CH03', 'F0001L1B2038CH01', 'F0001L1B2038CH02', '2024-01-10'),
('DAE001-3333333333333-F0001L1B2039', 'DAE001-3333333333333', 'F0001L1B2039', '44', 'F0001L1B2039CH04', 'F0001L1B2039CH01', 'F0001L1B2039CH02', 'F0001L1B2039CH03', '2024-01-10'),
('DAE001-3333333333333-F0001L1B2040', 'DAE001-3333333333333', 'F0001L1B2040', '42', 'F0001L1B2040CH03', 'F0001L1B2040CH04', 'F0001L1B2040CH01', 'F0001L1B2040CH02', '2024-01-10'),
('DAE001-3333333333333-F0001L1B2041', 'DAE001-3333333333333', 'F0001L1B2041', '36', 'F0001L1B2041CH02', 'F0001L1B2041CH01', 'F0001L1B2041CH04', 'F0001L1B2041CH03', '2024-01-10'),
('DAE001-3333333333333-F0001L1B2042', 'DAE001-3333333333333', 'F0001L1B2042', '40', 'F0001L1B2042CH02', 'F0001L1B2042CH03', 'F0001L1B2042CH04', 'F0001L1B2042CH01', '2024-01-10'),
('DAE001-3333333333333-F0001L1B2043', 'DAE001-3333333333333', 'F0001L1B2043', '39', 'F0001L1B2043CH04', 'F0001L1B2043CH03', 'F0001L1B2043CH01', 'F0001L1B2043CH02', '2024-01-10'),
('DAE001-3333333333333-F0001L1B2044', 'DAE001-3333333333333', 'F0001L1B2044', '45', 'F0001L1B2044CH02', 'F0001L1B2044CH01', 'F0001L1B2044CH04', 'F0001L1B2044CH03', '2024-01-10'),
('DAE001-3333333333333-F0001L1B2045', 'DAE001-3333333333333', 'F0001L1B2045', '35', 'F0001L1B2045CH04', 'F0001L1B2045CH03', 'F0001L1B2045CH02', 'F0001L1B2045CH01', '2024-01-10'),
('DAE001-3333333333333-F0001L1C1046', 'DAE001-3333333333333', 'F0001L1C1046', '48', 'F0001L1C1046CH04', 'F0001L1C1046CH03', 'F0001L1C1046CH02', 'F0001L1C1046CH01', '2024-01-10'),
('DAE001-3333333333333-F0001L1C1047', 'DAE001-3333333333333', 'F0001L1C1047', '50', 'F0001L1C1047CH01', 'F0001L1C1047CH02', 'F0001L1C1047CH03', 'F0001L1C1047CH04', '2024-01-10'),
('DAE001-3333333333333-F0001L1C1048', 'DAE001-3333333333333', 'F0001L1C1048', '49', 'F0001L1C1048CH01', 'F0001L1C1048CH03', 'F0001L1C1048CH04', 'F0001L1C1048CH02', '2024-01-10'),
('DAE001-3333333333333-F0001L1C1049', 'DAE001-3333333333333', 'F0001L1C1049', '47', 'F0001L1C1049CH02', 'F0001L1C1049CH03', 'F0001L1C1049CH04', 'F0001L1C1049CH01', '2024-01-10'),
('DAE001-3333333333333-F0001L1C1050', 'DAE001-3333333333333', 'F0001L1C1050', '46', 'F0001L1C1050CH04', 'F0001L1C1050CH02', 'F0001L1C1050CH03', 'F0001L1C1050CH01', '2024-01-10'),
('DAE001-3333333333333-F0001L2A1051', 'DAE001-3333333333333', 'F0001L2A1051', '52', 'F0001L2A1051CH02', 'F0001L2A1051CH03', 'F0001L2A1051CH01', 'F0001L2A1051CH04', '2024-01-10'),
('DAE001-3333333333333-F0001L2A1052', 'DAE001-3333333333333', 'F0001L2A1052', '51', 'F0001L2A1052CH03', 'F0001L2A1052CH02', 'F0001L2A1052CH01', 'F0001L2A1052CH04', '2024-01-10'),
('DAE001-3333333333333-F0001L2A2053', 'DAE001-3333333333333', 'F0001L2A2053', '53', 'F0001L2A2053CH01', 'F0001L2A2053CH02', 'F0001L2A2053CH03', 'F0001L2A2053CH04', '2024-01-10'),
('DAE001-3333333333333-F0001L2A2054', 'DAE001-3333333333333', 'F0001L2A2054', '54', 'F0001L2A2054CH01', 'F0001L2A2054CH04', 'F0001L2A2054CH02', 'F0001L2A2054CH03', '2024-01-10'),
('DAE001-3333333333333-F0001L2B1055', 'DAE001-3333333333333', 'F0001L2B1055', '56', 'F0001L2B1055CH03', 'F0001L2B1055CH02', 'F0001L2B1055CH04', 'F0001L2B1055CH01', '2024-01-10'),
('DAE001-3333333333333-F0001L2B1056', 'DAE001-3333333333333', 'F0001L2B1056', '55', 'F0001L2B1056CH02', 'F0001L2B1056CH04', 'F0001L2B1056CH03', 'F0001L2B1056CH01', '2024-01-10'),
('DAE001-3333333333333-F0001L2B2057', 'DAE001-3333333333333', 'F0001L2B2057', '58', 'F0001L2B2057CH02', 'F0001L2B2057CH03', 'F0001L2B2057CH04', 'F0001L2B2057CH01', '2024-01-10'),
('DAE001-3333333333333-F0001L2B2058', 'DAE001-3333333333333', 'F0001L2B2058', '57', 'F0001L2B2058CH01', 'F0001L2B2058CH02', 'F0001L2B2058CH04', 'F0001L2B2058CH03', '2024-01-10'),
('DAE001-3333333333333-F0001L2C1059', 'DAE001-3333333333333', 'F0001L2C1059', '59', 'F0001L2C1059CH02', 'F0001L2C1059CH04', 'F0001L2C1059CH03', 'F0001L2C1059CH01', '2024-01-10'),
('DAE001-3333333333333-F0001L2C1060', 'DAE001-3333333333333', 'F0001L2C1060', '60', 'F0001L2C1060CH03', 'F0001L2C1060CH02', 'F0001L2C1060CH04', 'F0001L2C1060CH01', '2024-01-10'),
('DAE001-3333333333333-F0001R1A1061', 'DAE001-3333333333333', 'F0001R1A1061', '63', 'F0001R1A1061CH01', 'F0001R1A1061CH03', 'F0001R1A1061CH02', 'F0001R1A1061CH04', '2024-01-10'),
('DAE001-3333333333333-F0001R1A1062', 'DAE001-3333333333333', 'F0001R1A1062', '61', 'F0001R1A1062CH01', 'F0001R1A1062CH02', 'F0001R1A1062CH03', 'F0001R1A1062CH04', '2024-01-10'),
('DAE001-3333333333333-F0001R1A1063', 'DAE001-3333333333333', 'F0001R1A1063', '68', 'F0001R1A1063CH03', 'F0001R1A1063CH04', 'F0001R1A1063CH01', 'F0001R1A1063CH02', '2024-01-10'),
('DAE001-3333333333333-F0001R1A1064', 'DAE001-3333333333333', 'F0001R1A1064', '62', 'F0001R1A1064CH01', 'F0001R1A1064CH02', 'F0001R1A1064CH04', 'F0001R1A1064CH03', '2024-01-10'),
('DAE001-3333333333333-F0001R1A1065', 'DAE001-3333333333333', 'F0001R1A1065', '65', 'F0001R1A1065CH02', 'F0001R1A1065CH04', 'F0001R1A1065CH03', 'F0001R1A1065CH01', '2024-01-10'),
('DAE001-3333333333333-F0001R1A1066', 'DAE001-3333333333333', 'F0001R1A1066', '64', 'F0001R1A1066CH02', 'F0001R1A1066CH03', 'F0001R1A1066CH04', 'F0001R1A1066CH01', '2024-01-10'),
('DAE001-3333333333333-F0001R1A1067', 'DAE001-3333333333333', 'F0001R1A1067', '66', 'F0001R1A1067CH02', 'F0001R1A1067CH01', 'F0001R1A1067CH03', 'F0001R1A1067CH04', '2024-01-10'),
('DAE001-3333333333333-F0001R1A1068', 'DAE001-3333333333333', 'F0001R1A1068', '67', 'F0001R1A1068CH03', 'F0001R1A1068CH02', 'F0001R1A1068CH01', 'F0001R1A1068CH04', '2024-01-10'),
('DAE001-3333333333333-F0001R1A2069', 'DAE001-3333333333333', 'F0001R1A2069', '71', 'F0001R1A2069CH04', 'F0001R1A2069CH01', 'F0001R1A2069CH03', 'F0001R1A2069CH02', '2024-01-10'),
('DAE001-3333333333333-F0001R1A2070', 'DAE001-3333333333333', 'F0001R1A2070', '72', 'F0001R1A2070CH03', 'F0001R1A2070CH01', 'F0001R1A2070CH04', 'F0001R1A2070CH02', '2024-01-10'),
('DAE001-3333333333333-F0001R1A2071', 'DAE001-3333333333333', 'F0001R1A2071', '73', 'F0001R1A2071CH01', 'F0001R1A2071CH04', 'F0001R1A2071CH03', 'F0001R1A2071CH02', '2024-01-10'),
('DAE001-3333333333333-F0001R1A2072', 'DAE001-3333333333333', 'F0001R1A2072', '74', 'F0001R1A2072CH02', 'F0001R1A2072CH04', 'F0001R1A2072CH01', 'F0001R1A2072CH03', '2024-01-10'),
('DAE001-3333333333333-F0001R1A2073', 'DAE001-3333333333333', 'F0001R1A2073', '76', 'F0001R1A2073CH03', 'F0001R1A2073CH04', 'F0001R1A2073CH01', 'F0001R1A2073CH02', '2024-01-10'),
('DAE001-3333333333333-F0001R1A2074', 'DAE001-3333333333333', 'F0001R1A2074', '70', 'F0001R1A2074CH04', 'F0001R1A2074CH03', 'F0001R1A2074CH02', 'F0001R1A2074CH01', '2024-01-10'),
('DAE001-3333333333333-F0001R1A2075', 'DAE001-3333333333333', 'F0001R1A2075', '75', 'F0001R1A2075CH02', 'F0001R1A2075CH03', 'F0001R1A2075CH04', 'F0001R1A2075CH01', '2024-01-10'),
('DAE001-3333333333333-F0001R1A2076', 'DAE001-3333333333333', 'F0001R1A2076', '69', 'F0001R1A2076CH02', 'F0001R1A2076CH04', 'F0001R1A2076CH03', 'F0001R1A2076CH01', '2024-01-10'),
('DAE001-3333333333333-F0001R1B1077', 'DAE001-3333333333333', 'F0001R1B1077', '78', 'F0001R1B1077CH02', 'F0001R1B1077CH04', 'F0001R1B1077CH03', 'F0001R1B1077CH01', '2024-01-10'),
('DAE001-3333333333333-F0001R1B1078', 'DAE001-3333333333333', 'F0001R1B1078', '82', 'F0001R1B1078CH01', 'F0001R1B1078CH02', 'F0001R1B1078CH04', 'F0001R1B1078CH03', '2024-01-10'),
('DAE001-3333333333333-F0001R1B1079', 'DAE001-3333333333333', 'F0001R1B1079', '84', 'F0001R1B1079CH03', 'F0001R1B1079CH02', 'F0001R1B1079CH01', 'F0001R1B1079CH04', '2024-01-10'),
('DAE001-3333333333333-F0001R1B1080', 'DAE001-3333333333333', 'F0001R1B1080', '81', 'F0001R1B1080CH01', 'F0001R1B1080CH03', 'F0001R1B1080CH04', 'F0001R1B1080CH02', '2024-01-10'),
('DAE001-3333333333333-F0001R1B1081', 'DAE001-3333333333333', 'F0001R1B1081', '77', 'F0001R1B1081CH03', 'F0001R1B1081CH01', 'F0001R1B1081CH02', 'F0001R1B1081CH04', '2024-01-10'),
('DAE001-3333333333333-F0001R1B1082', 'DAE001-3333333333333', 'F0001R1B1082', '79', 'F0001R1B1082CH02', 'F0001R1B1082CH04', 'F0001R1B1082CH03', 'F0001R1B1082CH01', '2024-01-10'),
('DAE001-3333333333333-F0001R1B1083', 'DAE001-3333333333333', 'F0001R1B1083', '80', 'F0001R1B1083CH01', 'F0001R1B1083CH04', 'F0001R1B1083CH03', 'F0001R1B1083CH02', '2024-01-10'),
('DAE001-3333333333333-F0001R1B1084', 'DAE001-3333333333333', 'F0001R1B1084', '83', 'F0001R1B1084CH03', 'F0001R1B1084CH02', 'F0001R1B1084CH04', 'F0001R1B1084CH01', '2024-01-10'),
('DAE001-3333333333333-F0001R1B2085', 'DAE001-3333333333333', 'F0001R1B2085', '86', 'F0001R1B2085CH03', 'F0001R1B2085CH01', 'F0001R1B2085CH02', 'F0001R1B2085CH04', '2024-01-10'),
('DAE001-3333333333333-F0001R1B2086', 'DAE001-3333333333333', 'F0001R1B2086', '90', 'F0001R1B2086CH02', 'F0001R1B2086CH01', 'F0001R1B2086CH04', 'F0001R1B2086CH03', '2024-01-10'),
('DAE001-3333333333333-F0001R1B2087', 'DAE001-3333333333333', 'F0001R1B2087', '91', 'F0001R1B2087CH04', 'F0001R1B2087CH02', 'F0001R1B2087CH03', 'F0001R1B2087CH01', '2024-01-10'),
('DAE001-3333333333333-F0001R1B2088', 'DAE001-3333333333333', 'F0001R1B2088', '88', 'F0001R1B2088CH04', 'F0001R1B2088CH01', 'F0001R1B2088CH02', 'F0001R1B2088CH03', '2024-01-10'),
('DAE001-3333333333333-F0001R1B2089', 'DAE001-3333333333333', 'F0001R1B2089', '87', 'F0001R1B2089CH03', 'F0001R1B2089CH01', 'F0001R1B2089CH02', 'F0001R1B2089CH04', '2024-01-10'),
('DAE001-3333333333333-F0001R1B2090', 'DAE001-3333333333333', 'F0001R1B2090', '85', 'F0001R1B2090CH03', 'F0001R1B2090CH04', 'F0001R1B2090CH01', 'F0001R1B2090CH02', '2024-01-10'),
('DAE001-3333333333333-F0001R1B2091', 'DAE001-3333333333333', 'F0001R1B2091', '89', 'F0001R1B2091CH03', 'F0001R1B2091CH01', 'F0001R1B2091CH02', 'F0001R1B2091CH04', '2024-01-10'),
('DAE001-3333333333333-F0001R1C1092', 'DAE001-3333333333333', 'F0001R1C1092', '93', 'F0001R1C1092CH02', 'F0001R1C1092CH04', 'F0001R1C1092CH03', 'F0001R1C1092CH01', '2024-01-10'),
('DAE001-3333333333333-F0001R1C1093', 'DAE001-3333333333333', 'F0001R1C1093', '95', 'F0001R1C1093CH02', 'F0001R1C1093CH03', 'F0001R1C1093CH01', 'F0001R1C1093CH04', '2024-01-10'),
('DAE001-3333333333333-F0001R1C1094', 'DAE001-3333333333333', 'F0001R1C1094', '92', 'F0001R1C1094CH03', 'F0001R1C1094CH02', 'F0001R1C1094CH04', 'F0001R1C1094CH01', '2024-01-10'),
('DAE001-3333333333333-F0001R1C1095', 'DAE001-3333333333333', 'F0001R1C1095', '94', 'F0001R1C1095CH01', 'F0001R1C1095CH03', 'F0001R1C1095CH04', 'F0001R1C1095CH02', '2024-01-10'),
('DAE001-3333333333333-F0001R1C1096', 'DAE001-3333333333333', 'F0001R1C1096', '96', 'F0001R1C1096CH04', 'F0001R1C1096CH03', 'F0001R1C1096CH01', 'F0001R1C1096CH02', '2024-01-10'),
('DAE001-3333333333333-F0001R1C1097', 'DAE001-3333333333333', 'F0001R1C1097', '97', 'F0001R1C1097CH02', 'F0001R1C1097CH04', 'F0001R1C1097CH01', 'F0001R1C1097CH03', '2024-01-10'),
('DAE001-3333333333333-F0001R1C1098', 'DAE001-3333333333333', 'F0001R1C1098', '98', 'F0001R1C1098CH02', 'F0001R1C1098CH03', 'F0001R1C1098CH01', 'F0001R1C1098CH04', '2024-01-10'),
('DAE001-3333333333333-F0001R1C1099', 'DAE001-3333333333333', 'F0001R1C1099', '99', 'F0001R1C1099CH02', 'F0001R1C1099CH04', 'F0001R1C1099CH01', 'F0001R1C1099CH03', '2024-01-10'),
('DAE001-3333333333333-F0001R1C1100', 'DAE001-3333333333333', 'F0001R1C1100', '100', 'F0001R1C1100CH03', 'F0001R1C1100CH01', 'F0001R1C1100CH02', 'F0001R1C1100CH04', '2024-01-10'),
('DAE001-3333333333333-F0002L1A1001', 'DAE001-3333333333333', 'F0002L1A1001', '8', 'F0002L1A1001CH02', 'F0002L1A1001CH04', 'F0002L1A1001CH01', 'F0002L1A1001CH03', '2024-01-10'),
('DAE001-3333333333333-F0002L1A1002', 'DAE001-3333333333333', 'F0002L1A1002', '2', 'F0002L1A1002CH03', 'F0002L1A1002CH02', 'F0002L1A1002CH01', 'F0002L1A1002CH04', '2024-01-10'),
('DAE001-3333333333333-F0002L1A1003', 'DAE001-3333333333333', 'F0002L1A1003', '1', 'F0002L1A1003CH01', 'F0002L1A1003CH04', 'F0002L1A1003CH03', 'F0002L1A1003CH02', '2024-01-10'),
('DAE001-3333333333333-F0002L1A1004', 'DAE001-3333333333333', 'F0002L1A1004', '3', 'F0002L1A1004CH03', 'F0002L1A1004CH04', 'F0002L1A1004CH01', 'F0002L1A1004CH02', '2024-01-10'),
('DAE001-3333333333333-F0002L1A1005', 'DAE001-3333333333333', 'F0002L1A1005', '7', 'F0002L1A1005CH03', 'F0002L1A1005CH02', 'F0002L1A1005CH04', 'F0002L1A1005CH01', '2024-01-10'),
('DAE001-3333333333333-F0002L1A1006', 'DAE001-3333333333333', 'F0002L1A1006', '6', 'F0002L1A1006CH03', 'F0002L1A1006CH02', 'F0002L1A1006CH04', 'F0002L1A1006CH01', '2024-01-10'),
('DAE001-3333333333333-F0002L1A1007', 'DAE001-3333333333333', 'F0002L1A1007', '5', 'F0002L1A1007CH04', 'F0002L1A1007CH03', 'F0002L1A1007CH02', 'F0002L1A1007CH01', '2024-01-10'),
('DAE001-3333333333333-F0002L1A1008', 'DAE001-3333333333333', 'F0002L1A1008', '4', 'F0002L1A1008CH02', 'F0002L1A1008CH01', 'F0002L1A1008CH03', 'F0002L1A1008CH04', '2024-01-10'),
('DAE001-3333333333333-F0002L1A2009', 'DAE001-3333333333333', 'F0002L1A2009', '15', 'F0002L1A2009CH03', 'F0002L1A2009CH01', 'F0002L1A2009CH04', 'F0002L1A2009CH02', '2024-01-10'),
('DAE001-3333333333333-F0002L1A2010', 'DAE001-3333333333333', 'F0002L1A2010', '9', 'F0002L1A2010CH01', 'F0002L1A2010CH04', 'F0002L1A2010CH03', 'F0002L1A2010CH02', '2024-01-10'),
('DAE001-3333333333333-F0002L1A2011', 'DAE001-3333333333333', 'F0002L1A2011', '12', 'F0002L1A2011CH01', 'F0002L1A2011CH04', 'F0002L1A2011CH02', 'F0002L1A2011CH03', '2024-01-10'),
('DAE001-3333333333333-F0002L1A2012', 'DAE001-3333333333333', 'F0002L1A2012', '10', 'F0002L1A2012CH01', 'F0002L1A2012CH03', 'F0002L1A2012CH02', 'F0002L1A2012CH04', '2024-01-10'),
('DAE001-3333333333333-F0002L1A2013', 'DAE001-3333333333333', 'F0002L1A2013', '13', 'F0002L1A2013CH02', 'F0002L1A2013CH03', 'F0002L1A2013CH01', 'F0002L1A2013CH04', '2024-01-10'),
('DAE001-3333333333333-F0002L1A2014', 'DAE001-3333333333333', 'F0002L1A2014', '14', 'F0002L1A2014CH01', 'F0002L1A2014CH03', 'F0002L1A2014CH04', 'F0002L1A2014CH02', '2024-01-10'),
('DAE001-3333333333333-F0002L1A2015', 'DAE001-3333333333333', 'F0002L1A2015', '16', 'F0002L1A2015CH04', 'F0002L1A2015CH01', 'F0002L1A2015CH03', 'F0002L1A2015CH02', '2024-01-10'),
('DAE001-3333333333333-F0002L1A2016', 'DAE001-3333333333333', 'F0002L1A2016', '11', 'F0002L1A2016CH01', 'F0002L1A2016CH04', 'F0002L1A2016CH03', 'F0002L1A2016CH02', '2024-01-10'),
('DAE001-3333333333333-F0002L1B1017', 'DAE001-3333333333333', 'F0002L1B1017', '23', 'F0002L1B1017CH04', 'F0002L1B1017CH02', 'F0002L1B1017CH01', 'F0002L1B1017CH03', '2024-01-10'),
('DAE001-3333333333333-F0002L1B1018', 'DAE001-3333333333333', 'F0002L1B1018', '27', 'F0002L1B1018CH01', 'F0002L1B1018CH03', 'F0002L1B1018CH02', 'F0002L1B1018CH04', '2024-01-10'),
('DAE001-3333333333333-F0002L1B1019', 'DAE001-3333333333333', 'F0002L1B1019', '24', 'F0002L1B1019CH01', 'F0002L1B1019CH02', 'F0002L1B1019CH03', 'F0002L1B1019CH04', '2024-01-10'),
('DAE001-3333333333333-F0002L1B1020', 'DAE001-3333333333333', 'F0002L1B1020', '18', 'F0002L1B1020CH03', 'F0002L1B1020CH02', 'F0002L1B1020CH04', 'F0002L1B1020CH01', '2024-01-10'),
('DAE001-3333333333333-F0002L1B1021', 'DAE001-3333333333333', 'F0002L1B1021', '26', 'F0002L1B1021CH04', 'F0002L1B1021CH03', 'F0002L1B1021CH02', 'F0002L1B1021CH01', '2024-01-10'),
('DAE001-3333333333333-F0002L1B1022', 'DAE001-3333333333333', 'F0002L1B1022', '21', 'F0002L1B1022CH03', 'F0002L1B1022CH04', 'F0002L1B1022CH02', 'F0002L1B1022CH01', '2024-01-10'),
('DAE001-3333333333333-F0002L1B1023', 'DAE001-3333333333333', 'F0002L1B1023', '22', 'F0002L1B1023CH02', 'F0002L1B1023CH01', 'F0002L1B1023CH03', 'F0002L1B1023CH04', '2024-01-10'),
('DAE001-3333333333333-F0002L1B1024', 'DAE001-3333333333333', 'F0002L1B1024', '20', 'F0002L1B1024CH04', 'F0002L1B1024CH02', 'F0002L1B1024CH03', 'F0002L1B1024CH01', '2024-01-10'),
('DAE001-3333333333333-F0002L1B1025', 'DAE001-3333333333333', 'F0002L1B1025', '17', 'F0002L1B1025CH02', 'F0002L1B1025CH03', 'F0002L1B1025CH01', 'F0002L1B1025CH04', '2024-01-10'),
('DAE001-3333333333333-F0002L1B1026', 'DAE001-3333333333333', 'F0002L1B1026', '25', 'F0002L1B1026CH01', 'F0002L1B1026CH02', 'F0002L1B1026CH03', 'F0002L1B1026CH04', '2024-01-10'),
('DAE001-3333333333333-F0002L1B1027', 'DAE001-3333333333333', 'F0002L1B1027', '28', 'F0002L1B1027CH01', 'F0002L1B1027CH03', 'F0002L1B1027CH04', 'F0002L1B1027CH02', '2024-01-10'),
('DAE001-3333333333333-F0002L1B1028', 'DAE001-3333333333333', 'F0002L1B1028', '19', 'F0002L1B1028CH03', 'F0002L1B1028CH01', 'F0002L1B1028CH04', 'F0002L1B1028CH02', '2024-01-10'),
('DAE001-3333333333333-F0002L1B1029', 'DAE001-3333333333333', 'F0002L1B1029', '30', 'F0002L1B1029CH02', 'F0002L1B1029CH01', 'F0002L1B1029CH03', 'F0002L1B1029CH04', '2024-01-10'),
('DAE001-3333333333333-F0002L1B1030', 'DAE001-3333333333333', 'F0002L1B1030', '29', 'F0002L1B1030CH01', 'F0002L1B1030CH03', 'F0002L1B1030CH04', 'F0002L1B1030CH02', '2024-01-10'),
('DAE001-3333333333333-F0002L1B2031', 'DAE001-3333333333333', 'F0002L1B2031', '43', 'F0002L1B2031CH01', 'F0002L1B2031CH03', 'F0002L1B2031CH02', 'F0002L1B2031CH04', '2024-01-10'),
('DAE001-3333333333333-F0002L1B2032', 'DAE001-3333333333333', 'F0002L1B2032', '42', 'F0002L1B2032CH03', 'F0002L1B2032CH01', 'F0002L1B2032CH02', 'F0002L1B2032CH04', '2024-01-10'),
('DAE001-3333333333333-F0002L1B2033', 'DAE001-3333333333333', 'F0002L1B2033', '31', 'F0002L1B2033CH02', 'F0002L1B2033CH04', 'F0002L1B2033CH03', 'F0002L1B2033CH01', '2024-01-10'),
('DAE001-3333333333333-F0002L1B2034', 'DAE001-3333333333333', 'F0002L1B2034', '44', 'F0002L1B2034CH04', 'F0002L1B2034CH03', 'F0002L1B2034CH02', 'F0002L1B2034CH01', '2024-01-10'),
('DAE001-3333333333333-F0002L1B2035', 'DAE001-3333333333333', 'F0002L1B2035', '45', 'F0002L1B2035CH01', 'F0002L1B2035CH04', 'F0002L1B2035CH03', 'F0002L1B2035CH02', '2024-01-10'),
('DAE001-3333333333333-F0002L1B2036', 'DAE001-3333333333333', 'F0002L1B2036', '41', 'F0002L1B2036CH02', 'F0002L1B2036CH01', 'F0002L1B2036CH03', 'F0002L1B2036CH04', '2024-01-10'),
('DAE001-3333333333333-F0002L1B2037', 'DAE001-3333333333333', 'F0002L1B2037', '37', 'F0002L1B2037CH02', 'F0002L1B2037CH04', 'F0002L1B2037CH03', 'F0002L1B2037CH01', '2024-01-10'),
('DAE001-3333333333333-F0002L1B2038', 'DAE001-3333333333333', 'F0002L1B2038', '34', 'F0002L1B2038CH01', 'F0002L1B2038CH04', 'F0002L1B2038CH03', 'F0002L1B2038CH02', '2024-01-10'),
('DAE001-3333333333333-F0002L1B2039', 'DAE001-3333333333333', 'F0002L1B2039', '38', 'F0002L1B2039CH03', 'F0002L1B2039CH01', 'F0002L1B2039CH04', 'F0002L1B2039CH02', '2024-01-10'),
('DAE001-3333333333333-F0002L1B2040', 'DAE001-3333333333333', 'F0002L1B2040', '35', 'F0002L1B2040CH04', 'F0002L1B2040CH03', 'F0002L1B2040CH01', 'F0002L1B2040CH02', '2024-01-10'),
('DAE001-3333333333333-F0002L1B2041', 'DAE001-3333333333333', 'F0002L1B2041', '33', 'F0002L1B2041CH02', 'F0002L1B2041CH03', 'F0002L1B2041CH04', 'F0002L1B2041CH01', '2024-01-10'),
('DAE001-3333333333333-F0002L1B2042', 'DAE001-3333333333333', 'F0002L1B2042', '32', 'F0002L1B2042CH04', 'F0002L1B2042CH01', 'F0002L1B2042CH03', 'F0002L1B2042CH02', '2024-01-10'),
('DAE001-3333333333333-F0002L1B2043', 'DAE001-3333333333333', 'F0002L1B2043', '39', 'F0002L1B2043CH02', 'F0002L1B2043CH04', 'F0002L1B2043CH03', 'F0002L1B2043CH01', '2024-01-10'),
('DAE001-3333333333333-F0002L1B2044', 'DAE001-3333333333333', 'F0002L1B2044', '36', 'F0002L1B2044CH04', 'F0002L1B2044CH01', 'F0002L1B2044CH02', 'F0002L1B2044CH03', '2024-01-10'),
('DAE001-3333333333333-F0002L1B2045', 'DAE001-3333333333333', 'F0002L1B2045', '40', 'F0002L1B2045CH02', 'F0002L1B2045CH01', 'F0002L1B2045CH04', 'F0002L1B2045CH03', '2024-01-10'),
('DAE001-3333333333333-F0002L1C1046', 'DAE001-3333333333333', 'F0002L1C1046', '50', 'F0002L1C1046CH01', 'F0002L1C1046CH02', 'F0002L1C1046CH03', 'F0002L1C1046CH04', '2024-01-10'),
('DAE001-3333333333333-F0002L1C1047', 'DAE001-3333333333333', 'F0002L1C1047', '49', 'F0002L1C1047CH01', 'F0002L1C1047CH04', 'F0002L1C1047CH02', 'F0002L1C1047CH03', '2024-01-10'),
('DAE001-3333333333333-F0002L1C1048', 'DAE001-3333333333333', 'F0002L1C1048', '48', 'F0002L1C1048CH04', 'F0002L1C1048CH01', 'F0002L1C1048CH03', 'F0002L1C1048CH02', '2024-01-10'),
('DAE001-3333333333333-F0002L1C1049', 'DAE001-3333333333333', 'F0002L1C1049', '47', 'F0002L1C1049CH02', 'F0002L1C1049CH01', 'F0002L1C1049CH03', 'F0002L1C1049CH04', '2024-01-10'),
('DAE001-3333333333333-F0002L1C1050', 'DAE001-3333333333333', 'F0002L1C1050', '46', 'F0002L1C1050CH04', 'F0002L1C1050CH01', 'F0002L1C1050CH03', 'F0002L1C1050CH02', '2024-01-10'),
('DAE001-3333333333333-F0002L2A1051', 'DAE001-3333333333333', 'F0002L2A1051', '52', 'F0002L2A1051CH03', 'F0002L2A1051CH04', 'F0002L2A1051CH01', 'F0002L2A1051CH02', '2024-01-10'),
('DAE001-3333333333333-F0002L2A1052', 'DAE001-3333333333333', 'F0002L2A1052', '51', 'F0002L2A1052CH02', 'F0002L2A1052CH01', 'F0002L2A1052CH03', 'F0002L2A1052CH04', '2024-01-10'),
('DAE001-3333333333333-F0002L2A2053', 'DAE001-3333333333333', 'F0002L2A2053', '53', 'F0002L2A2053CH04', 'F0002L2A2053CH03', 'F0002L2A2053CH01', 'F0002L2A2053CH02', '2024-01-10'),
('DAE001-3333333333333-F0002L2A2054', 'DAE001-3333333333333', 'F0002L2A2054', '54', 'F0002L2A2054CH01', 'F0002L2A2054CH03', 'F0002L2A2054CH02', 'F0002L2A2054CH04', '2024-01-10'),
('DAE001-3333333333333-F0002L2B1055', 'DAE001-3333333333333', 'F0002L2B1055', '56', 'F0002L2B1055CH03', 'F0002L2B1055CH02', 'F0002L2B1055CH01', 'F0002L2B1055CH04', '2024-01-10'),
('DAE001-3333333333333-F0002L2B1056', 'DAE001-3333333333333', 'F0002L2B1056', '55', 'F0002L2B1056CH02', 'F0002L2B1056CH04', 'F0002L2B1056CH03', 'F0002L2B1056CH01', '2024-01-10'),
('DAE001-3333333333333-F0002L2B2057', 'DAE001-3333333333333', 'F0002L2B2057', '57', 'F0002L2B2057CH02', 'F0002L2B2057CH01', 'F0002L2B2057CH03', 'F0002L2B2057CH04', '2024-01-10'),
('DAE001-3333333333333-F0002L2B2058', 'DAE001-3333333333333', 'F0002L2B2058', '58', 'F0002L2B2058CH04', 'F0002L2B2058CH03', 'F0002L2B2058CH01', 'F0002L2B2058CH02', '2024-01-10'),
('DAE001-3333333333333-F0002L2C1059', 'DAE001-3333333333333', 'F0002L2C1059', '60', 'F0002L2C1059CH04', 'F0002L2C1059CH02', 'F0002L2C1059CH03', 'F0002L2C1059CH01', '2024-01-10'),
('DAE001-3333333333333-F0002L2C1060', 'DAE001-3333333333333', 'F0002L2C1060', '59', 'F0002L2C1060CH03', 'F0002L2C1060CH02', 'F0002L2C1060CH01', 'F0002L2C1060CH04', '2024-01-10'),
('DAE001-3333333333333-F0002R1A1061', 'DAE001-3333333333333', 'F0002R1A1061', '61', 'F0002R1A1061CH03', 'F0002R1A1061CH01', 'F0002R1A1061CH02', 'F0002R1A1061CH04', '2024-01-10'),
('DAE001-3333333333333-F0002R1A1062', 'DAE001-3333333333333', 'F0002R1A1062', '63', 'F0002R1A1062CH03', 'F0002R1A1062CH01', 'F0002R1A1062CH04', 'F0002R1A1062CH02', '2024-01-10'),
('DAE001-3333333333333-F0002R1A1063', 'DAE001-3333333333333', 'F0002R1A1063', '68', 'F0002R1A1063CH02', 'F0002R1A1063CH01', 'F0002R1A1063CH03', 'F0002R1A1063CH04', '2024-01-10'),
('DAE001-3333333333333-F0002R1A1064', 'DAE001-3333333333333', 'F0002R1A1064', '66', 'F0002R1A1064CH04', 'F0002R1A1064CH01', 'F0002R1A1064CH03', 'F0002R1A1064CH02', '2024-01-10'),
('DAE001-3333333333333-F0002R1A1065', 'DAE001-3333333333333', 'F0002R1A1065', '65', 'F0002R1A1065CH04', 'F0002R1A1065CH02', 'F0002R1A1065CH01', 'F0002R1A1065CH03', '2024-01-10'),
('DAE001-3333333333333-F0002R1A1066', 'DAE001-3333333333333', 'F0002R1A1066', '62', 'F0002R1A1066CH01', 'F0002R1A1066CH04', 'F0002R1A1066CH02', 'F0002R1A1066CH03', '2024-01-10'),
('DAE001-3333333333333-F0002R1A1067', 'DAE001-3333333333333', 'F0002R1A1067', '64', 'F0002R1A1067CH02', 'F0002R1A1067CH04', 'F0002R1A1067CH01', 'F0002R1A1067CH03', '2024-01-10'),
('DAE001-3333333333333-F0002R1A1068', 'DAE001-3333333333333', 'F0002R1A1068', '67', 'F0002R1A1068CH01', 'F0002R1A1068CH04', 'F0002R1A1068CH02', 'F0002R1A1068CH03', '2024-01-10'),
('DAE001-3333333333333-F0002R1A2069', 'DAE001-3333333333333', 'F0002R1A2069', '69', 'F0002R1A2069CH01', 'F0002R1A2069CH03', 'F0002R1A2069CH04', 'F0002R1A2069CH02', '2024-01-10'),
('DAE001-3333333333333-F0002R1A2070', 'DAE001-3333333333333', 'F0002R1A2070', '76', 'F0002R1A2070CH01', 'F0002R1A2070CH02', 'F0002R1A2070CH03', 'F0002R1A2070CH04', '2024-01-10'),
('DAE001-3333333333333-F0002R1A2071', 'DAE001-3333333333333', 'F0002R1A2071', '73', 'F0002R1A2071CH03', 'F0002R1A2071CH04', 'F0002R1A2071CH02', 'F0002R1A2071CH01', '2024-01-10'),
('DAE001-3333333333333-F0002R1A2072', 'DAE001-3333333333333', 'F0002R1A2072', '74', 'F0002R1A2072CH04', 'F0002R1A2072CH01', 'F0002R1A2072CH03', 'F0002R1A2072CH02', '2024-01-10'),
('DAE001-3333333333333-F0002R1A2073', 'DAE001-3333333333333', 'F0002R1A2073', '75', 'F0002R1A2073CH01', 'F0002R1A2073CH03', 'F0002R1A2073CH02', 'F0002R1A2073CH04', '2024-01-10'),
('DAE001-3333333333333-F0002R1A2074', 'DAE001-3333333333333', 'F0002R1A2074', '72', 'F0002R1A2074CH01', 'F0002R1A2074CH02', 'F0002R1A2074CH03', 'F0002R1A2074CH04', '2024-01-10'),
('DAE001-3333333333333-F0002R1A2075', 'DAE001-3333333333333', 'F0002R1A2075', '70', 'F0002R1A2075CH01', 'F0002R1A2075CH03', 'F0002R1A2075CH02', 'F0002R1A2075CH04', '2024-01-10'),
('DAE001-3333333333333-F0002R1A2076', 'DAE001-3333333333333', 'F0002R1A2076', '71', 'F0002R1A2076CH03', 'F0002R1A2076CH04', 'F0002R1A2076CH01', 'F0002R1A2076CH02', '2024-01-10'),
('DAE001-3333333333333-F0002R1B1077', 'DAE001-3333333333333', 'F0002R1B1077', '83', 'F0002R1B1077CH02', 'F0002R1B1077CH01', 'F0002R1B1077CH03', 'F0002R1B1077CH04', '2024-01-10'),
('DAE001-3333333333333-F0002R1B1078', 'DAE001-3333333333333', 'F0002R1B1078', '82', 'F0002R1B1078CH03', 'F0002R1B1078CH02', 'F0002R1B1078CH04', 'F0002R1B1078CH01', '2024-01-10'),
('DAE001-3333333333333-F0002R1B1079', 'DAE001-3333333333333', 'F0002R1B1079', '84', 'F0002R1B1079CH02', 'F0002R1B1079CH03', 'F0002R1B1079CH04', 'F0002R1B1079CH01', '2024-01-10'),
('DAE001-3333333333333-F0002R1B1080', 'DAE001-3333333333333', 'F0002R1B1080', '79', 'F0002R1B1080CH03', 'F0002R1B1080CH04', 'F0002R1B1080CH02', 'F0002R1B1080CH01', '2024-01-10'),
('DAE001-3333333333333-F0002R1B1081', 'DAE001-3333333333333', 'F0002R1B1081', '81', 'F0002R1B1081CH04', 'F0002R1B1081CH02', 'F0002R1B1081CH01', 'F0002R1B1081CH03', '2024-01-10'),
('DAE001-3333333333333-F0002R1B1082', 'DAE001-3333333333333', 'F0002R1B1082', '77', 'F0002R1B1082CH04', 'F0002R1B1082CH03', 'F0002R1B1082CH02', 'F0002R1B1082CH01', '2024-01-10'),
('DAE001-3333333333333-F0002R1B1083', 'DAE001-3333333333333', 'F0002R1B1083', '80', 'F0002R1B1083CH03', 'F0002R1B1083CH02', 'F0002R1B1083CH04', 'F0002R1B1083CH01', '2024-01-10'),
('DAE001-3333333333333-F0002R1B1084', 'DAE001-3333333333333', 'F0002R1B1084', '78', 'F0002R1B1084CH02', 'F0002R1B1084CH03', 'F0002R1B1084CH04', 'F0002R1B1084CH01', '2024-01-10'),
('DAE001-3333333333333-F0002R1B2085', 'DAE001-3333333333333', 'F0002R1B2085', '87', 'F0002R1B2085CH02', 'F0002R1B2085CH04', 'F0002R1B2085CH01', 'F0002R1B2085CH03', '2024-01-10'),
('DAE001-3333333333333-F0002R1B2086', 'DAE001-3333333333333', 'F0002R1B2086', '88', 'F0002R1B2086CH02', 'F0002R1B2086CH03', 'F0002R1B2086CH01', 'F0002R1B2086CH04', '2024-01-10'),
('DAE001-3333333333333-F0002R1B2087', 'DAE001-3333333333333', 'F0002R1B2087', '90', 'F0002R1B2087CH01', 'F0002R1B2087CH03', 'F0002R1B2087CH04', 'F0002R1B2087CH02', '2024-01-10'),
('DAE001-3333333333333-F0002R1B2088', 'DAE001-3333333333333', 'F0002R1B2088', '86', 'F0002R1B2088CH02', 'F0002R1B2088CH03', 'F0002R1B2088CH04', 'F0002R1B2088CH01', '2024-01-10'),
('DAE001-3333333333333-F0002R1B2089', 'DAE001-3333333333333', 'F0002R1B2089', '91', 'F0002R1B2089CH02', 'F0002R1B2089CH04', 'F0002R1B2089CH03', 'F0002R1B2089CH01', '2024-01-10'),
('DAE001-3333333333333-F0002R1B2090', 'DAE001-3333333333333', 'F0002R1B2090', '89', 'F0002R1B2090CH01', 'F0002R1B2090CH04', 'F0002R1B2090CH02', 'F0002R1B2090CH03', '2024-01-10'),
('DAE001-3333333333333-F0002R1B2091', 'DAE001-3333333333333', 'F0002R1B2091', '85', 'F0002R1B2091CH04', 'F0002R1B2091CH02', 'F0002R1B2091CH01', 'F0002R1B2091CH03', '2024-01-10'),
('DAE001-3333333333333-F0002R1C1092', 'DAE001-3333333333333', 'F0002R1C1092', '92', 'F0002R1C1092CH02', 'F0002R1C1092CH04', 'F0002R1C1092CH03', 'F0002R1C1092CH01', '2024-01-10'),
('DAE001-3333333333333-F0002R1C1093', 'DAE001-3333333333333', 'F0002R1C1093', '96', 'F0002R1C1093CH03', 'F0002R1C1093CH02', 'F0002R1C1093CH04', 'F0002R1C1093CH01', '2024-01-10'),
('DAE001-3333333333333-F0002R1C1094', 'DAE001-3333333333333', 'F0002R1C1094', '93', 'F0002R1C1094CH03', 'F0002R1C1094CH02', 'F0002R1C1094CH01', 'F0002R1C1094CH04', '2024-01-10'),
('DAE001-3333333333333-F0002R1C1095', 'DAE001-3333333333333', 'F0002R1C1095', '95', 'F0002R1C1095CH04', 'F0002R1C1095CH02', 'F0002R1C1095CH03', 'F0002R1C1095CH01', '2024-01-10'),
('DAE001-3333333333333-F0002R1C1096', 'DAE001-3333333333333', 'F0002R1C1096', '94', 'F0002R1C1096CH04', 'F0002R1C1096CH03', 'F0002R1C1096CH01', 'F0002R1C1096CH02', '2024-01-10'),
('DAE001-3333333333333-F0002R1C1097', 'DAE001-3333333333333', 'F0002R1C1097', '97', 'F0002R1C1097CH03', 'F0002R1C1097CH04', 'F0002R1C1097CH01', 'F0002R1C1097CH02', '2024-01-10'),
('DAE001-3333333333333-F0002R1C1098', 'DAE001-3333333333333', 'F0002R1C1098', '98', 'F0002R1C1098CH03', 'F0002R1C1098CH04', 'F0002R1C1098CH01', 'F0002R1C1098CH02', '2024-01-10'),
('DAE001-3333333333333-F0002R1C1099', 'DAE001-3333333333333', 'F0002R1C1099', '99', 'F0002R1C1099CH03', 'F0002R1C1099CH02', 'F0002R1C1099CH04', 'F0002R1C1099CH01', '2024-01-10'),
('DAE001-3333333333333-F0002R1C1100', 'DAE001-3333333333333', 'F0002R1C1100', '100', 'F0002R1C1100CH04', 'F0002R1C1100CH02', 'F0002R1C1100CH01', 'F0002R1C1100CH03', '2024-01-10'),
('DAE001-3333333333333-F0003L1A1001', 'DAE001-3333333333333', 'F0003L1A1001', '2', 'F0003L1A1001CH02', 'F0003L1A1001CH03', 'F0003L1A1001CH04', 'F0003L1A1001CH01', '2024-01-10'),
('DAE001-3333333333333-F0003L1A1002', 'DAE001-3333333333333', 'F0003L1A1002', '5', 'F0003L1A1002CH03', 'F0003L1A1002CH02', 'F0003L1A1002CH04', 'F0003L1A1002CH01', '2024-01-10'),
('DAE001-3333333333333-F0003L1A1003', 'DAE001-3333333333333', 'F0003L1A1003', '1', 'F0003L1A1003CH01', 'F0003L1A1003CH04', 'F0003L1A1003CH03', 'F0003L1A1003CH02', '2024-01-10'),
('DAE001-3333333333333-F0003L1A1004', 'DAE001-3333333333333', 'F0003L1A1004', '7', 'F0003L1A1004CH04', 'F0003L1A1004CH03', 'F0003L1A1004CH01', 'F0003L1A1004CH02', '2024-01-10'),
('DAE001-3333333333333-F0003L1A1005', 'DAE001-3333333333333', 'F0003L1A1005', '8', 'F0003L1A1005CH01', 'F0003L1A1005CH02', 'F0003L1A1005CH03', 'F0003L1A1005CH04', '2024-01-10'),
('DAE001-3333333333333-F0003L1A1006', 'DAE001-3333333333333', 'F0003L1A1006', '3', 'F0003L1A1006CH04', 'F0003L1A1006CH01', 'F0003L1A1006CH02', 'F0003L1A1006CH03', '2024-01-10'),
('DAE001-3333333333333-F0003L1A1007', 'DAE001-3333333333333', 'F0003L1A1007', '6', 'F0003L1A1007CH04', 'F0003L1A1007CH01', 'F0003L1A1007CH03', 'F0003L1A1007CH02', '2024-01-10'),
('DAE001-3333333333333-F0003L1A1008', 'DAE001-3333333333333', 'F0003L1A1008', '4', 'F0003L1A1008CH01', 'F0003L1A1008CH03', 'F0003L1A1008CH04', 'F0003L1A1008CH02', '2024-01-10'),
('DAE001-3333333333333-F0003L1A2009', 'DAE001-3333333333333', 'F0003L1A2009', '11', 'F0003L1A2009CH04', 'F0003L1A2009CH02', 'F0003L1A2009CH01', 'F0003L1A2009CH03', '2024-01-10'),
('DAE001-3333333333333-F0003L1A2010', 'DAE001-3333333333333', 'F0003L1A2010', '15', 'F0003L1A2010CH02', 'F0003L1A2010CH04', 'F0003L1A2010CH03', 'F0003L1A2010CH01', '2024-01-10'),
('DAE001-3333333333333-F0003L1A2011', 'DAE001-3333333333333', 'F0003L1A2011', '10', 'F0003L1A2011CH03', 'F0003L1A2011CH04', 'F0003L1A2011CH02', 'F0003L1A2011CH01', '2024-01-10'),
('DAE001-3333333333333-F0003L1A2012', 'DAE001-3333333333333', 'F0003L1A2012', '13', 'F0003L1A2012CH04', 'F0003L1A2012CH02', 'F0003L1A2012CH01', 'F0003L1A2012CH03', '2024-01-10'),
('DAE001-3333333333333-F0003L1A2013', 'DAE001-3333333333333', 'F0003L1A2013', '16', 'F0003L1A2013CH03', 'F0003L1A2013CH01', 'F0003L1A2013CH04', 'F0003L1A2013CH02', '2024-01-10'),
('DAE001-3333333333333-F0003L1A2014', 'DAE001-3333333333333', 'F0003L1A2014', '12', 'F0003L1A2014CH03', 'F0003L1A2014CH02', 'F0003L1A2014CH04', 'F0003L1A2014CH01', '2024-01-10'),
('DAE001-3333333333333-F0003L1A2015', 'DAE001-3333333333333', 'F0003L1A2015', '14', 'F0003L1A2015CH03', 'F0003L1A2015CH04', 'F0003L1A2015CH02', 'F0003L1A2015CH01', '2024-01-10'),
('DAE001-3333333333333-F0003L1A2016', 'DAE001-3333333333333', 'F0003L1A2016', '9', 'F0003L1A2016CH01', 'F0003L1A2016CH03', 'F0003L1A2016CH02', 'F0003L1A2016CH04', '2024-01-10'),
('DAE001-3333333333333-F0003L1B1017', 'DAE001-3333333333333', 'F0003L1B1017', '25', 'F0003L1B1017CH03', 'F0003L1B1017CH04', 'F0003L1B1017CH01', 'F0003L1B1017CH02', '2024-01-10'),
('DAE001-3333333333333-F0003L1B1018', 'DAE001-3333333333333', 'F0003L1B1018', '29', 'F0003L1B1018CH04', 'F0003L1B1018CH02', 'F0003L1B1018CH01', 'F0003L1B1018CH03', '2024-01-10'),
('DAE001-3333333333333-F0003L1B1019', 'DAE001-3333333333333', 'F0003L1B1019', '24', 'F0003L1B1019CH02', 'F0003L1B1019CH04', 'F0003L1B1019CH03', 'F0003L1B1019CH01', '2024-01-10'),
('DAE001-3333333333333-F0003L1B1020', 'DAE001-3333333333333', 'F0003L1B1020', '19', 'F0003L1B1020CH01', 'F0003L1B1020CH02', 'F0003L1B1020CH04', 'F0003L1B1020CH03', '2024-01-10'),
('DAE001-3333333333333-F0003L1B1021', 'DAE001-3333333333333', 'F0003L1B1021', '21', 'F0003L1B1021CH03', 'F0003L1B1021CH04', 'F0003L1B1021CH01', 'F0003L1B1021CH02', '2024-01-10'),
('DAE001-3333333333333-F0003L1B1022', 'DAE001-3333333333333', 'F0003L1B1022', '18', 'F0003L1B1022CH03', 'F0003L1B1022CH04', 'F0003L1B1022CH02', 'F0003L1B1022CH01', '2024-01-10'),
('DAE001-3333333333333-F0003L1B1023', 'DAE001-3333333333333', 'F0003L1B1023', '28', 'F0003L1B1023CH04', 'F0003L1B1023CH02', 'F0003L1B1023CH03', 'F0003L1B1023CH01', '2024-01-10'),
('DAE001-3333333333333-F0003L1B1024', 'DAE001-3333333333333', 'F0003L1B1024', '30', 'F0003L1B1024CH02', 'F0003L1B1024CH03', 'F0003L1B1024CH01', 'F0003L1B1024CH04', '2024-01-10'),
('DAE001-3333333333333-F0003L1B1025', 'DAE001-3333333333333', 'F0003L1B1025', '22', 'F0003L1B1025CH03', 'F0003L1B1025CH01', 'F0003L1B1025CH02', 'F0003L1B1025CH04', '2024-01-10'),
('DAE001-3333333333333-F0003L1B1026', 'DAE001-3333333333333', 'F0003L1B1026', '17', 'F0003L1B1026CH02', 'F0003L1B1026CH03', 'F0003L1B1026CH04', 'F0003L1B1026CH01', '2024-01-10'),
('DAE001-3333333333333-F0003L1B1027', 'DAE001-3333333333333', 'F0003L1B1027', '23', 'F0003L1B1027CH04', 'F0003L1B1027CH03', 'F0003L1B1027CH02', 'F0003L1B1027CH01', '2024-01-10'),
('DAE001-3333333333333-F0003L1B1028', 'DAE001-3333333333333', 'F0003L1B1028', '26', 'F0003L1B1028CH02', 'F0003L1B1028CH01', 'F0003L1B1028CH03', 'F0003L1B1028CH04', '2024-01-10'),
('DAE001-3333333333333-F0003L1B1029', 'DAE001-3333333333333', 'F0003L1B1029', '20', 'F0003L1B1029CH03', 'F0003L1B1029CH02', 'F0003L1B1029CH04', 'F0003L1B1029CH01', '2024-01-10'),
('DAE001-3333333333333-F0003L1B1030', 'DAE001-3333333333333', 'F0003L1B1030', '27', 'F0003L1B1030CH03', 'F0003L1B1030CH04', 'F0003L1B1030CH02', 'F0003L1B1030CH01', '2024-01-10'),
('DAE001-3333333333333-F0003L1B2031', 'DAE001-3333333333333', 'F0003L1B2031', '35', 'F0003L1B2031CH04', 'F0003L1B2031CH03', 'F0003L1B2031CH02', 'F0003L1B2031CH01', '2024-01-10'),
('DAE001-3333333333333-F0003L1B2032', 'DAE001-3333333333333', 'F0003L1B2032', '45', 'F0003L1B2032CH04', 'F0003L1B2032CH03', 'F0003L1B2032CH02', 'F0003L1B2032CH01', '2024-01-10'),
('DAE001-3333333333333-F0003L1B2033', 'DAE001-3333333333333', 'F0003L1B2033', '37', 'F0003L1B2033CH04', 'F0003L1B2033CH03', 'F0003L1B2033CH01', 'F0003L1B2033CH02', '2024-01-10'),
('DAE001-3333333333333-F0003L1B2034', 'DAE001-3333333333333', 'F0003L1B2034', '42', 'F0003L1B2034CH04', 'F0003L1B2034CH03', 'F0003L1B2034CH01', 'F0003L1B2034CH02', '2024-01-10'),
('DAE001-3333333333333-F0003L1B2035', 'DAE001-3333333333333', 'F0003L1B2035', '32', 'F0003L1B2035CH01', 'F0003L1B2035CH03', 'F0003L1B2035CH02', 'F0003L1B2035CH04', '2024-01-10'),
('DAE001-3333333333333-F0003L1B2036', 'DAE001-3333333333333', 'F0003L1B2036', '36', 'F0003L1B2036CH04', 'F0003L1B2036CH03', 'F0003L1B2036CH02', 'F0003L1B2036CH01', '2024-01-10'),
('DAE001-3333333333333-F0003L1B2037', 'DAE001-3333333333333', 'F0003L1B2037', '40', 'F0003L1B2037CH04', 'F0003L1B2037CH03', 'F0003L1B2037CH02', 'F0003L1B2037CH01', '2024-01-10'),
('DAE001-3333333333333-F0003L1B2038', 'DAE001-3333333333333', 'F0003L1B2038', '44', 'F0003L1B2038CH03', 'F0003L1B2038CH01', 'F0003L1B2038CH04', 'F0003L1B2038CH02', '2024-01-10'),
('DAE001-3333333333333-F0003L1B2039', 'DAE001-3333333333333', 'F0003L1B2039', '41', 'F0003L1B2039CH03', 'F0003L1B2039CH01', 'F0003L1B2039CH02', 'F0003L1B2039CH04', '2024-01-10'),
('DAE001-3333333333333-F0003L1B2040', 'DAE001-3333333333333', 'F0003L1B2040', '33', 'F0003L1B2040CH01', 'F0003L1B2040CH04', 'F0003L1B2040CH03', 'F0003L1B2040CH02', '2024-01-10'),
('DAE001-3333333333333-F0003L1B2041', 'DAE001-3333333333333', 'F0003L1B2041', '31', 'F0003L1B2041CH01', 'F0003L1B2041CH03', 'F0003L1B2041CH04', 'F0003L1B2041CH02', '2024-01-10'),
('DAE001-3333333333333-F0003L1B2042', 'DAE001-3333333333333', 'F0003L1B2042', '34', 'F0003L1B2042CH04', 'F0003L1B2042CH02', 'F0003L1B2042CH03', 'F0003L1B2042CH01', '2024-01-10'),
('DAE001-3333333333333-F0003L1B2043', 'DAE001-3333333333333', 'F0003L1B2043', '38', 'F0003L1B2043CH04', 'F0003L1B2043CH02', 'F0003L1B2043CH01', 'F0003L1B2043CH03', '2024-01-10'),
('DAE001-3333333333333-F0003L1B2044', 'DAE001-3333333333333', 'F0003L1B2044', '43', 'F0003L1B2044CH04', 'F0003L1B2044CH02', 'F0003L1B2044CH03', 'F0003L1B2044CH01', '2024-01-10'),
('DAE001-3333333333333-F0003L1B2045', 'DAE001-3333333333333', 'F0003L1B2045', '39', 'F0003L1B2045CH01', 'F0003L1B2045CH04', 'F0003L1B2045CH02', 'F0003L1B2045CH03', '2024-01-10'),
('DAE001-3333333333333-F0003L1C1046', 'DAE001-3333333333333', 'F0003L1C1046', '46', 'F0003L1C1046CH01', 'F0003L1C1046CH03', 'F0003L1C1046CH02', 'F0003L1C1046CH04', '2024-01-10'),
('DAE001-3333333333333-F0003L1C1047', 'DAE001-3333333333333', 'F0003L1C1047', '50', 'F0003L1C1047CH03', 'F0003L1C1047CH04', 'F0003L1C1047CH01', 'F0003L1C1047CH02', '2024-01-10'),
('DAE001-3333333333333-F0003L1C1048', 'DAE001-3333333333333', 'F0003L1C1048', '47', 'F0003L1C1048CH02', 'F0003L1C1048CH03', 'F0003L1C1048CH01', 'F0003L1C1048CH04', '2024-01-10'),
('DAE001-3333333333333-F0003L1C1049', 'DAE001-3333333333333', 'F0003L1C1049', '48', 'F0003L1C1049CH04', 'F0003L1C1049CH01', 'F0003L1C1049CH03', 'F0003L1C1049CH02', '2024-01-10'),
('DAE001-3333333333333-F0003L1C1050', 'DAE001-3333333333333', 'F0003L1C1050', '49', 'F0003L1C1050CH03', 'F0003L1C1050CH01', 'F0003L1C1050CH04', 'F0003L1C1050CH02', '2024-01-10'),
('DAE001-3333333333333-F0003L2A1051', 'DAE001-3333333333333', 'F0003L2A1051', '52', 'F0003L2A1051CH03', 'F0003L2A1051CH01', 'F0003L2A1051CH02', 'F0003L2A1051CH04', '2024-01-10'),
('DAE001-3333333333333-F0003L2A1052', 'DAE001-3333333333333', 'F0003L2A1052', '51', 'F0003L2A1052CH02', 'F0003L2A1052CH04', 'F0003L2A1052CH03', 'F0003L2A1052CH01', '2024-01-10'),
('DAE001-3333333333333-F0003L2A2053', 'DAE001-3333333333333', 'F0003L2A2053', '54', 'F0003L2A2053CH03', 'F0003L2A2053CH04', 'F0003L2A2053CH01', 'F0003L2A2053CH02', '2024-01-10'),
('DAE001-3333333333333-F0003L2A2054', 'DAE001-3333333333333', 'F0003L2A2054', '53', 'F0003L2A2054CH04', 'F0003L2A2054CH03', 'F0003L2A2054CH02', 'F0003L2A2054CH01', '2024-01-10'),
('DAE001-3333333333333-F0003L2B1055', 'DAE001-3333333333333', 'F0003L2B1055', '56', 'F0003L2B1055CH04', 'F0003L2B1055CH03', 'F0003L2B1055CH02', 'F0003L2B1055CH01', '2024-01-10'),
('DAE001-3333333333333-F0003L2B1056', 'DAE001-3333333333333', 'F0003L2B1056', '55', 'F0003L2B1056CH02', 'F0003L2B1056CH01', 'F0003L2B1056CH03', 'F0003L2B1056CH04', '2024-01-10'),
('DAE001-3333333333333-F0003L2B2057', 'DAE001-3333333333333', 'F0003L2B2057', '57', 'F0003L2B2057CH04', 'F0003L2B2057CH01', 'F0003L2B2057CH03', 'F0003L2B2057CH02', '2024-01-10'),
('DAE001-3333333333333-F0003L2B2058', 'DAE001-3333333333333', 'F0003L2B2058', '58', 'F0003L2B2058CH02', 'F0003L2B2058CH04', 'F0003L2B2058CH01', 'F0003L2B2058CH03', '2024-01-10'),
('DAE001-3333333333333-F0003L2C1059', 'DAE001-3333333333333', 'F0003L2C1059', '59', 'F0003L2C1059CH04', 'F0003L2C1059CH01', 'F0003L2C1059CH02', 'F0003L2C1059CH03', '2024-01-10'),
('DAE001-3333333333333-F0003L2C1060', 'DAE001-3333333333333', 'F0003L2C1060', '60', 'F0003L2C1060CH03', 'F0003L2C1060CH02', 'F0003L2C1060CH04', 'F0003L2C1060CH01', '2024-01-10'),
('DAE001-3333333333333-F0003R1A1061', 'DAE001-3333333333333', 'F0003R1A1061', '66', 'F0003R1A1061CH03', 'F0003R1A1061CH02', 'F0003R1A1061CH01', 'F0003R1A1061CH04', '2024-01-10'),
('DAE001-3333333333333-F0003R1A1062', 'DAE001-3333333333333', 'F0003R1A1062', '68', 'F0003R1A1062CH03', 'F0003R1A1062CH01', 'F0003R1A1062CH02', 'F0003R1A1062CH04', '2024-01-10'),
('DAE001-3333333333333-F0003R1A1063', 'DAE001-3333333333333', 'F0003R1A1063', '62', 'F0003R1A1063CH03', 'F0003R1A1063CH02', 'F0003R1A1063CH01', 'F0003R1A1063CH04', '2024-01-10'),
('DAE001-3333333333333-F0003R1A1064', 'DAE001-3333333333333', 'F0003R1A1064', '65', 'F0003R1A1064CH04', 'F0003R1A1064CH01', 'F0003R1A1064CH03', 'F0003R1A1064CH02', '2024-01-10'),
('DAE001-3333333333333-F0003R1A1065', 'DAE001-3333333333333', 'F0003R1A1065', '61', 'F0003R1A1065CH04', 'F0003R1A1065CH01', 'F0003R1A1065CH03', 'F0003R1A1065CH02', '2024-01-10'),
('DAE001-3333333333333-F0003R1A1066', 'DAE001-3333333333333', 'F0003R1A1066', '67', 'F0003R1A1066CH02', 'F0003R1A1066CH01', 'F0003R1A1066CH03', 'F0003R1A1066CH04', '2024-01-10'),
('DAE001-3333333333333-F0003R1A1067', 'DAE001-3333333333333', 'F0003R1A1067', '64', 'F0003R1A1067CH01', 'F0003R1A1067CH02', 'F0003R1A1067CH03', 'F0003R1A1067CH04', '2024-01-10'),
('DAE001-3333333333333-F0003R1A1068', 'DAE001-3333333333333', 'F0003R1A1068', '63', 'F0003R1A1068CH03', 'F0003R1A1068CH04', 'F0003R1A1068CH01', 'F0003R1A1068CH02', '2024-01-10'),
('DAE001-3333333333333-F0003R1A2069', 'DAE001-3333333333333', 'F0003R1A2069', '73', 'F0003R1A2069CH03', 'F0003R1A2069CH04', 'F0003R1A2069CH02', 'F0003R1A2069CH01', '2024-01-10'),
('DAE001-3333333333333-F0003R1A2070', 'DAE001-3333333333333', 'F0003R1A2070', '72', 'F0003R1A2070CH03', 'F0003R1A2070CH02', 'F0003R1A2070CH01', 'F0003R1A2070CH04', '2024-01-10'),
('DAE001-3333333333333-F0003R1A2071', 'DAE001-3333333333333', 'F0003R1A2071', '69', 'F0003R1A2071CH02', 'F0003R1A2071CH03', 'F0003R1A2071CH01', 'F0003R1A2071CH04', '2024-01-10'),
('DAE001-3333333333333-F0003R1A2072', 'DAE001-3333333333333', 'F0003R1A2072', '75', 'F0003R1A2072CH02', 'F0003R1A2072CH01', 'F0003R1A2072CH04', 'F0003R1A2072CH03', '2024-01-10'),
('DAE001-3333333333333-F0003R1A2073', 'DAE001-3333333333333', 'F0003R1A2073', '71', 'F0003R1A2073CH03', 'F0003R1A2073CH04', 'F0003R1A2073CH02', 'F0003R1A2073CH01', '2024-01-10'),
('DAE001-3333333333333-F0003R1A2074', 'DAE001-3333333333333', 'F0003R1A2074', '70', 'F0003R1A2074CH01', 'F0003R1A2074CH02', 'F0003R1A2074CH03', 'F0003R1A2074CH04', '2024-01-10'),
('DAE001-3333333333333-F0003R1A2075', 'DAE001-3333333333333', 'F0003R1A2075', '74', 'F0003R1A2075CH03', 'F0003R1A2075CH04', 'F0003R1A2075CH02', 'F0003R1A2075CH01', '2024-01-10'),
('DAE001-3333333333333-F0003R1A2076', 'DAE001-3333333333333', 'F0003R1A2076', '76', 'F0003R1A2076CH04', 'F0003R1A2076CH02', 'F0003R1A2076CH03', 'F0003R1A2076CH01', '2024-01-10'),
('DAE001-3333333333333-F0003R1B1077', 'DAE001-3333333333333', 'F0003R1B1077', '79', 'F0003R1B1077CH03', 'F0003R1B1077CH04', 'F0003R1B1077CH02', 'F0003R1B1077CH01', '2024-01-10'),
('DAE001-3333333333333-F0003R1B1078', 'DAE001-3333333333333', 'F0003R1B1078', '84', 'F0003R1B1078CH04', 'F0003R1B1078CH02', 'F0003R1B1078CH03', 'F0003R1B1078CH01', '2024-01-10'),
('DAE001-3333333333333-F0003R1B1079', 'DAE001-3333333333333', 'F0003R1B1079', '77', 'F0003R1B1079CH04', 'F0003R1B1079CH01', 'F0003R1B1079CH02', 'F0003R1B1079CH03', '2024-01-10'),
('DAE001-3333333333333-F0003R1B1080', 'DAE001-3333333333333', 'F0003R1B1080', '83', 'F0003R1B1080CH02', 'F0003R1B1080CH01', 'F0003R1B1080CH03', 'F0003R1B1080CH04', '2024-01-10'),
('DAE001-3333333333333-F0003R1B1081', 'DAE001-3333333333333', 'F0003R1B1081', '78', 'F0003R1B1081CH02', 'F0003R1B1081CH03', 'F0003R1B1081CH01', 'F0003R1B1081CH04', '2024-01-10');
INSERT INTO `tbindvform` (`indvtfrmcode`, `testresultcode`, `question_code`, `questionorder`, `A`, `B`, `C`, `D`, `frmcreatedate`) VALUES
('DAE001-3333333333333-F0003R1B1082', 'DAE001-3333333333333', 'F0003R1B1082', '80', 'F0003R1B1082CH04', 'F0003R1B1082CH03', 'F0003R1B1082CH01', 'F0003R1B1082CH02', '2024-01-10'),
('DAE001-3333333333333-F0003R1B1083', 'DAE001-3333333333333', 'F0003R1B1083', '82', 'F0003R1B1083CH02', 'F0003R1B1083CH03', 'F0003R1B1083CH04', 'F0003R1B1083CH01', '2024-01-10'),
('DAE001-3333333333333-F0003R1B1084', 'DAE001-3333333333333', 'F0003R1B1084', '81', 'F0003R1B1084CH03', 'F0003R1B1084CH04', 'F0003R1B1084CH02', 'F0003R1B1084CH01', '2024-01-10'),
('DAE001-3333333333333-F0003R1B2085', 'DAE001-3333333333333', 'F0003R1B2085', '90', 'F0003R1B2085CH02', 'F0003R1B2085CH03', 'F0003R1B2085CH04', 'F0003R1B2085CH01', '2024-01-10'),
('DAE001-3333333333333-F0003R1B2086', 'DAE001-3333333333333', 'F0003R1B2086', '86', 'F0003R1B2086CH03', 'F0003R1B2086CH01', 'F0003R1B2086CH02', 'F0003R1B2086CH04', '2024-01-10'),
('DAE001-3333333333333-F0003R1B2087', 'DAE001-3333333333333', 'F0003R1B2087', '88', 'F0003R1B2087CH03', 'F0003R1B2087CH02', 'F0003R1B2087CH01', 'F0003R1B2087CH04', '2024-01-10'),
('DAE001-3333333333333-F0003R1B2088', 'DAE001-3333333333333', 'F0003R1B2088', '85', 'F0003R1B2088CH01', 'F0003R1B2088CH04', 'F0003R1B2088CH02', 'F0003R1B2088CH03', '2024-01-10'),
('DAE001-3333333333333-F0003R1B2089', 'DAE001-3333333333333', 'F0003R1B2089', '89', 'F0003R1B2089CH04', 'F0003R1B2089CH01', 'F0003R1B2089CH03', 'F0003R1B2089CH02', '2024-01-10'),
('DAE001-3333333333333-F0003R1B2090', 'DAE001-3333333333333', 'F0003R1B2090', '87', 'F0003R1B2090CH02', 'F0003R1B2090CH03', 'F0003R1B2090CH04', 'F0003R1B2090CH01', '2024-01-10'),
('DAE001-3333333333333-F0003R1B2091', 'DAE001-3333333333333', 'F0003R1B2091', '91', 'F0003R1B2091CH01', 'F0003R1B2091CH03', 'F0003R1B2091CH04', 'F0003R1B2091CH02', '2024-01-10'),
('DAE001-3333333333333-F0003R1C1092', 'DAE001-3333333333333', 'F0003R1C1092', '93', 'F0003R1C1092CH02', 'F0003R1C1092CH01', 'F0003R1C1092CH04', 'F0003R1C1092CH03', '2024-01-10'),
('DAE001-3333333333333-F0003R1C1093', 'DAE001-3333333333333', 'F0003R1C1093', '96', 'F0003R1C1093CH03', 'F0003R1C1093CH02', 'F0003R1C1093CH04', 'F0003R1C1093CH01', '2024-01-10'),
('DAE001-3333333333333-F0003R1C1094', 'DAE001-3333333333333', 'F0003R1C1094', '95', 'F0003R1C1094CH02', 'F0003R1C1094CH01', 'F0003R1C1094CH04', 'F0003R1C1094CH03', '2024-01-10'),
('DAE001-3333333333333-F0003R1C1095', 'DAE001-3333333333333', 'F0003R1C1095', '92', 'F0003R1C1095CH01', 'F0003R1C1095CH03', 'F0003R1C1095CH04', 'F0003R1C1095CH02', '2024-01-10'),
('DAE001-3333333333333-F0003R1C1096', 'DAE001-3333333333333', 'F0003R1C1096', '94', 'F0003R1C1096CH03', 'F0003R1C1096CH01', 'F0003R1C1096CH04', 'F0003R1C1096CH02', '2024-01-10'),
('DAE001-3333333333333-F0003R1C1097', 'DAE001-3333333333333', 'F0003R1C1097', '97', 'F0003R1C1097CH02', 'F0003R1C1097CH04', 'F0003R1C1097CH01', 'F0003R1C1097CH03', '2024-01-10'),
('DAE001-3333333333333-F0003R1C1098', 'DAE001-3333333333333', 'F0003R1C1098', '98', 'F0003R1C1098CH04', 'F0003R1C1098CH02', 'F0003R1C1098CH03', 'F0003R1C1098CH01', '2024-01-10'),
('DAE001-3333333333333-F0003R1C1099', 'DAE001-3333333333333', 'F0003R1C1099', '99', 'F0003R1C1099CH01', 'F0003R1C1099CH02', 'F0003R1C1099CH04', 'F0003R1C1099CH03', '2024-01-10'),
('DAE001-3333333333333-F0003R1C1100', 'DAE001-3333333333333', 'F0003R1C1100', '100', 'F0003R1C1100CH02', 'F0003R1C1100CH03', 'F0003R1C1100CH01', 'F0003R1C1100CH04', '2024-01-10'),
('DAE001-3333333333333-F0004L1A1001', 'DAE001-3333333333333', 'F0004L1A1001', '8', 'F0004L1A1001CH04', 'F0004L1A1001CH01', 'F0004L1A1001CH03', 'F0004L1A1001CH02', '2024-01-10'),
('DAE001-3333333333333-F0004L1A1002', 'DAE001-3333333333333', 'F0004L1A1002', '1', 'F0004L1A1002CH03', 'F0004L1A1002CH01', 'F0004L1A1002CH02', 'F0004L1A1002CH04', '2024-01-10'),
('DAE001-3333333333333-F0004L1A1003', 'DAE001-3333333333333', 'F0004L1A1003', '7', 'F0004L1A1003CH03', 'F0004L1A1003CH02', 'F0004L1A1003CH04', 'F0004L1A1003CH01', '2024-01-10'),
('DAE001-3333333333333-F0004L1A1004', 'DAE001-3333333333333', 'F0004L1A1004', '3', 'F0004L1A1004CH01', 'F0004L1A1004CH03', 'F0004L1A1004CH04', 'F0004L1A1004CH02', '2024-01-10'),
('DAE001-3333333333333-F0004L1A1005', 'DAE001-3333333333333', 'F0004L1A1005', '6', 'F0004L1A1005CH03', 'F0004L1A1005CH04', 'F0004L1A1005CH01', 'F0004L1A1005CH02', '2024-01-10'),
('DAE001-3333333333333-F0004L1A1006', 'DAE001-3333333333333', 'F0004L1A1006', '4', 'F0004L1A1006CH01', 'F0004L1A1006CH03', 'F0004L1A1006CH04', 'F0004L1A1006CH02', '2024-01-10'),
('DAE001-3333333333333-F0004L1A1007', 'DAE001-3333333333333', 'F0004L1A1007', '2', 'F0004L1A1007CH02', 'F0004L1A1007CH03', 'F0004L1A1007CH01', 'F0004L1A1007CH04', '2024-01-10'),
('DAE001-3333333333333-F0004L1A1008', 'DAE001-3333333333333', 'F0004L1A1008', '5', 'F0004L1A1008CH04', 'F0004L1A1008CH03', 'F0004L1A1008CH01', 'F0004L1A1008CH02', '2024-01-10'),
('DAE001-3333333333333-F0004L1A2009', 'DAE001-3333333333333', 'F0004L1A2009', '15', 'F0004L1A2009CH04', 'F0004L1A2009CH02', 'F0004L1A2009CH01', 'F0004L1A2009CH03', '2024-01-10'),
('DAE001-3333333333333-F0004L1A2010', 'DAE001-3333333333333', 'F0004L1A2010', '16', 'F0004L1A2010CH04', 'F0004L1A2010CH03', 'F0004L1A2010CH01', 'F0004L1A2010CH02', '2024-01-10'),
('DAE001-3333333333333-F0004L1A2011', 'DAE001-3333333333333', 'F0004L1A2011', '9', 'F0004L1A2011CH01', 'F0004L1A2011CH02', 'F0004L1A2011CH03', 'F0004L1A2011CH04', '2024-01-10'),
('DAE001-3333333333333-F0004L1A2012', 'DAE001-3333333333333', 'F0004L1A2012', '11', 'F0004L1A2012CH01', 'F0004L1A2012CH02', 'F0004L1A2012CH03', 'F0004L1A2012CH04', '2024-01-10'),
('DAE001-3333333333333-F0004L1A2013', 'DAE001-3333333333333', 'F0004L1A2013', '12', 'F0004L1A2013CH03', 'F0004L1A2013CH01', 'F0004L1A2013CH02', 'F0004L1A2013CH04', '2024-01-10'),
('DAE001-3333333333333-F0004L1A2014', 'DAE001-3333333333333', 'F0004L1A2014', '10', 'F0004L1A2014CH04', 'F0004L1A2014CH03', 'F0004L1A2014CH01', 'F0004L1A2014CH02', '2024-01-10'),
('DAE001-3333333333333-F0004L1A2015', 'DAE001-3333333333333', 'F0004L1A2015', '14', 'F0004L1A2015CH02', 'F0004L1A2015CH04', 'F0004L1A2015CH03', 'F0004L1A2015CH01', '2024-01-10'),
('DAE001-3333333333333-F0004L1A2016', 'DAE001-3333333333333', 'F0004L1A2016', '13', 'F0004L1A2016CH02', 'F0004L1A2016CH01', 'F0004L1A2016CH03', 'F0004L1A2016CH04', '2024-01-10'),
('DAE001-3333333333333-F0004L1B1017', 'DAE001-3333333333333', 'F0004L1B1017', '24', 'F0004L1B1017CH01', 'F0004L1B1017CH02', 'F0004L1B1017CH03', 'F0004L1B1017CH04', '2024-01-10'),
('DAE001-3333333333333-F0004L1B1018', 'DAE001-3333333333333', 'F0004L1B1018', '17', 'F0004L1B1018CH03', 'F0004L1B1018CH01', 'F0004L1B1018CH04', 'F0004L1B1018CH02', '2024-01-10'),
('DAE001-3333333333333-F0004L1B1019', 'DAE001-3333333333333', 'F0004L1B1019', '25', 'F0004L1B1019CH02', 'F0004L1B1019CH03', 'F0004L1B1019CH04', 'F0004L1B1019CH01', '2024-01-10'),
('DAE001-3333333333333-F0004L1B1020', 'DAE001-3333333333333', 'F0004L1B1020', '20', 'F0004L1B1020CH03', 'F0004L1B1020CH01', 'F0004L1B1020CH02', 'F0004L1B1020CH04', '2024-01-10'),
('DAE001-3333333333333-F0004L1B1021', 'DAE001-3333333333333', 'F0004L1B1021', '23', 'F0004L1B1021CH01', 'F0004L1B1021CH04', 'F0004L1B1021CH02', 'F0004L1B1021CH03', '2024-01-10'),
('DAE001-3333333333333-F0004L1B1022', 'DAE001-3333333333333', 'F0004L1B1022', '26', 'F0004L1B1022CH04', 'F0004L1B1022CH01', 'F0004L1B1022CH02', 'F0004L1B1022CH03', '2024-01-10'),
('DAE001-3333333333333-F0004L1B1023', 'DAE001-3333333333333', 'F0004L1B1023', '19', 'F0004L1B1023CH04', 'F0004L1B1023CH01', 'F0004L1B1023CH03', 'F0004L1B1023CH02', '2024-01-10'),
('DAE001-3333333333333-F0004L1B1024', 'DAE001-3333333333333', 'F0004L1B1024', '30', 'F0004L1B1024CH01', 'F0004L1B1024CH04', 'F0004L1B1024CH02', 'F0004L1B1024CH03', '2024-01-10'),
('DAE001-3333333333333-F0004L1B1025', 'DAE001-3333333333333', 'F0004L1B1025', '29', 'F0004L1B1025CH04', 'F0004L1B1025CH01', 'F0004L1B1025CH03', 'F0004L1B1025CH02', '2024-01-10'),
('DAE001-3333333333333-F0004L1B1026', 'DAE001-3333333333333', 'F0004L1B1026', '22', 'F0004L1B1026CH02', 'F0004L1B1026CH03', 'F0004L1B1026CH01', 'F0004L1B1026CH04', '2024-01-10'),
('DAE001-3333333333333-F0004L1B1027', 'DAE001-3333333333333', 'F0004L1B1027', '28', 'F0004L1B1027CH01', 'F0004L1B1027CH02', 'F0004L1B1027CH03', 'F0004L1B1027CH04', '2024-01-10'),
('DAE001-3333333333333-F0004L1B1028', 'DAE001-3333333333333', 'F0004L1B1028', '27', 'F0004L1B1028CH03', 'F0004L1B1028CH02', 'F0004L1B1028CH01', 'F0004L1B1028CH04', '2024-01-10'),
('DAE001-3333333333333-F0004L1B1029', 'DAE001-3333333333333', 'F0004L1B1029', '18', 'F0004L1B1029CH03', 'F0004L1B1029CH04', 'F0004L1B1029CH02', 'F0004L1B1029CH01', '2024-01-10'),
('DAE001-3333333333333-F0004L1B1030', 'DAE001-3333333333333', 'F0004L1B1030', '21', 'F0004L1B1030CH02', 'F0004L1B1030CH01', 'F0004L1B1030CH04', 'F0004L1B1030CH03', '2024-01-10'),
('DAE001-3333333333333-F0004L1B2031', 'DAE001-3333333333333', 'F0004L1B2031', '31', 'F0004L1B2031CH01', 'F0004L1B2031CH02', 'F0004L1B2031CH04', 'F0004L1B2031CH03', '2024-01-10'),
('DAE001-3333333333333-F0004L1B2032', 'DAE001-3333333333333', 'F0004L1B2032', '45', 'F0004L1B2032CH04', 'F0004L1B2032CH01', 'F0004L1B2032CH03', 'F0004L1B2032CH02', '2024-01-10'),
('DAE001-3333333333333-F0004L1B2033', 'DAE001-3333333333333', 'F0004L1B2033', '42', 'F0004L1B2033CH04', 'F0004L1B2033CH03', 'F0004L1B2033CH02', 'F0004L1B2033CH01', '2024-01-10'),
('DAE001-3333333333333-F0004L1B2034', 'DAE001-3333333333333', 'F0004L1B2034', '44', 'F0004L1B2034CH02', 'F0004L1B2034CH04', 'F0004L1B2034CH03', 'F0004L1B2034CH01', '2024-01-10'),
('DAE001-3333333333333-F0004L1B2035', 'DAE001-3333333333333', 'F0004L1B2035', '32', 'F0004L1B2035CH03', 'F0004L1B2035CH04', 'F0004L1B2035CH01', 'F0004L1B2035CH02', '2024-01-10'),
('DAE001-3333333333333-F0004L1B2036', 'DAE001-3333333333333', 'F0004L1B2036', '43', 'F0004L1B2036CH04', 'F0004L1B2036CH01', 'F0004L1B2036CH03', 'F0004L1B2036CH02', '2024-01-10'),
('DAE001-3333333333333-F0004L1B2037', 'DAE001-3333333333333', 'F0004L1B2037', '36', 'F0004L1B2037CH02', 'F0004L1B2037CH01', 'F0004L1B2037CH03', 'F0004L1B2037CH04', '2024-01-10'),
('DAE001-3333333333333-F0004L1B2038', 'DAE001-3333333333333', 'F0004L1B2038', '38', 'F0004L1B2038CH04', 'F0004L1B2038CH02', 'F0004L1B2038CH03', 'F0004L1B2038CH01', '2024-01-10'),
('DAE001-3333333333333-F0004L1B2039', 'DAE001-3333333333333', 'F0004L1B2039', '37', 'F0004L1B2039CH02', 'F0004L1B2039CH01', 'F0004L1B2039CH03', 'F0004L1B2039CH04', '2024-01-10'),
('DAE001-3333333333333-F0004L1B2040', 'DAE001-3333333333333', 'F0004L1B2040', '34', 'F0004L1B2040CH04', 'F0004L1B2040CH02', 'F0004L1B2040CH03', 'F0004L1B2040CH01', '2024-01-10'),
('DAE001-3333333333333-F0004L1B2041', 'DAE001-3333333333333', 'F0004L1B2041', '40', 'F0004L1B2041CH03', 'F0004L1B2041CH02', 'F0004L1B2041CH01', 'F0004L1B2041CH04', '2024-01-10'),
('DAE001-3333333333333-F0004L1B2042', 'DAE001-3333333333333', 'F0004L1B2042', '35', 'F0004L1B2042CH01', 'F0004L1B2042CH02', 'F0004L1B2042CH04', 'F0004L1B2042CH03', '2024-01-10'),
('DAE001-3333333333333-F0004L1B2043', 'DAE001-3333333333333', 'F0004L1B2043', '41', 'F0004L1B2043CH02', 'F0004L1B2043CH03', 'F0004L1B2043CH04', 'F0004L1B2043CH01', '2024-01-10'),
('DAE001-3333333333333-F0004L1B2044', 'DAE001-3333333333333', 'F0004L1B2044', '39', 'F0004L1B2044CH03', 'F0004L1B2044CH01', 'F0004L1B2044CH02', 'F0004L1B2044CH04', '2024-01-10'),
('DAE001-3333333333333-F0004L1B2045', 'DAE001-3333333333333', 'F0004L1B2045', '33', 'F0004L1B2045CH02', 'F0004L1B2045CH01', 'F0004L1B2045CH04', 'F0004L1B2045CH03', '2024-01-10'),
('DAE001-3333333333333-F0004L1C1046', 'DAE001-3333333333333', 'F0004L1C1046', '47', 'F0004L1C1046CH04', 'F0004L1C1046CH03', 'F0004L1C1046CH02', 'F0004L1C1046CH01', '2024-01-10'),
('DAE001-3333333333333-F0004L1C1047', 'DAE001-3333333333333', 'F0004L1C1047', '48', 'F0004L1C1047CH04', 'F0004L1C1047CH03', 'F0004L1C1047CH01', 'F0004L1C1047CH02', '2024-01-10'),
('DAE001-3333333333333-F0004L1C1048', 'DAE001-3333333333333', 'F0004L1C1048', '46', 'F0004L1C1048CH04', 'F0004L1C1048CH02', 'F0004L1C1048CH03', 'F0004L1C1048CH01', '2024-01-10'),
('DAE001-3333333333333-F0004L1C1049', 'DAE001-3333333333333', 'F0004L1C1049', '49', 'F0004L1C1049CH03', 'F0004L1C1049CH04', 'F0004L1C1049CH02', 'F0004L1C1049CH01', '2024-01-10'),
('DAE001-3333333333333-F0004L1C1050', 'DAE001-3333333333333', 'F0004L1C1050', '50', 'F0004L1C1050CH04', 'F0004L1C1050CH01', 'F0004L1C1050CH03', 'F0004L1C1050CH02', '2024-01-10'),
('DAE001-3333333333333-F0004L2A1051', 'DAE001-3333333333333', 'F0004L2A1051', '51', 'F0004L2A1051CH04', 'F0004L2A1051CH03', 'F0004L2A1051CH02', 'F0004L2A1051CH01', '2024-01-10'),
('DAE001-3333333333333-F0004L2A1052', 'DAE001-3333333333333', 'F0004L2A1052', '52', 'F0004L2A1052CH04', 'F0004L2A1052CH01', 'F0004L2A1052CH03', 'F0004L2A1052CH02', '2024-01-10'),
('DAE001-3333333333333-F0004L2A2053', 'DAE001-3333333333333', 'F0004L2A2053', '53', 'F0004L2A2053CH03', 'F0004L2A2053CH04', 'F0004L2A2053CH02', 'F0004L2A2053CH01', '2024-01-10'),
('DAE001-3333333333333-F0004L2A2054', 'DAE001-3333333333333', 'F0004L2A2054', '54', 'F0004L2A2054CH03', 'F0004L2A2054CH02', 'F0004L2A2054CH04', 'F0004L2A2054CH01', '2024-01-10'),
('DAE001-3333333333333-F0004L2B1055', 'DAE001-3333333333333', 'F0004L2B1055', '56', 'F0004L2B1055CH04', 'F0004L2B1055CH03', 'F0004L2B1055CH01', 'F0004L2B1055CH02', '2024-01-10'),
('DAE001-3333333333333-F0004L2B1056', 'DAE001-3333333333333', 'F0004L2B1056', '55', 'F0004L2B1056CH04', 'F0004L2B1056CH01', 'F0004L2B1056CH02', 'F0004L2B1056CH03', '2024-01-10'),
('DAE001-3333333333333-F0004L2B2057', 'DAE001-3333333333333', 'F0004L2B2057', '57', 'F0004L2B2057CH03', 'F0004L2B2057CH01', 'F0004L2B2057CH04', 'F0004L2B2057CH02', '2024-01-10'),
('DAE001-3333333333333-F0004L2B2058', 'DAE001-3333333333333', 'F0004L2B2058', '58', 'F0004L2B2058CH04', 'F0004L2B2058CH02', 'F0004L2B2058CH01', 'F0004L2B2058CH03', '2024-01-10'),
('DAE001-3333333333333-F0004L2C1059', 'DAE001-3333333333333', 'F0004L2C1059', '59', 'F0004L2C1059CH03', 'F0004L2C1059CH01', 'F0004L2C1059CH02', 'F0004L2C1059CH04', '2024-01-10'),
('DAE001-3333333333333-F0004L2C1060', 'DAE001-3333333333333', 'F0004L2C1060', '60', 'F0004L2C1060CH02', 'F0004L2C1060CH04', 'F0004L2C1060CH01', 'F0004L2C1060CH03', '2024-01-10'),
('DAE001-3333333333333-F0004R1A1061', 'DAE001-3333333333333', 'F0004R1A1061', '67', 'F0004R1A1061CH03', 'F0004R1A1061CH01', 'F0004R1A1061CH04', 'F0004R1A1061CH02', '2024-01-10'),
('DAE001-3333333333333-F0004R1A1062', 'DAE001-3333333333333', 'F0004R1A1062', '63', 'F0004R1A1062CH01', 'F0004R1A1062CH04', 'F0004R1A1062CH03', 'F0004R1A1062CH02', '2024-01-10'),
('DAE001-3333333333333-F0004R1A1063', 'DAE001-3333333333333', 'F0004R1A1063', '61', 'F0004R1A1063CH03', 'F0004R1A1063CH04', 'F0004R1A1063CH01', 'F0004R1A1063CH02', '2024-01-10'),
('DAE001-3333333333333-F0004R1A1064', 'DAE001-3333333333333', 'F0004R1A1064', '66', 'F0004R1A1064CH02', 'F0004R1A1064CH03', 'F0004R1A1064CH04', 'F0004R1A1064CH01', '2024-01-10'),
('DAE001-3333333333333-F0004R1A1065', 'DAE001-3333333333333', 'F0004R1A1065', '64', 'F0004R1A1065CH01', 'F0004R1A1065CH03', 'F0004R1A1065CH02', 'F0004R1A1065CH04', '2024-01-10'),
('DAE001-3333333333333-F0004R1A1066', 'DAE001-3333333333333', 'F0004R1A1066', '65', 'F0004R1A1066CH02', 'F0004R1A1066CH03', 'F0004R1A1066CH01', 'F0004R1A1066CH04', '2024-01-10'),
('DAE001-3333333333333-F0004R1A1067', 'DAE001-3333333333333', 'F0004R1A1067', '68', 'F0004R1A1067CH03', 'F0004R1A1067CH02', 'F0004R1A1067CH01', 'F0004R1A1067CH04', '2024-01-10'),
('DAE001-3333333333333-F0004R1A1068', 'DAE001-3333333333333', 'F0004R1A1068', '62', 'F0004R1A1068CH03', 'F0004R1A1068CH04', 'F0004R1A1068CH02', 'F0004R1A1068CH01', '2024-01-10'),
('DAE001-3333333333333-F0004R1A2069', 'DAE001-3333333333333', 'F0004R1A2069', '70', 'F0004R1A2069CH02', 'F0004R1A2069CH01', 'F0004R1A2069CH03', 'F0004R1A2069CH04', '2024-01-10'),
('DAE001-3333333333333-F0004R1A2070', 'DAE001-3333333333333', 'F0004R1A2070', '71', 'F0004R1A2070CH04', 'F0004R1A2070CH03', 'F0004R1A2070CH01', 'F0004R1A2070CH02', '2024-01-10'),
('DAE001-3333333333333-F0004R1A2071', 'DAE001-3333333333333', 'F0004R1A2071', '69', 'F0004R1A2071CH04', 'F0004R1A2071CH02', 'F0004R1A2071CH03', 'F0004R1A2071CH01', '2024-01-10'),
('DAE001-3333333333333-F0004R1A2072', 'DAE001-3333333333333', 'F0004R1A2072', '73', 'F0004R1A2072CH04', 'F0004R1A2072CH01', 'F0004R1A2072CH03', 'F0004R1A2072CH02', '2024-01-10'),
('DAE001-3333333333333-F0004R1A2073', 'DAE001-3333333333333', 'F0004R1A2073', '76', 'F0004R1A2073CH04', 'F0004R1A2073CH02', 'F0004R1A2073CH01', 'F0004R1A2073CH03', '2024-01-10'),
('DAE001-3333333333333-F0004R1A2074', 'DAE001-3333333333333', 'F0004R1A2074', '72', 'F0004R1A2074CH02', 'F0004R1A2074CH01', 'F0004R1A2074CH03', 'F0004R1A2074CH04', '2024-01-10'),
('DAE001-3333333333333-F0004R1A2075', 'DAE001-3333333333333', 'F0004R1A2075', '75', 'F0004R1A2075CH03', 'F0004R1A2075CH01', 'F0004R1A2075CH02', 'F0004R1A2075CH04', '2024-01-10'),
('DAE001-3333333333333-F0004R1A2076', 'DAE001-3333333333333', 'F0004R1A2076', '74', 'F0004R1A2076CH04', 'F0004R1A2076CH03', 'F0004R1A2076CH01', 'F0004R1A2076CH02', '2024-01-10'),
('DAE001-3333333333333-F0004R1B1077', 'DAE001-3333333333333', 'F0004R1B1077', '79', 'F0004R1B1077CH01', 'F0004R1B1077CH03', 'F0004R1B1077CH02', 'F0004R1B1077CH04', '2024-01-10'),
('DAE001-3333333333333-F0004R1B1078', 'DAE001-3333333333333', 'F0004R1B1078', '77', 'F0004R1B1078CH03', 'F0004R1B1078CH02', 'F0004R1B1078CH01', 'F0004R1B1078CH04', '2024-01-10'),
('DAE001-3333333333333-F0004R1B1079', 'DAE001-3333333333333', 'F0004R1B1079', '84', 'F0004R1B1079CH03', 'F0004R1B1079CH04', 'F0004R1B1079CH02', 'F0004R1B1079CH01', '2024-01-10'),
('DAE001-3333333333333-F0004R1B1080', 'DAE001-3333333333333', 'F0004R1B1080', '81', 'F0004R1B1080CH02', 'F0004R1B1080CH01', 'F0004R1B1080CH04', 'F0004R1B1080CH03', '2024-01-10'),
('DAE001-3333333333333-F0004R1B1081', 'DAE001-3333333333333', 'F0004R1B1081', '80', 'F0004R1B1081CH04', 'F0004R1B1081CH03', 'F0004R1B1081CH01', 'F0004R1B1081CH02', '2024-01-10'),
('DAE001-3333333333333-F0004R1B1082', 'DAE001-3333333333333', 'F0004R1B1082', '78', 'F0004R1B1082CH04', 'F0004R1B1082CH02', 'F0004R1B1082CH03', 'F0004R1B1082CH01', '2024-01-10'),
('DAE001-3333333333333-F0004R1B1083', 'DAE001-3333333333333', 'F0004R1B1083', '82', 'F0004R1B1083CH03', 'F0004R1B1083CH01', 'F0004R1B1083CH02', 'F0004R1B1083CH04', '2024-01-10'),
('DAE001-3333333333333-F0004R1B1084', 'DAE001-3333333333333', 'F0004R1B1084', '83', 'F0004R1B1084CH02', 'F0004R1B1084CH01', 'F0004R1B1084CH03', 'F0004R1B1084CH04', '2024-01-10'),
('DAE001-3333333333333-F0004R1B2085', 'DAE001-3333333333333', 'F0004R1B2085', '85', 'F0004R1B2085CH04', 'F0004R1B2085CH01', 'F0004R1B2085CH03', 'F0004R1B2085CH02', '2024-01-10'),
('DAE001-3333333333333-F0004R1B2086', 'DAE001-3333333333333', 'F0004R1B2086', '87', 'F0004R1B2086CH01', 'F0004R1B2086CH02', 'F0004R1B2086CH04', 'F0004R1B2086CH03', '2024-01-10'),
('DAE001-3333333333333-F0004R1B2087', 'DAE001-3333333333333', 'F0004R1B2087', '88', 'F0004R1B2087CH03', 'F0004R1B2087CH01', 'F0004R1B2087CH04', 'F0004R1B2087CH02', '2024-01-10'),
('DAE001-3333333333333-F0004R1B2088', 'DAE001-3333333333333', 'F0004R1B2088', '89', 'F0004R1B2088CH02', 'F0004R1B2088CH01', 'F0004R1B2088CH04', 'F0004R1B2088CH03', '2024-01-10'),
('DAE001-3333333333333-F0004R1B2089', 'DAE001-3333333333333', 'F0004R1B2089', '91', 'F0004R1B2089CH03', 'F0004R1B2089CH01', 'F0004R1B2089CH04', 'F0004R1B2089CH02', '2024-01-10'),
('DAE001-3333333333333-F0004R1B2090', 'DAE001-3333333333333', 'F0004R1B2090', '90', 'F0004R1B2090CH04', 'F0004R1B2090CH01', 'F0004R1B2090CH02', 'F0004R1B2090CH03', '2024-01-10'),
('DAE001-3333333333333-F0004R1B2091', 'DAE001-3333333333333', 'F0004R1B2091', '86', 'F0004R1B2091CH01', 'F0004R1B2091CH03', 'F0004R1B2091CH04', 'F0004R1B2091CH02', '2024-01-10'),
('DAE001-3333333333333-F0004R1C1092', 'DAE001-3333333333333', 'F0004R1C1092', '93', 'F0004R1C1092CH03', 'F0004R1C1092CH02', 'F0004R1C1092CH01', 'F0004R1C1092CH04', '2024-01-10'),
('DAE001-3333333333333-F0004R1C1093', 'DAE001-3333333333333', 'F0004R1C1093', '92', 'F0004R1C1093CH02', 'F0004R1C1093CH03', 'F0004R1C1093CH01', 'F0004R1C1093CH04', '2024-01-10'),
('DAE001-3333333333333-F0004R1C1094', 'DAE001-3333333333333', 'F0004R1C1094', '94', 'F0004R1C1094CH04', 'F0004R1C1094CH03', 'F0004R1C1094CH01', 'F0004R1C1094CH02', '2024-01-10'),
('DAE001-3333333333333-F0004R1C1095', 'DAE001-3333333333333', 'F0004R1C1095', '95', 'F0004R1C1095CH02', 'F0004R1C1095CH03', 'F0004R1C1095CH01', 'F0004R1C1095CH04', '2024-01-10'),
('DAE001-3333333333333-F0004R1C1096', 'DAE001-3333333333333', 'F0004R1C1096', '96', 'F0004R1C1096CH04', 'F0004R1C1096CH03', 'F0004R1C1096CH01', 'F0004R1C1096CH02', '2024-01-10'),
('DAE001-3333333333333-F0004R1C1097', 'DAE001-3333333333333', 'F0004R1C1097', '97', 'F0004R1C1097CH04', 'F0004R1C1097CH03', 'F0004R1C1097CH02', 'F0004R1C1097CH01', '2024-01-10'),
('DAE001-3333333333333-F0004R1C1098', 'DAE001-3333333333333', 'F0004R1C1098', '98', 'F0004R1C1098CH04', 'F0004R1C1098CH03', 'F0004R1C1098CH02', 'F0004R1C1098CH01', '2024-01-10'),
('DAE001-3333333333333-F0004R1C1099', 'DAE001-3333333333333', 'F0004R1C1099', '99', 'F0004R1C1099CH03', 'F0004R1C1099CH02', 'F0004R1C1099CH04', 'F0004R1C1099CH01', '2024-01-10'),
('DAE001-3333333333333-F0004R1C1100', 'DAE001-3333333333333', 'F0004R1C1100', '100', 'F0004R1C1100CH02', 'F0004R1C1100CH04', 'F0004R1C1100CH01', 'F0004R1C1100CH03', '2024-01-10');

-- --------------------------------------------------------

--
-- Table structure for table `tbindvform_v01`
--

CREATE TABLE `tbindvform_v01` (
  `indvtfrmcode` varchar(35) NOT NULL COMMENT 'รหัสแบบฟอร์มทดสอบรายบุคคล (รหัสการจอง-เลขประจำตัวประชาชน-เลขฟอร์ม) เช่น สอ.ทอ.จองครั้งที่ 1 ฟอร์ม 1 ผลการสอบรายบุคคลเป็น DCE001-1234567890123-F0001R1A1061',
  `testresultcode` varchar(20) NOT NULL COMMENT 'รหัสผลการทดสอบของแต่ละการจอง (รหัสการจอง-เลขประจำตัวประชาชน) เช่น สอ.ทอ.จองครั้งที่ 1 ผลการสอบรายบุคคลเป็น DCE001-1234567890123',
  `question_code` varchar(12) NOT NULL COMMENT 'รหัสโจทย์ 12 หลัก (เลขฟอร์ม+cerfcode+เลขข้อ) เข่น  F0001R1A1061',
  `questionorder` varchar(3) NOT NULL COMMENT 'ลำดับข้อในชุดข้อสอบ  001 - 100',
  `frmcreatedate` date NOT NULL COMMENT 'วันที่สร้างฟอร์มทดสอบรายบุคคล',
  `A` varchar(16) DEFAULT NULL COMMENT 'choice A',
  `B` varchar(16) DEFAULT NULL COMMENT 'choice B',
  `C` varchar(16) DEFAULT NULL COMMENT 'choice C',
  `D` varchar(16) DEFAULT NULL COMMENT 'choice D'
) ENGINE=InnoDB DEFAULT CHARSET=utf8mb4;

-- --------------------------------------------------------

--
-- Table structure for table `tbintrovideo`
--

CREATE TABLE `tbintrovideo` (
  `introvdoid` varchar(9) NOT NULL COMMENT 'รหัสวีดีโอแนะนำ รูปแบบ INTRO-xxx เช่น INTRO-001',
  `introvdotitle` varchar(50) DEFAULT NULL COMMENT 'ชื่อไฟล์วีดีโอแนะนำ',
  `introvdofilepath` varchar(255) DEFAULT NULL COMMENT 'พาธที่เก็บไฟล์วีดีโอแนะนำ',
  `introvdouploaddate` date DEFAULT NULL COMMENT 'วันที่จัดเก็บไฟล์วีดีโอแนะนำ'
) ENGINE=InnoDB DEFAULT CHARSET=utf8mb4;

-- --------------------------------------------------------

--
-- Table structure for table `tbipaddr`
--

CREATE TABLE `tbipaddr` (
  `ipaddr` varchar(15) NOT NULL COMMENT 'หมายเลขไอพี',
  `office` varchar(100) DEFAULT NULL COMMENT 'หน่วยงาน',
  `status` tinyint(4) DEFAULT NULL COMMENT 'สถานะการใช้งาน -1 - หยุดการใช้งาน, 0 - ระงับการใช้งานชั่วคราว, 1 - กำลังใช้งาน'
) ENGINE=InnoDB DEFAULT CHARSET=utf8mb4;

-- --------------------------------------------------------

--
-- Table structure for table `tblabroom`
--

CREATE TABLE `tblabroom` (
  `labroomcode` varchar(4) NOT NULL COMMENT 'รหัสห้องสอบ',
  `labroomcap` int(11) NOT NULL COMMENT 'จำนวนคน'
) ENGINE=InnoDB DEFAULT CHARSET=utf8mb4;

--
-- Dumping data for table `tblabroom`
--

INSERT INTO `tblabroom` (`labroomcode`, `labroomcap`) VALUES
('lab0', 0),
('lab1', 20),
('lab2', 30),
('lab3', 30),
('lab6', 20);

-- --------------------------------------------------------

--
-- Table structure for table `tbmember`
--

CREATE TABLE `tbmember` (
  `pers_id` varchar(13) NOT NULL COMMENT 'เลขประจำตัวประชาชน',
  `official_id` varchar(12) NOT NULL COMMENT 'เลขประจำตัวข้าราชการ'
) ENGINE=InnoDB DEFAULT CHARSET=utf8mb4;

--
-- Dumping data for table `tbmember`
--

INSERT INTO `tbmember` (`pers_id`, `official_id`) VALUES
('1100501418960', '6325125425'),
('1103702509612', '361330041000'),
('1104200223730', '162290145800'),
('1111111111111', '111111111111'),
('1149900696228', '8651030146'),
('1234567890123', '1234567890'),
('1269900155412', '353180000400'),
('1321321546546', '564684354654'),
('1471200336695', '8651030178'),
('1779800065026', '1483000320'),
('2222222222222', '222222222222'),
('2321321654684', '5464654654'),
('3333333333333', '333333333333'),
('3625421522425', '123123526545'),
('4444444444444', '444444444444'),
('5555555555555', '555555555555'),
('6546565498454', '6546549846'),
('6555874456444', '366655454555'),
('6633256452156', '5563241524');

-- --------------------------------------------------------

--
-- Table structure for table `tbmemberinfo`
--

CREATE TABLE `tbmemberinfo` (
  `meminfo_id` varchar(20) NOT NULL COMMENT 'หมายเลขข้อมูลสมาชิก (pers_id + month + be_year เช่น 1234567890123-072565)',
  `pers_id` varchar(13) NOT NULL COMMENT 'หมายเลขประจำตัวประชาชน',
  `meminfo_year` varchar(6) NOT NULL COMMENT 'เดือนปีที่อัพเดทข้อมูล เช่น ก.ค.65 เป็น 072565',
  `mem_rank` varchar(45) NOT NULL COMMENT 'ยศปัจจุบัน',
  `mem_fname` varchar(255) NOT NULL COMMENT 'ชื่อปัจจุบัน',
  `mem_lname` varchar(255) NOT NULL COMMENT 'นามสกุลปัจจุบัน',
  `mem_pos` varchar(255) NOT NULL COMMENT 'ตำแหน่งปัจจุบัน',
  `mem_affiliation` varchar(255) NOT NULL COMMENT 'สังกัดปัจจุบัน',
  `rtafbranch` varchar(255) NOT NULL COMMENT 'เหล่าปัจจุบัน',
  `rtafbranchgrp` varchar(255) NOT NULL COMMENT 'จำพวกทหาร',
  `mem_cellphone` varchar(10) NOT NULL COMMENT 'หมายเลขโทรศัพท์มือถือ',
  `mem_offtel` varchar(5) NOT NULL COMMENT 'หมายเลขโทรศัพท์ที่ทำงาน',
  `memimgpath` text DEFAULT NULL COMMENT 'พาธเก็บภาพถ่ายบุคคล',
  `mem_email` varchar(255) NOT NULL,
  `mem_token` text DEFAULT NULL
) ENGINE=InnoDB DEFAULT CHARSET=utf8mb4;

--
-- Dumping data for table `tbmemberinfo`
--

INSERT INTO `tbmemberinfo` (`meminfo_id`, `pers_id`, `meminfo_year`, `mem_rank`, `mem_fname`, `mem_lname`, `mem_pos`, `mem_affiliation`, `rtafbranch`, `rtafbranchgrp`, `mem_cellphone`, `mem_offtel`, `memimgpath`, `mem_email`, `mem_token`) VALUES
('1100501418960-032566', '1100501418960', '032566', 'ไม่ระบุ', 'ศศิวิมล', 'สมศักดิ์', 'พนักงานวิเคราะห์และออกแบบระบบทางคอมพิวเตอร์ แผนกวิเคราะห์และออกแบบซอฟต์แวร์ กมซ.ศซว.ทอ.', 'ศซว.ทอ.', 'ส.', 'สารสนเทศและสงครามอิเล็กทรอนิกส์', '0944286559', '28446', '', 'sasivimon_som', NULL),
('1103702509612-102566', '1103702509612', '2576', 'จ.อ.', 'อาทิตย์', 'แสนโคก', 'จนท.ปช.ผวซ.กมซ.ศซว.ทอ.', 'ศซว.ทอ.', 'ส.', 'สารสนเทศและสงครามอิเล็กทรอนิกส์', '9564845465', '54685', NULL, 'arthit_sankok', NULL),
('1104200223730-092566', '1104200223730', '092566', 'จ.ท.', 'ชนะชล', 'เกตุอาภรณ์', 'จนท.ปช.ผวซ.กมซ.ศซว.ทอ.', 'ศซว.ทอ.', 'ส.', 'สารสนเทศและสงครามอิเล็กทรอนิกส์', '6666666666', '88888', '/9j/4AAQSkZJRgABAQEAYABgAAD//gA7Q1JFQVRPUjogZ2QtanBlZyB2MS4wICh1c2luZyBJSkcgSlBFRyB2OTApLCBxdWFsaXR5ID0gOTAK/9sAQwADAgIDAgIDAwMDBAMDBAUIBQUEBAUKBwcGCAwKDAwLCgsLDQ4SEA0OEQ4LCxAWEBETFBUVFQwPFxgWFBgSFBUU/9sAQwEDBAQFBAUJBQUJFA0LDRQUFBQUFBQUFBQUFBQUFBQUFBQUFBQUFBQUFBQUFBQUFBQUFBQUFBQUFBQUFBQUFBQU/8AAEQgAyACWAwEiAAIRAQMRAf/EAB8AAAEFAQEBAQEBAAAAAAAAAAABAgMEBQYHCAkKC//EALUQAAIBAwMCBAMFBQQEAAABfQECAwAEEQUSITFBBhNRYQcicRQygZGhCCNCscEVUtHwJDNicoIJChYXGBkaJSYnKCkqNDU2Nzg5OkNERUZHSElKU1RVVldYWVpjZGVmZ2hpanN0dXZ3eHl6g4SFhoeIiYqSk5SVlpeYmZqio6Slpqeoqaqys7S1tre4ubrCw8TFxsfIycrS09TV1tfY2drh4uPk5ebn6Onq8fLz9PX29/j5+v/EAB8BAAMBAQEBAQEBAQEAAAAAAAABAgMEBQYHCAkKC//EALURAAIBAgQEAwQHBQQEAAECdwABAgMRBAUhMQYSQVEHYXETIjKBCBRCkaGxwQkjM1LwFWJy0QoWJDThJfEXGBkaJicoKSo1Njc4OTpDREVGR0hJSlNUVVZXWFlaY2RlZmdoaWpzdHV2d3h5eoKDhIWGh4iJipKTlJWWl5iZmqKjpKWmp6ipqrKztLW2t7i5usLDxMXGx8jJytLT1NXW19jZ2uLj5OXm5+jp6vLz9PX29/j5+v/aAAwDAQACEQMRAD8A8d/4c0fGn/oafAX/AIML3/5DpP8AhzT8af8AoafAX/gwvf8A5Dr9lW6n60mKdhH41/8ADmn40/8AQ0+Av/Bhff8AyHR/w5p+NP8A0NHgL/wYXv8A8h1+ydJRYVz8bf8AhzV8af8AoafAX/gwvf8A5Do/4c1fGn/oaPAX/gfe/wDyHX7JdKTNILn42/8ADmv40f8AQ0+Av/Bhe/8AyHR/w5r+NH/Q0+Av/Bhe/wDyHX7JEUhpBc/G7/hzX8aP+ho8Bf8Agwvf/kOj/hzX8aP+ho8Bf+DC9/8AkOv2QNJQFz8cP+HNnxo/6GjwF/4H3v8A8h0h/wCCNnxoH/M0eAv/AAPvf/kOv2QJHakoHc/HD/hzb8aP+ho8Bf8Agwvf/kOk/wCHN3xn/wCho8Bf+DC9/wDkOv2PJFNPWi4H45f8OcPjP/0NHgP/AMD73/5DpP8Ahzh8Z/8AoaPAf/gfe/8AyHX7GmmnrTGfjof+COHxnH/M0eA//A+9/wDkOj/hzh8Z/wDoaPAf/gfe/wDyHX7FduKOgNAH47L/AMEbvjQx48UeA/8AwPvf/kOiv2Lib5z9KKALjfe/GkNObhjTc5qiRDRQTjNN3UCFJ5oNNzxQWyMVIx3JpkkixRs7sERRlmY4AHqabLcR28TyyuscSKWd2OAoHJJPYV+U37Xf7W/iP9ojX73wf4JubnTvh/byNA8luWSXViDgs56+VkfKnfq3OAJlJRV2XCDm7I+u/iz/AMFF/hF8Mb+fTbK+u/GmrQko8Hh+ISxRsOzTMQn/AHyWrxWP/grnZjUWEvwp1JNODY85dVQy49dnlAZ9t3418x+Avgfq1jErz+HJZIm/5agZK/hXpdj8KY7y0khfTB5yrgoFxgY6muCWMhHY9OOAm9z7b+B/7cXwq+O1xFp+maw+h69IQq6PrirbzSH0jOSkh9lYn2r3+vxp8cfs9Qro6XNtZzRXatksFIz+P17+1fQf7Gf7X2veDdf034a/Ey9lvtLumW20fXboky28hwEgmY/eQ9FY8qcA8fd2pYmnWdovU562Dq0VdrQ/RLHSm4/Kn01hXScQ3+VNNOOcU09KYCGkJ96TdTSeKYySAjefpRSQ8sfpRQBeY8n60wtSueT9ajY1RIpbNN3Uxm4600vSESbqN9Q76XfSA8Q/bY1/UNG/Z18SW+lyGK91YxaYsi9VSVwJMf8AbMOPxr4X+FXw7ttHjt0MQlmjwQSOPrX2T+3LLN/wrjw+qco2tRlh7+TLj+tfOugXNxaXMMVjYPfXDAEovygD3PQV85mdSbkqUT6zKKMI03Xl3PcPhzpi3VpJG8flhACCR97P+Fdgng+0slZ47dAZRl2A5z+X1rnPAviS80lI4dS0BLJXGRKLrec+hG3H616VHrOny2rOXIXOSCOg74ripUoRjyyaudtSpKUuaK0PHfHmgxpGojUOCudrCvnD4q/DS08QWDyRxiG43Aoy8EHrnPrX1B8QNe+3sYtK0STUZAMNIblY1A/KvHbu4u7iZrfUtPaz3fcOQ4B9MjiuPklSqc8Grep0cynT5Jo+xP2d/Fl740+CvhPVNSYyambT7Ndu3V5YmMTsf94oW/GvRDXkH7KpcfCWGNj8sd9cKn03Z/mTXrxOTX21OTnCMn1R8HVjyVJRXRjc0jGlJxmoyfetSBD3puaGOKYWoGSxN85+lFMib5jj0opgaEn3j9ahZsVJIfmP1qB2pkjXeomk5pHbn1qB3oYiYyc0ofpVXzDShqkD5u/aj8f2HiXSr/wsmnztd6RfW9wLluE3Yw3UcgJI3Qk57V5Hqeka7YaZp7aA8MUs+DLM0ZcoOOQvGePevcP2nfCAttIuPEVqpxchbe8QDPI+5IPwXaf+Ansa5f4dXEc+n2LzoMsoO08ha+Px/tXX9/p+XQ+5wHslhk6Xz9epzPgHw78RZNXvZdc1b7ZpInX7MPLGDb5bLSZAKuF2YCluQ3PIx6y+oxJ4bmSOEh/MC7iMHFdJrt3Bo+gSMCpklURozcKhPQk+grhxr2lTeGpJBrlhNGrmNyswxuzjO7p+tVVi56qy0Lox017nnHxM0LxgdPhn8La02nbplz8oMZhK/OT8jEuG7cAjuCOc/QdP1tpbyLUZo7mzyzQTSJsmK9t4HGfcfkOle8eHRb33h5w4Rp4DscoQyMOoI7dDXG+JfIt4JnChCFbNc1dtRhFJfqOKScm2zs/2ZvH1tJZDwZ9glgu7aKe+F1v3JMrTZ6YG0gSIOp6V7uTXjf7OXgpdP0Q+J7jJu7+L7PAuMBIFbr9WYZ+gWvYia+swjm6MXU3/AE6HyWO9mq8lS26+vX8RGOaYaVjUbNXWcIjNULP1xSuahduaYyWOTLEe1FRRNlj9KKANiU/MfrVZz61PKfmb61WfGKZJC7cmqztUsh61VkcZpXAXdTkc1AWpyNzUgR63otr4k0e602+iWa2uIyjKw6ehHuDzmvlH4d28lgZdPmYpcW8rROp/hZflI/SvrqNq+TPHOrJo/wAavFNlCixKZ45QvQMWiRmP1LMT+NeNmVHnjGS3R7uVVXGU6b23O48Q+KtOt9LNpqssa2oX979oIwx7YHeuNufEfgWbTzL5VnMqqBuMLEg591/rVTXoG1+Is8YdlO9GaESc+nNVXZ5LVrZ/DVijY2/aHhb88f8A168ymoTj+8lqfUUlTt7zfyO68LeJtMOkfZtLaI2soLKIuAD3+h+tYOp2kviPUbPTbQky3kywJxgfMcZPsOv4VlaPbR6NEzwwRIx3MzRwiMMT7D/69em/s7Wtp4i8VavqUvzz6VHGkK/wq0u8FvqAhH/AjUUqDrVVBPQ8/EVlRpymj3vS9LttF0y2sLSIRW1vGI0RR0A/rU7Gnnp0qN6+wtbRHxd29WRsc1CxqRzUMh4pARyNVdnwafI9V3emMkifDntxRUUT/MfpRTA6GX7zfWqzn2qeVuTVaU8GqJK0p61Ucc1eW3kuWxGpPv2FaNroMeN02ZG9BwKFFy2Ec73p8fXFdWNJtx92BQfpmqeqabM9uEtLuPTZN3MwiVjjB4Abj059qp07JvfyQ1qzHcPCgOxstwox1NfNv7RXw1ms/E0Gv24cG/jAaYDgTIMYP1UA49m9K+sEg86K2Vm+0yxgCScLtDcdeOOT6dKdf+H7HXNOlsdQtkubWUYaNx+RB6gjsRyKmvh41aDitJb+h04au8PVUrXWz9D8/wDT/iTLo8bWt9EYZk43HofoaLj402UJBfBCjjceM5619EePv2ZY0aS703ZfWwO7yZSFlUemTgN+n0NeMav8LfDlhdPFdaasNyh+aOaHa4/A18dXg6UmqsLPy6n11CrCqr05HEzfEyfxRIsGnxl88GVR8qj696+h/wBk+we10bXtUVWaGW7W2LH+MxrliPXBkx9Qa5nwh8AtR8UGJLG0Gj6Y/wB++nXBK/7C8Fj+nvX094X8F6d4K8OWOiaXD5VlaJsUMcsxJJZmPdmJJJ9Sa9bK8PKc/aSVorY8vMq9ONP2UHdvcurKsq5jYOPUHNMfrUkml3D6VLb2d0dPndiwuFQMRls8ZBHTjoau2NpNHYQxXsgurhVw8u0DcfXAr3HH944Wdu/T03PnbaXMd2xmq8h5NbVzpiMCVytZdzZSRZON49qHTktQTKErVVduanlPWqrnmoGPifDH6UVFGcv17UUAdHK+Wb60+ztftbgn7nP6VRkk2s3YVs+Fj9o0qFzwSc/ma1glq2SXUgSFQqjA7ADrUgtpJOreUnov3j+Paraxqh4HPrS8VfOOxV/s+A/eUyf9dGLfzpyWsMQ/dxImf7qgVPikApczfUYgQYxTUXbkfrUmKQCkBh6zHew3qT20TXCbcbQ33fXAx19/rWVF4cW9urSfVLW2nuYleSPfCrGI7hjacccfzrr2YKCeh9q50eKrGfXWtAT5sIKM5HyqSFOD+GD+NebKNDDVfa1Z25tEntd28vz2Nk5SVorYwNei167ubq0itVly2bWVkyiqe5x1xz34rtrK2lS0hjmbzJFQB3/vHHNXIirLwQw9R0px61vQw6oTnUTbcu5Epc6SfQjEYAwBxSeWo6AD6cVLSYrruQMMQPrVae1LdgfpV3pQRmmpNBY5jUdKEoYr8r9j61zNwjQuUYYINekPAsgORXK+LLJYLZJAOd5/l/8AWolaSv1Ec5G3zn6UVFGwDH6UVgM2byTbHKfQGuh8If8AIFjA6ha4/ULjMMg9Tj9a7DwmuzTICOjRqf0rogvcbEdBnIz68008UiMNuM8g4oaoAD61ydt8R9LvvHQ8M2weaUQys12v+pEsZTdAG7yANuI7AHuDjoNZsH1bSL6yjuZbOS4geFbiBtskRZSNynsRnINeKeB/hB4s0bxjpl1fNpttY6ZIzx3drM7ySqS+U2MvAIcjljgE9Tg1EpSi0kr3/Ao92xSge1KKPatBEUqblrObw5aG7SbBCoSyxDATcSSWx3OSTmtVvumnYrCrRp1rKpG9ilJx2GgYFApwFJ65rYkMU3ueKaZovL3+agT+9uGPzppu4Rg+auCM5zWEsRRhpKaXq1/mUk30JG+7Sodyg1Rv9Ws9Ohea4m8tFBy20npn0Hsfypui67ZazDvtJvNQjcDtK5GSO4HcH8q2i1OPPHVByyte2hfY4BOK5zxgu+xPfaa3ZJgJQv41la9EJrB1z8xNaqOhm2cDG3zH6UVWSXDn6UVzFFi9fcVHq4Fd/wCFMjTYl9FxXnsuXu4FHeX+hr0Lw9+7hVfQV1wX7pkvc1S+y4x2Yfr/AJxUxzVe4AVkI4+br+FSIPMXdk81DWlxnyP8dIPj9P8AFvXD4Ph8RDwkIbcWLaTdWaIXEY83Kyndy3H4HrXlKeH/ANqyWbUGeTx2sRObVf7R08N90ZDc/wB7PTHGO9foiI/elCe5pXFY+Hfgj4f/AGjIfix4VbxY3itPDCXUj6k+p6jbyRGMRvsBWN8nLbcjH44r7ko2+9JnDbT1xmpvcYkhwrfSnZprj5W+lcXqPi6ex8WHTXW5V5FBt1jt2aJuuQz4wD0xnrniuTE4mOGjGUk3d20/r/hzWEHPY7emsm9GU9CMUkYcD5yCf9kUrEgqB3rrMzmrDwxqOl6DbaTb6jbfZ7eJYUeW1ZnwoABOJAM8elOTwxfkr5mtSADtBbov/oW6ujKe5ppiB65/OvKllWAqSjKdGLaSirrondLfZPU0VSa2ZzWo+Dmv7Z4J9bv3RsgjbAOoYH/ll6Mak8J+EbbwtGYoLm5uFxgG4cEgZJ7Adya3Wt0PZv8Avo1G8QhUupwV5wa9alGNKHs6asuy7kuc2rN6FZ7kLeSqoDuAAB7motShFvYHed0sjAFv6CprLDXMznk1gfEHxNb+HLOKe58wxIS7iFdzY9cd8da6Ho7IyOC1PVbHRrllvby3swWZV8+VU3YPOMnmivzp/a38W6b8TPHWt6tb6lJeCwvYtOsYY8GPyBG7ySLk95CB07DntRXFFqd7X0bX9feauLVj9KLQebq9mv8A00J/8dNeh6d+6cDpxXC+H4/P162GMgFifyrutjQyr6etdtLWnYyluWb53IBXoCDU9jOkkCKGBcDBGeRUdxzbvjk7Tis5ViuVVioJHIPcUKPNGwXsbw4pe9ULd5Y0+RjKB/A55/A/40SXl1JN5cNv5S95ZiMfgAefxxWPI72KuaOagWUSXLbSGCrgkeuajFmr4853mPcMePyHFWERY1CqAqjoAMVNkgsI3AJp20EhsDcOhxzSPyCPalB4FIYuCBUchKgMATtOcCpO1JQgGLcRynCupYdRnkfhTqjuIo5VxIit9RmqAS5tpCYZt8ef9VMc4+h6j9atRvsK5oFgDVC81KDa8SOJJCMYXnH19Kr3ST3k5SRtsQ/gQ8H6+tNlSK1iIUBQBW8aaTVyWyxpKN5bSMMAnjPeuW8U6RLr2sKittVYXAJ7EjGa66zymmwlj8xQE/XFULNDJdzSn/dFNO8nITPgW6+E/hvRPGeo6x4r0gX17pyDQ9Q0xPm8yXh7a9XPUSW6BSf76v70V9O/EXwDpGs+PRrFzE5uls/szBWwki7gylh3KkNtPYO/rRX57ieGIYitOpPE1Fq7KMmklulo+l3r2t2PYp43kgkqafqjsvCS7tbHsjGu4mQ455rivBXz6zIfSM/zFd1IuRX3lN2SPIe4xWzCQfSsu1kAZlB+6xXH0NaaHANc9ayldSv0PaYMPoVX+oNddNX5iTobc1azuYVTtzlRVlSc1zSWpSLAFOPTimI2aeOaxLGt0NKzgcdaDyK828Xal4ntdbSGwsGmLXCtDJGhZWh24YMSQEIY54ySFPSuTE13QipKPN6Fwjzu1z0lWyKCahs4pUgj86TfLtG/gAZ79Klc7RXUQRzNgVTkye/FTu2agc8/jW8VYjcrtIUyR1NULxjKhTPL/KD7ngfzq3Px3qhK268s4h/HMMn6At/7LXZBdSToJ/lgCjgAYqtaJtic+tWZhlKYcJCBXInZWGebeNDt1zPrEP5mim+Nz/xO1yP+WQ/maK5Z/EzVXsaXgVv+JxN/1zP8xXoXlg96848DtjW3HrGf5ivQ2bC1tFe6rGb3GvF5eTniuZVguryjvKu8fgcf1roJSXUqSeaw9TaO11OyGMPKHRcfn/Su2h1T6ks2LZ8gVbDYIrOtJKvZ4BrGasxosI2KlBqspyKmVq52i0yQHijOAPpSChT8gz6VAxc4pj9DTs02Q4FNAyu4zUD9akdveq7tz+NdMUZFe5ZUHzHFU7bEuqQknOxSw/Qf1NSajyp71laRK8niN1/5ZpEo/Ekn/Cu2Ebwb8gOvc5UVAz732joKfctsUetNgjwM9Sa4lorjPN/Hgxri8/8ALIfzNFJ4/YHXwPSIfzNFcdR+8zRbH5N6X/wVz+MGk3Rnh8NeB2cqVw9jeEfpd1tf8PnvjX/0K3gH/wAF99/8mUUUuZisIf8Ags58aj/zK3gH/wAF99/8mVRuv+CwnxkvLuC4fwx4FDw52hbC9xyMc/6XRRVKpKOqYWRPH/wWQ+M8fTwv4DP1sL3/AOTKm/4fN/GrAH/CLeAf/Bfff/JlFFJzk92FkOH/AAWd+NY/5lbwD/4L77/5MpR/wWg+Ng/5lbwD/wCC++/+TKKKXM+4x3/D6P42j/mV/AP/AIL77/5MpP8Ah9F8bcf8it4B/wDBfff/ACZRRSuwD/h9F8bf+hW8A/8Agvvv/kyhv+C0PxsYc+FvAH/gvvv/AJMooouwIz/wWb+NR/5lbwD/AOC++/8AkymN/wAFlfjS3Xwv4C/8F97/APJlFFVzyXUVkRP/AMFjfjNJnPhjwHz/ANOF7/8AJdQWX/BYH4yWN1LOnhnwKzyDB32F6QPp/pdFFV7WolbmCyLzf8FmfjSzbj4W8Ak/9g++/wDkynj/AILPfGsDA8LeAP8AwX33/wAmUUVHM+4WOf1b/grR8XdZvTdT+HPBKyEbcR2N4B+t0aKKKTd9xn//2Q==', 'chanachon_ke', NULL),
('1111111111111-092566', '1111111111111', '092566', 'จ.ท.', 'user1', 'u1', 'test5', 'กบ.ทอ.', 'อย.', 'ขนส่ง', '1111111111', '11111', '', 'testuser1', NULL),
('1149900696228-022566', '1149900696228', '022566', 'จ.ท.หญิง', 'ณัชชา', 'ยืนยง', 'เจ้าหน้าที่พัสดุ แผนกธุรการ ศซว.ทอ.', 'ศซว.ทอ.', 'พด.', 'พัสดุ', '0956425265', '32654', '/9j/4AAQSkZJRgABAQEAYABgAAD//gA7Q1JFQVRPUjogZ2QtanBlZyB2MS4wICh1c2luZyBJSkcgSlBFRyB2OTApLCBxdWFsaXR5ID0gOTAK/9sAQwADAgIDAgIDAwMDBAMDBAUIBQUEBAUKBwcGCAwKDAwLCgsLDQ4SEA0OEQ4LCxAWEBETFBUVFQwPFxgWFBgSFBUU/9sAQwEDBAQFBAUJBQUJFA0LDRQUFBQUFBQUFBQUFBQUFBQUFBQUFBQUFBQUFBQUFBQUFBQUFBQUFBQUFBQUFBQUFBQU/8AAEQgAyACWAwEiAAIRAQMRAf/EAB8AAAEFAQEBAQEBAAAAAAAAAAABAgMEBQYHCAkKC//EALUQAAIBAwMCBAMFBQQEAAABfQECAwAEEQUSITFBBhNRYQcicRQygZGhCCNCscEVUtHwJDNicoIJChYXGBkaJSYnKCkqNDU2Nzg5OkNERUZHSElKU1RVVldYWVpjZGVmZ2hpanN0dXZ3eHl6g4SFhoeIiYqSk5SVlpeYmZqio6Slpqeoqaqys7S1tre4ubrCw8TFxsfIycrS09TV1tfY2drh4uPk5ebn6Onq8fLz9PX29/j5+v/EAB8BAAMBAQEBAQEBAQEAAAAAAAABAgMEBQYHCAkKC//EALURAAIBAgQEAwQHBQQEAAECdwABAgMRBAUhMQYSQVEHYXETIjKBCBRCkaGxwQkjM1LwFWJy0QoWJDThJfEXGBkaJicoKSo1Njc4OTpDREVGR0hJSlNUVVZXWFlaY2RlZmdoaWpzdHV2d3h5eoKDhIWGh4iJipKTlJWWl5iZmqKjpKWmp6ipqrKztLW2t7i5usLDxMXGx8jJytLT1NXW19jZ2uLj5OXm5+jp6vLz9PX29/j5+v/aAAwDAQACEQMRAD8A8h/4cw/Gv/oafAP/AIML7/5Do/4cw/Gv/oafAP8A4ML7/wCQ6/Zw/eP1oIzTsK5+Mf8Aw5h+Nf8A0NPgH/wYX3/yHR/w5h+Nf/Q0+Af/AAYX3/yHX7OY4pccc0WA/GP/AIcwfGz/AKGnwD/4ML7/AOQ6P+HMHxs/6GnwD/4ML7/5Dr9ncUuOKLBc/GH/AIcwfGz/AKGnwD/4ML7/AOQ6Q/8ABGL41j/mafAP/gwvv/kOv2Xu7uGxgea4lSGJAWZ5GChR6kmvlb4x/wDBQr4b/Dt7iy0iWfxfqkRKldPO23Vh2Mp4P/AQ1J2Qanwb/wAOaPjRnH/CVeAc+n9oXv8A8h0D/gjP8aScf8JV4Bz6f2he/wDyHXrGpf8ABUvxnNel7Pwjo0djuyI5pJXfb6btwGffbXsHgD/gpn4I1HwpPf8Aii0utE1eOURrp1shuPNB53I2FGOOd2Mcdc1PMh2Z8kj/AIIyfGo9PFPgH/wYX3/yHSn/AIIxfGsf8zT4B/8ABhff/Idfor8Hf20PAPxb1GPT7O8k07UZv9VaagojeT/dIJUn2zn2r6BgmS4UMpyDTTT2A/Gn/hzF8a8/8jT4B/8ABhff/IdA/wCCMfxrP/M0+Af/AAYX3/yHX7NYyaAO1MVz8Zv+HMXxr/6GnwD/AODC+/8AkOj/AIcw/Gv/AKGnwD/4ML7/AOQ6/Znv3pRQFz8ZR/wRh+NZH/I0+Af/AAYX3/yHR/w5i+NY/wCZp8A/+DC+/wDkOv2aHFLjpQFz8ZR/wRg+NjdPFPgH/wAGF9/8h0V+z0fWigY1h8xoxSt940AZqiQApcYpcetFACCqmrapa6LptzfXs8draW8ZllmmbakagZJJ7ACrnSvg3/gpN+0BLpGm23w30a4KXF6gudUeM8iLP7uL/gRG4+wHZqTdlqNJt2PCv2wv2ytU+Mmq3Ph3w1dTaf4MgkKfKdkl+R/G/cJ6L+J5xj5RdPtUvlnJbof8P8atTQEMhPJPT/P5/lX1F+xp+zrD471CTX9Yg36dC22KNxxI/U/gP61y1ans48z3O2hR9rLljt1Z8++G/hZr/jqaGDStDuJ4mIU3TIVQfpXpuo/sea+PC3lxWw/tJX8zcQcEAHiv050fwFp+h28cdpZ28CJxhIwMCrsuiRSMQIl2nr+Qryp16stVoexDDUY6PU/FZIdS8I35tbhZtPv7Z87SNpBHcGv0f/Ye/a7m8eXEHgXxbc+ZraofsF9I3N0oGfLb1cAEg9x79cf9sD9mu08XeHLrXNFso4tbtQZT5Yx5oHJH1xX5/eGtYv8Awxr2nalY3Elnf2cwkWSM4aKRW4YenIJ+gFejRq+0jfqjy8Th/ZPTZn76jkZFLXmP7N3xgi+N3wp0rxH8iagAbXUIU6R3KYD4HoeGHswr1DFdifMro85qzsNAwaUD0p2CaU8UwGYxSgHvTqMelAhU60UqDBooKEI5P1pBSnqaBzVki4zRilFIeBSAy/E+uW/hrw/f6pduI7a0heaR2OAqqMk/kK/ED4m+Nrz4k+P9c8S6i7TTX108/wAxztXPyr9Au0fhX6ift7eOH8G/s96ykLFZ9UdNPQg44c/P/wCOhhX5IXl0sSCId2APHXkZP5ZqHroax7j9Gs5tZ16OziQvKzrCqgfeYkLgfU/zr9a/gZ4Jh8DeC9I0e3Xa0EQMhx9525Y/ma/Nb9mLwHd+PPiBaraXAtJLd2vZJWzkBQEAX3y+fwr9A9H+Deo6TcJdJ461KGRh/qzcsQOewY9K87E2lNXex6+ETjC6W59CLCdoB649KgltzG4wOMflWN4cu7o28dvcXBupkG0zMeWPqcUvipXnswklw9ordWQ4Nc3u2v0O7XYyvEmoaYpeG8vLWLdkYllUZ/M1+YH7SPw8g8DfFrVY7NFj069Iu4Nn3cP1wfQYb86+/j8PPAF7fs11qdu970Ec1ypbPfIJz2r50/bD+FC6DoVjrVjLJc2iTCH5zuESt0A/2Saui4xneL3MKylODTWxof8ABN/4ntovxQ1vwRcTYs9atFvLaMngXES/Nj6puz/uiv0f7V+Jnwd8ZN8P/jT4M8SIxhS11BUmPTMRfDj/AL4Zvzr9sIZRNErjowzXp09G0eFU3uSDOelKRnpRSitjEQijFONJQAqcdKKF60UhoaepoAoz8xpVqxC0E8UUhOBSA/PX/gqt4razsPBejrKAkk0lw8eepGAD/wCPNX5z3Gp/aJCvcNgY9cEf1r7O/wCCtks0PxJ8KA/6s2Eu09shl4/X9a+AftzLcNlycZ/PB/xrJu0jdL3T7U/Yf8Aa94sXxLq+jXpsGSD7JHNt3YdmLZH4Ba+g7T9mLxCfH2k65f8AijUrqwgjX7bp0kpIuJBn5lkyCgJxkAdj60n/AATf0+20r4H2VwAC97dTSufUhtg/RBX2Q1pA6+dsAAGckdK8ZtzqSZ9DBRVOMGtjzTwHpV/4ZltrW6vJLzaxCyTD5yuflB9SBxnvgV0fjjRLjxJaS2kUz2zuhUSRn5lz3HvWfLqIfxAs7MqW3mhEYnGTXQ394GuY2hkSRlXcVVh0rmsleNzpbbal1PnaX9kTRNQ+IyeJpjOjpB5J05pC1s7+X5fmlTklsY5zyQDWl8Yfg4ukfs++ItKhnuLs2ts1zAbiQuRs+bGTz0Br6UtvKuY0lUDkda4f40ahDbfD3xI8jBYU064LgjoBGxP6V0SXvKTexhfRxStfc/IC6jKSeZuz5c+4H6oP8K/aT4EeKT4z+Dng/WHbdNc6bD5p9ZFXa/8A48pr8WlvopbZ365KNyfav1Z/YH1abWP2ZPDhmPNvPdwKf9kTuR/PH4V68X7yPnai0PopW49qcGpg9PSlBxW5zj91BOTTAaUc/WgCROvSikU4NFIaGfxfjThxTM4Y/WnLViHUGg80cGkB8K/8FTfgzceMfhnp/jCwgee40KU/aQgyVt3GGbHs2zPsK/IiYH7RkA+v61/Slrei2fiHSrrTr+BLmzuY2ilhkGVdSMEGvwg/a3/Z51L9nj4vapoktvJ/YtxI0+lXRHyzWrE7ef7y/db3HoRWcl1NoO6sfXX/AAT38WO/weitPMP+g6jNEV9iQ4/9Dr7p03WoruzKSuNpXBFflD+xR8SbfwXrVzo13J5Vpq5DwseiTqMFT9Rj8q+/rfXZbu0ZLSby5io6jp714dROnUkz6GjadOJ0+v8Awf0DxNr1pq19cXZeyJe2EV28KxMep+VgGzj+LNWk+FHh671fT9UuHuH1ax3Lb3T3Lb1Q9cKDjkdeK8SGm+LbnWZP7Q8R3EMIBEcj2iywn6qGG2rQ0DVLi1CjxRd3t2rjy47G1SFMe7EscflXLKp15D6Kll8ZwU3XSPpuPU7WxtvKhfcE+XGea+fP2x/HH9gfAHxrdCXY09g9pHk8lpSI/wD2euk8LadcaBZObrUbi8dhufz3L/N6A+lfH/8AwUY+KccmiaF4Gs5g095P/aF4AclYk4jBH+05z/wCumi3Ua0PAr2pqVnc+N4/EDGCaMNxgKB9BX7SfsG6G+ifss+DBIhSS6W4uzuHJWSeRlP4rtr8V/ht4P1D4g+NtH8O6chku9TvY7WIY7uwGT7Ac/hX9CHg/wAN2vg7wro+g2Q2WemWkVnEAMfLGgUfyr14fF6HgVtI2NjGKKMg0hrpucguacOtMNA570riJU6+nFFJGcn8KKCkNP3jSjrTSck0A1QiUHIo6d6aDmlBoAdmvJ/2kP2dPDf7SXgKXw/rieReREy6fqUagy2kuOo9VPRl7j0IBHq496M0AnbVH5F3H/BOH4xeE7q7Njb6dqcdvPmKaC6CmUAZDgEAjPTB5z7c1798JPEk9/4es0v123scapOjDDBsc596+4PEXiG28O6fNPKQ8wjd4rcfelKqTtA/CvjfwtoUPjPR7XxDaR/YLjUIluwkJ4XeN4HuBnFeZjF7JRk1ue1gpufMmeg2D2dxta4CyQ9AJOOa24LLRkXzLOCOM4IYr0ryyTTvE2nEhNObUVHV7aTax+qnArZ0ZPEN2oV9GntxnlrqQYH4AmvJnWSR6yjpubPijxJbaVpd3dMhaGCNnwoyWwM8V+UXxFl1/wCKHxR8Q63dwzXl3dzLHaW8SMxWPGI0UY6YIx69e9frZB4TEtlK16RNIykYA+UcdhWZ+yd4am8NT/Ey/wBbhD2EfiGRLKSaIN5MIijkynGQoMpGBwCp967sB+8k4o8/GtRgn5ng3/BNf9k+bTdQl+JXimxktLqzmkttNsriMq4fbhpSD0wGKj3ye1fo3+FVrCO2SDdaBBDITINnAJPJP41YzivYUeU8GUnJ6i4pcUm7BozTJENHpSFqaWxQBKh+bNFMjfk0UDQE/MaAeaYTg0ueaZJJn3pd1RFwqkkgD1JwKVSZD8vT2FUk2MZe6jb6ZbPcXUqwxL1Zv5AdSfYVl6j400vTdOhvWnM0U4/ciFSzSk9AoHP+HeptV0q4vCS9wsUSYaMxwq0it0zufcvQnooPvXPReA5v+Eqj1C5u/tdpFEiRJMS8hYclieAMkk/gBwBWOIVaNNuik29Eu3m/JdlqaQUG/fZpNYrrMVlqskbLLjzArjlAwHB9xwPzrzR/AkPg68+w20Qi01yWswowqJ/zy/4BnA9se9e6wQBVww4IxiszVNFt7+3ktLlN8LcqR95T2YHsRV16f1mkqct1saUavsJ8y2Z5ZbW4hmG+MH3HFXbuEXAAji+Xvk1evNFudJnENwfMT/lnOBw4/ofaobqVbKAvKQuOgxya+ZnScW4yPdjNSXMjO1eSHTdNaSRSzY2oiDJZjwFA7kniuz8C+HJPDfhO3tb5E+1yGS4ulXkB5GLFffaCFz/s1R8IeDpmvV1vWVzcDmztG6QD++w/vn9Pr07aNDPcBCMqvzN9ew/r+Fe3gcP7Fe0lueVi66qe5EzkhtvDWk2kcsqwwoqxhpG7+makudQt7MRGeeOES/c3uBu+nrWlqdit/atC4z6flj+prmdC0XUU8+C8Zo4EOERsSI4OcjB6Dp0wecc06las6/Jy6SWktbJ9nbv0ZyqEXHmvsbW+nBsipFs1hgVFQbUGAIx0A9qj8rILIcj34Irr5WZWELUhamnI4PBppaoESIeaKjjPzH6UUDQ9nAyeAB3NI5YqVQ4kI4yM496jdx9rgRujEkj1/wA5q/8AZwmSByO9bxSWrEQW2mojLJJmaUf8tJOSPp6fQYq+keMccZqO3cSZ9jVnbx1olJ9SiKePJBIyDwRVVNPElykizTIqHJQN8rfXNXph8hxzUNtMq5Rjgk9+9JN20AsY4qG6jLRhh1Xk/SpyM0AdahOzuB5T8fPjDofwT+HF/r2tRi6Zv3NlYBsPdTkEqgPYcEluwBPJwD+emsft5+IrvUtDktLi00/XNOkE09ikHnWtxycK7k5Q4/gHTrvDfKtr/gqDqfjOD4w2Gl3J/wCJG1ismjFMiNIzxMzesm8YOP4QlfIGh6Mtgjb/AJ5W+83rXoxo0moycU2Z+1nFOKdkfuL8Cvjlofx18BweINLZbe5QCO/09nDSWkuOVPqp5Kt3HoQQPTbWLy48sPmY7jX5l/8ABMzwj4iv/ijq+q293PaeHNOs9l8g+5du5PkxMD6EM+RyNuP4uf05rlrJRlyxKi21dg4ypx196hEbsBvx+FTU0uAxGawRQ0qoBAqMxgn39RUqgnJ9aGxvAoApXFtkeh9aoOpRiGGDW6UDCql1aK6k9wpxTfvCMyM/N+FFMiJ3/hRWdwRC7F9TQD+Fc/r/APWroVO5Q3qKwLePzNQlP93GK3Q2Ij7DNdLXuoSKlsxjumXs1aijislSBdIfU4r5p/a//ay8Ufs9eItC03QdI0q/h1C0edpdQSVmVlfbgbHXjGKKivqCPqvtUE9qswPHNfA8f7a/xE1TwhBrI8U/D3SruYEnSmtrhrlQTheN7DPBJzjAx1yKzdO/a1+KPifw9p19D480rTLyZW+02Efh8yvAfMZVC4V9wKru7dQO+ayV0UfoElzLaErIDJH69x/jV6GZJ0DIwYGvg/8AZY+Onxr+IHxq0jTvGsmpTeG7iG4EvmaOlvCriJmQl1iXHKgDnnNfcUlpJA5eJip9u/1rRqMvUR5T+1B+zXpP7SHhXS9Pvr2XSrzTLwXEN9bRq0gjIxLGN3GGG0/VFrxPwF/wTe8H+DfE9pq9/rd34isrYmQafewoI5G/hLlfvAf3cYJxnjIP2RBfB8LKNj/oagAxqP2XafLC+aDjjGcY/OtadSUFyktJ6kPhjwvp/hi2mSwtIrP7Q6ySLEgUEhFRRx6Kqj8K2CQoJJwBTWcLxjJ9BUUkBuRiT7v93tXM25O8ixhujccQEFe79vwqWK3CDJOT6muW0rQtY0O2FuIrW/jTOJxO0crck52lSM8/3qcPEc+nskd7p+qWx4G/7MbhW+bk5i3449cV4yx2JjLlq4dpa6pqXWy89VZ+RryRezOsxyPSoz/r/wAK4HVfipb6cUFvNY3kjMF+zvP5Un3cng5IPI7V12kar/asImaEwN8oKFt2CVDdf+BY/CvXhedONW1lK9r76Wb0+aHKlOEeZ7GrjFVrlsRMfWpi2eMdaimXchGO1UtzEwE/1h+lFC5EzjvRUNCJtMG64nb1fH5VqtjYay9I6M3qxP61pTcRN9K6mtUgWxnI+dh7q2Kh1LwroXiG5huNW0ew1KeEFYpLu3SVkB6gFgcdKIG/flfU7q0M44rScehIy08MaPZY+zaVZW47eVbov8hWiltGnCxqo9AMVDFMcY9Ksq+a5GmixdgHQCjB9OKfRUgVprVZRnGDUKs8ZCt94fdY+nerpJ7Cucsv7VfWZRdRt5AclWB+TbnjHvj9aznW9m4xcW7u3p6lKN7u+x0SIFHHfv60+mRH92v0p9aEiUUtITgUAU9T0qx1i1e2v7O3vrdvvRXMSyIfqCCKgsNKs9GgFvY20VpAORFAgRR26D2A/KrztgfSoZGxGGParjcCWJixJ9OKc5B61DaPuh3evNeffFz45+F/hDod/d6xqdtBfxWklxbWU0mw3LqDtjU9NzEYA6nnAOKfLeVgOllBW7kHoaK+FfDv7X3j7wFDY+K/Hs+n+IvD3ie3knsLaxaCJ7SRZMbEUYcoFBBLgkNgbs5yVy069OunOi+ZXauu6bT+5pocouLs0femlrsjUd6vz8wN9Kq26bDxVxl3Rkeor0J/FchGFbsPtAJ47CtBsk4rM+5e7fetJmwM966JrVEoakP7zIdlPpnitGJuFzyaoWz+ZL06DmrcX32x61zzKRcBwKUHmmjpSjGa5Sh1MI5p+aaRQAR/c/OnE4psX3T9T/OlagBcimMfT1oB7Gm5BI4pgMmOENU76XZZOfbFWbggL161m6o+LVV7swA/z+FdFON2hF3TmLW3NeEfHb4eNc/2nqGoWn9seF9QgFrrFiI90iQBmKzxHGRJEzFxjqMjG4LXvdlHtgUe1Olt0uIXjlQOjggqRkEVx4vD0sZSnh6vwy7OzTTumn0cWk0+69SoycGmj8sI/wBlLWLvV9U03xb4vg0XwdpcwTSNXvAHivTIilPJGRwYkUtg4BAHJyQV+gPhT4TReC5rhri9OqxIzwaZFLGAtjaFt4hUdznA3f3UjH8PJXykMtzqSvPHcj7QhDl005veV7y+KXRNtLRa9TqUv5L+rPREGD+NW05quVxip06V9rLU4kc9qA8nWYwOAwJ/Srkr5UVFroCXtnIcDLFc+5BxSFiQBXavejF+ROxZsW/eHjNXov8AXNVCz+Uk96vIP3zfh/Kuepuxot9qRW5oDcChcGuUseTx1rPTXLaS/FqCS5JUN2JABP8AMfnV8qCOcGsZfCGlrrQ1UQAXgJIYHjJAGf0H5D0Fc1VVbL2Vt9b9i48uvMbMfG760401By/1/pS/jXQQNcGm559Kk696jk4zzTQFCdy02OwqjqTb57OP1cn8h/8AXq+VLEms6Ub9YtE/uozfqP8ACu2nv6Em7GMIBT88U1eFpQcmuNjKd8m4LRUl0ucUVonoM/GA/wDBaH42EY/4RbwB/wCC++/+TKUf8FpPjaP+ZW8Af+C++/8AkyiisbsCte/8Fk/jRfNEZPC/gIGNw426fe9R/wBvlJ/w+S+NH/Qr+Av/AAAvf/kyiiq55WtcVkPj/wCCy/xpjOR4X8Bfjp97/wDJlSj/AILQfGwNu/4RbwDn/sH33/yZRRScm92FiT/h9N8bsf8AIreAP/Bfff8AyZSf8Ppvjd/0K3gD/wAF99/8mUUUrjHf8Pqfjd/0K3gD/wAF99/8mUf8Pqfjd/0K3gD/AMF99/8AJlFFIAH/AAWo+NwJP/CLeAOf+offf/JlH/D6n43f9Ct4A/8ABfff/JlFFAB/w+o+N3/QreAP/Bfff/JlNP8AwWl+Npz/AMUt4A5/6h99/wDJlFFADf8Ah9D8bP8AoVvAH/gvvv8A5MqD/h8r8aftv2n/AIRfwF5mzZj+z73GM5/5/PeiiqUpLZgWf+H03xu/6FbwB/4L77/5MpR/wWm+Nw/5lbwB/wCC++/+TKKKVwGv/wAFo/jbJ18LeAP/AAX33/yZRRRRdgf/2Q==', 'nutcha_yu', NULL),
('1234567890123-022566', '1234567890123', '022566', 'น.อ.', 'สมชาย', 'ชาตรี', 'หก.กซอท.กอท.สอ.ทอ.', 'สอ.ทอ.', 'ส.', 'สื่อสารอิเล็กทรอนิกส์', '0859104776', '24506', '/memberimage/1234567890123/1234567890123-022566.jpeg', 'somchai_ch', NULL),
('1269900155412-022567', '1269900155412', '022567', 'ร.ท.', 'พีระพงษ์', 'โพธิ์เจริญ', 'นปข.ผมซ.กมซ.ศซว.ทอ.', 'ศซว.ทอ.', 'ส.', 'สารสนเทศและสงครามอิเล็กทรอนิกส์', '0931842329', '25385', NULL, 'pheerapong', 'eyJhbGciOiJIUzI1NiIsInR5cCI6IkpXVCJ9.eyJzZXREYXRhIjp7Im1lbWluZm9faWQiOiIxMjY5OTAwMTU1NDEyLTAyMjU2NyIsInBlcnNfaWQiOiIxMjY5OTAwMTU1NDEyIiwibWVtaW5mb195ZWFyIjoiMDIyNTY3IiwibWVtX3JhbmsiOiLguKMu4LiXLiIsIm1lbV9mbmFtZSI6IuC4nuC4teC4o-C4sOC4nuC4h-C4qeC5jCIsIm1lbV9sbmFtZSI6IuC5guC4nuC4mOC4tOC5jOC5gOC4iOC4o-C4tOC4jSIsIm1lbV9wb3MiOiLguJnguJvguIIu4Lic4Lih4LiLLuC4geC4oeC4iy7guKjguIvguKcu4LiX4LitLiIsIm1lbV9hZmZpbGlhdGlvbiI6IuC4qOC4i-C4py7guJfguK0uIiwicnRhZmJyYW5jaCI6IuC4qi4iLCJydGFmYnJhbmNoZ3JwIjoi4Liq4Liy4Lij4Liq4LiZ4LmA4LiX4Lio4LmB4Lil4Liw4Liq4LiH4LiE4Lij4Liy4Lih4Lit4Li04LmA4Lil4LmH4LiB4LiX4Lij4Lit4LiZ4Li04LiB4Liq4LmMIiwibWVtX2NlbGxwaG9uZSI6IjA5MzE4NDIzMjkiLCJtZW1fb2ZmdGVsIjoiMjUzODUiLCJtZW1pbWdwYXRoIjpudWxsLCJtZW1fZW1haWwiOiJwaGVlcmFwb25nIiwidGJtZW1iZXJpbmZvcyI6W3sib2ZmaWNpYWxfaWQiOiIzNTMxODAwMDA0MDAifV19LCJpYXQiOjE3MDkyNzc2NTMsImV4cCI6MTcwOTM2NDA1M30.TpjoTXq99EPm28m_8VqXkSo2gzwO7MuknlynGfg3DMg'),
('1321321546546-112566', '1321321546546', '2577', 'พ.อ.ต.', 'user20', 'u20', 'sfdsdf', 'กบ.ทอ.', 'ส.', 'สรรพาวุธ', '4254665454', '54646', '', 'user20', NULL),
('1471200336695-022566', '1471200336695', '022566', 'จ.ต.หญิง', 'ศุภาวรรณ', 'มุ่งงาม', 'เสมียน กวซ.ศซว.ทอ.', 'ศซว.ทอ.', 'สบ.', 'สารบรรณ', '0965642654', '36521', '/9j/4AAQSkZJRgABAQEAYABgAAD//gA7Q1JFQVRPUjogZ2QtanBlZyB2MS4wICh1c2luZyBJSkcgSlBFRyB2OTApLCBxdWFsaXR5ID0gOTAK/9sAQwADAgIDAgIDAwMDBAMDBAUIBQUEBAUKBwcGCAwKDAwLCgsLDQ4SEA0OEQ4LCxAWEBETFBUVFQwPFxgWFBgSFBUU/9sAQwEDBAQFBAUJBQUJFA0LDRQUFBQUFBQUFBQUFBQUFBQUFBQUFBQUFBQUFBQUFBQUFBQUFBQUFBQUFBQUFBQUFBQU/8AAEQgAyACWAwEiAAIRAQMRAf/EAB8AAAEFAQEBAQEBAAAAAAAAAAABAgMEBQYHCAkKC//EALUQAAIBAwMCBAMFBQQEAAABfQECAwAEEQUSITFBBhNRYQcicRQygZGhCCNCscEVUtHwJDNicoIJChYXGBkaJSYnKCkqNDU2Nzg5OkNERUZHSElKU1RVVldYWVpjZGVmZ2hpanN0dXZ3eHl6g4SFhoeIiYqSk5SVlpeYmZqio6Slpqeoqaqys7S1tre4ubrCw8TFxsfIycrS09TV1tfY2drh4uPk5ebn6Onq8fLz9PX29/j5+v/EAB8BAAMBAQEBAQEBAQEAAAAAAAABAgMEBQYHCAkKC//EALURAAIBAgQEAwQHBQQEAAECdwABAgMRBAUhMQYSQVEHYXETIjKBCBRCkaGxwQkjM1LwFWJy0QoWJDThJfEXGBkaJicoKSo1Njc4OTpDREVGR0hJSlNUVVZXWFlaY2RlZmdoaWpzdHV2d3h5eoKDhIWGh4iJipKTlJWWl5iZmqKjpKWmp6ipqrKztLW2t7i5usLDxMXGx8jJytLT1NXW19jZ2uLj5OXm5+jp6vLz9PX29/j5+v/aAAwDAQACEQMRAD8A8h/4cw/GvOP+Ep8A/wDgwvv/AJDo/wCHMXxr/wChp8A/+DC9/wDkOv2bYfMaTFAH4y/8OYvjX/0NPgH/AMGF9/8AIdB/4Iw/Gsf8zT4B/wDBhff/ACHX7NbacAM0AfjJ/wAOYPjX/wBDT4B/8GF9/wDIdJ/w5h+Nf/Q0+Af/AAYX3/yHX7O+nNG2gD8Yf+HMXxr/AOhp8A/+DC+/+Q6P+HMfxq/6GnwD/wCDC+/+Q6/ZxlFeEfHb9rzwT8D5HsLu5bVNd27hp1l8zr6Fz0X8TmkB+bX/AA5j+NWf+Rp8A/8Agwvv/kOj/hzH8av+hp8A/wDgwvv/AJDr6Jj/AOCqiRa/HDceEZRpzOAzRXIeUKT2Xbgn2z+NZ/xF/wCCq93p+vzW3hXwpDLp8bAfadVZ1d/XCLjb+JP07VPMr2HZ9jwb/hzF8az/AMzT4B/8GF9/8h0f8OYvjX/0NPgH/wAGF9/8h19hfBn/AIKZ+FfGdzDY+LdKk8MTyYVbyJ/PtmPuQAy/kR6mvsjQdf0/xNpkGo6VeQ39jOoeKeBw6MPUEU00xH47f8OYvjX/ANDT4B/8GF9/8h0f8OYvjX/0NPgH/wAGF9/8h1+zVH41QH4y/wDDmH41/wDQ0+Af/Bhff/IdJ/w5i+Nf/Q0+Af8AwYX3/wAh1+zgoxk0AfjH/wAOYvjX/wBDT4B/8GF9/wDIdKP+CMXxrP8AzNPgH/wYX3/yHX7N4z3pQBQB+Mi/8EX/AI2N08U+Af8AwYX3/wAh0V+z0Y569qKAGN940UrZLH60ooATvSjmlxSYwKAF280uKDXNfE3x/pvws8Aa74s1eTZp+k2r3MgJwXIHyoPdmIUe5FAHzx+23+1knwX0f/hFfDdwjeMdQh3PKMN9hhPG/H99v4R+J7Z/K7UNWvdc1G7vb+5kur+4Ys8s7F2dj1JJ6mm+OfjDqHxC8bat4p1qU3GparcvcSnPEYJ+VFHoq4A/Adq90/Zv/Z7uviTdQ6xqVo1ppDNlN4+ab8+1c1evChDnkdVDDzrS5Ueb/B/4Vat4k8XWNydOuLyxWQGR1jJXHpkUnxl+CPi7QvEt7fXekTrZSSNIlwkZ2gE8bvSv1V8HfDax8L6bBbWdnFbwoAMIMfj0rb1jwbZ6xbGG6t454nBDK65yK+f+vVOf2nKe59Up8nJc/FXT9LFkm9wY2U4ZR3/wr6O/ZM/ah1T4IeMora5uZr3wjduFvbEsWEQP/LaMdmHUgfeHHpj079pv9i0+RPr3g+B/NTLzWEXO4dTtH9K+NYGi0W6RZwYnU7HDZBU5x0Pv1Fe7RrwxEbx3/I8avQlRdnqj97NL1O11nTbW/sZ0ubO6iWaGaM5V0YZVgfQg1ar4t/4Jv/HZfGHhzVfAV9ceZe6N/pNluOd1uzfMo9lYgj/f9q+1dua6ou6ONqw0ZpRTsUAGqEJ+FKKMUooAWMc0U9OtFAEZ+8cdaOKDwTSr1pAFAFLigUwGnivgT/grR8WX0T4a6B4GtJTHPrN19rukVuTDF91SPQuQf+ACvvxyFUk8CvxQ/wCClPxF/wCE0/aV1W1SbzbXRYVsI8HIDLzIPwcsPwo6DW+p5j+zV8J3+LfxEtbacE6TZkTXTDuM8L9Sf61+u/hPS9L0TSrS2iW3s4YkCIhYIoA6Yr5G/Yf+GR0f4Qx6uAYL3VpGmecLlkQEquM+gGee5r2i7b4PeE7loPE+rzXWqzNgmeWSebdgnogOOAx6dAfSvla8vrFdp7LRfqfUUYqlQX3s+mbOykmthIhWSPHBUgj9KlaBuMjAFeZeA4dG0u2juvCeqSTaVM3+rMhKqTzjB5B5HB9a9F123kuNHdGn8rzMLuQ84I7VFoNO3QvVGVrHiXQ7FvJvNWsLeQnAjluEDflmvjH9tD9l7TvHWjXnjXwVFENdt1M11bWhBS+QdSAOPMA9OvQ84r2LxZ4u+DXwz1uG08RLFcatM7MPMgadt4AYgHGN2CDgc8jjkZ7Xw7aeEvEyz3fhuBbWQEpNHEGi57rJGccj3GRSbdFqpC6f4MElUvCWqPzU/YI8ezeCv2nvCKvIY4b+dtLmUnGVlUqoP0fYfwr9txggV+H37Rfhaf4F/tQNq2mJ9mgW8h1m22jiNtwcj6b1NftvpN6mpaZaXUf3J4kkX6EAivpaE+dcy6pM+crw9nNx7FrFAFOxSV0nMJSge1LiigBydaKE60UARkcn609RimH7xp9AAT7UGkooAzPEuqRaLoV/qE7bYbWB5nPoFUk1+BvjxLbx3r/ifxDexXlzrF5dCeDynURqXlLSFwQS33gBgj3r9n/2xPEDeGP2aviDextslOlS26EHBBlxF/7PX5DfArUdGv8A4p2ejayge21JHiRm7SDOB+IBx7getYV5OFPmXQ68LGM6nLLrp8z9Jf2YdHhsvhH4ZsAgwdOi3Ajuygn+ZruPEX7OXgrxhaPBq+iW15A8onMbrgBwMBuO+CR+NcH8BNUFr4atbViVazJtWz1Gw4H6AV9DWN2b2BOe3UV8zGN25X1Po5Xj7q2OQTwlp/hWy+z2MSwIdmcccIu1R+AAH0A9K6EZuLaGPcDwGA/KuU+Jni7TvD7o+oXsNhZQbPNmnYKu5mCqMnjkmrWo+PvDlidJt/7YtoLq8k8q2SVwPNfGdqjPJrOcU23c0inZaDtU+D/hbxBfW91qWi2d9LFMbiJ54Q5jkPVxkcHpz7D0ret/CtnoYeWzgSEtySq4ya0NNvBf2MEvCsV5CnIz3x607Vr4QW+0kYxWvKmrvoYXknY+G/2v/hg3ib4u+CNWh0+LUEUSJcwTx+ZFIiHcFde4O4jFfdvws1C11P4faBPZsGtvsiRoQc8KNvXv92vkH9qXx8ng3w/rGqGRYpY7VbW1cdRPLIMEe42hvfaa95/YwuDN+zV4JBORHasgJOScO3evRy9yk3J7JW/U87MOSMYxS1er/L9D3EMKMg1GCaUc17R4o7v1pabx6UtAD4+tFIhwTRTAZ/EfrThTDyT2pwOBQAoAzS9+tIDRSA+av+Cinmr+yj4rMJP+ttN+O6+en9cV+Ks2p3Gj+JLK+tJWgurScSxSL1Vg24EfTiv30/aT+Hr/ABT+B3jHwzCgkubyxZrdWOMyxkSRj/vpBX4E+KbC4tr2WOWN4ru2kKSxuMMrLwQRSlZ7mkO6P0o/ZU+L9j8TbK+m0+1lsZ4THHd28rAgTbASyY/hJzivrHQtfW12K/JJr8hf2UfjPF8K/iRbTXsoh0bUwLa7J4WNs/JIfYE4PsSa/VDTdVt75YnVg6uu5Sp4IPpXzOIpOhNqO3Q+joVvbQTlv1Ox1i+0HWriJ7jyGlib5ZGbBB9P/rUrDQJYpYQLOOMtvYAKAT6n8fWvKtR+Genm4+0afHcQxuxdoobqWMbickgq3GTU8fga1u3CQ295bP3eTUJyCf8AvrmpVnG7Z60KdJxu6jTPaINWs4oFjt3jAQfKiYwB7VQ1S98+Bm64Gc1yejeGtM8NfPDG5uXULLM8jOzDsMsTxXC/tG/HnS/gf8N73WLp0e/lUw6fZk/NcTkfKuPQdWPYD6VglKcuWJw1HGF3fQ+Cf23PjZceMfiNd+ELVFh0zQrtt8iOSbmfaoJYdBs+ZQPdj34/Tv8AYkgeL9l7wEz/AHpbIy/gXY1+Glr/AGl418WhmMl9qeqXXJxlpZZG5/Es1f0D/BTwuPBPwh8GaEBtaw0m1gf3cRruP55r6ajTVJKEeiPmq9R1HzM7TocU4HikpM10nIPBpc0zPpS0xj0PzYopEODRQAwn5jzT1OaiJ+Yj3pwNAiUGlpmaUNQMUjI5xX5vftlf8E9td8X/ABDvvFXw8tIGtr+E3F3ZM4Q/ad4B2Dp8wJb6g+tfpDuxRx/9ajfQadj+ezWf2f8A4j6DetbXvgrWoZlkaIoLJydw5PbnjnjtzX6NfBr+3fDnwx8NRalbTRXdrYww3NtKMSwuqgEEevHIr7H8eLeajbxW+nXDWkQuIvtM8B2uV3DKhuo6YyOea8B0XSL+z1bWNO1RhNfw3cqyNjAcFiysB6FSp/GvIzWnKnRhVXf9Op6+XyTnJeX6m54S+IellSZJoc9GSUjIP0rq4fG+kSo5LWqq33SCBXml38M9M1u8ZbmHy27OjFGH4jmr1l8H9K0dlePfO3UCWRn/AJmvn/rFlax7fLB9Td1TxTb3DMlkBN33L0/OvhD9o39nH4yfH341C40/RrjU9F8pYdPnMqrbwxjAc9cJ85YHPJ256AV93f2Gljbk7MKBwAMAV03w60zU9JTQ720mf7NqEk6zW5Y+WVJLI+PXCkZH94V6WUqWIrytpZHn49qnSVurPAv2X/8Agmvo/wAIdd0/xT4s1JNe1u0G+GyijxbwS4xuJPLkduBjr1xj7cRAqhQMADAApFbIBpc19IlY+dcnLcCO9If507NMJ4pki57UE8UwtSb+KAJozzRUcZ5/CimMaWyxpQaYT8xo8wLkE9PTvSSbdkImDYpxY/3enrxUcVmZZN7sxXtHnAH+P41cWAKOlacqW4GfeG48hxCjlypCmMqCD9W/wNec6pHrWnQx2MEE1tNqE7AzfapLsqABl8kAKSccBcDBOa9YdAF6VTa1cbUQI4J53MVwO/Y1FSnGrBxT5X36rvY0jLld7XMvw74Zh0zRxYh5JVOWaSVy7Fyck5JJ6nNea/FnQJdIvbfxPAmY4gtrqSqOiZ/dzfgSQfYqei17YqbBgcVT1GxiuY3SWJZoZVMcsbjKupGCCD1BFRKhCpQ+rPa2ny6l060qVRVUeJwSRSIjnBVwCO4rQhkiXGME+tWdU8EL4QgCQtJLpQf90zfM0APRCe4HQH6A88nMIM1xFbWP+kXMpwiIP1PoK+Iq0KlKo6Ulr+fofTQqRqQ54vQzNamm8QazZeGdNJ+3XxJkkQZ+zQD78p9MDgerECvbNG0S2sBawW0QitLCBbeBB0UAAfoAB+JrC8B/D638FQXl27fbda1Bg1zdN1OPuxr6IueB6knvXcQQiGMKOvc+pr6zAYb6pSd/ilv/AJHg4uuq8ko7I5G61C50XWilywntrhj5akBSnPqOo5HbI5PPa3p9tcW8jSSC+2PkskzJIAc9tpyABxgCtu8s7e6ZFnhEuDuXK5wRUyJkEnjmtaNKcJS9rLmV7x3uu68123OaUk0rKz6mck0cj7FceZ/cYbW/I80rgjrV+WFJhh1V168jNMa3GOCSPRuf1rsfKzIzyaaTk1PNasuSvPt3qoW5qGrAWIjyaKjiyT1opANd9u5j0GTU9nEHtYXI+YjJ/M1nahJtt5AOrHaK17AYs1HpWsNI3EWYMMMipsVS0+TLyIT0OavUpKzsMY33DUVs4Z3BOG9Pap+oINVpoCcEcEdCKFbZgWccU1o/MQr61WivdrBJuD03dj9auAUmnED4h/4KC/tP3Xw60eD4f+GL1rXX9TjEt/dwPtktYCfljUj7ruQST1Cj/aBHzN8Kv2zPGXhr4n6Jr2qXUt9p8MK2N9pqn93cwcb5AD0m43bu+McDIrt/+Cl3wbk8NfFjT/HVsjtpniKERztyViu4lCnPoGjCEe6vXzB4G8D6r498XaP4f0WMvqeo3SW9uOwZj94/7IGST6A13KlSmo1Gtuv5mXPON4J6M/czw9q9l4l0uy1XTp0utPu4UuLedPuyI6hlI/Aj861a5z4d+CLH4beB9F8M6buNpplssCu/3nI+8592Ykn610EkqRDLsFB4yTivPlJbvY1HNjGaidhJhV/GoyzXXC/LEe/dqnRBGuBT2AAuBRindqZnL/SkAMgwTWVqUYidCB1GK127Cs7VVzDu9DVIClA/JoqGBsMfpRUgQXP727hi/wBosf8AP41vW4McLL7cVhW373Vm/wBgAV0ONqE+grfaCQijZzBLw+jDivCP22tF+KXiPwPoVh8L4dT+3C/NzeXOk3otZUjWMhVzvUkMXzgZ+5zXtoB3lh2Na9vOJYxnrVVI2fMJH5y/avjz4SuIIjqfxWhVYIjLPNaf2kgk2jfgYYlQ2f5c4yXW37THxo8NJM2q+OZIo1uzbwrrfhQxM0YCfvH2xKVGXPU/wNjJ4H6Plc4pGgRiNyKT7jNY3RR8f/sd/tM+PPj7478Q6L4it9EfSdJszL9u062lieWQyKqfecjaV3n7oPAr6zSSWyOOXj/u9x9KtQ2NvbTSSxW8UUrgB3RAGbHTJ71JIgkGCKan0ewjF8WeF9M8caL9jv7eO6iRxNGHUHa4yM8+xI+hNeefC/8AZm+HXw58UN4k8P6BFaamplKTl2fy2kzuCAnCAAlQFAABIr1Fo3tJN68juPWm2SiN5YIVKxkmXdnruJJ/XNbc0lTcU9P6uK2ty9JMEO0fM3oKwtZ8NXWrTW1yt+IZ4JfMRJIy8QGxlI2hl5+YnJNb6RhOg5p+PauGtSp16UqNRXjJWa7otNxd0czdWmt2yl4razu2CsPkuGhLcdgVYfm341Ul13WBGxOiapaYP38wTDGR0CSMeme3euwIzRjnpXBDLsPSm507xbd9JO33bGntH1OD8D+LNY1S5NtqcM8b78AXFhJA23aSTkgA84GRXbRncxp8vANQRnA969iTU5Smla/TohTkpu6VvQsdRmquoJus5PpmrTfKMVw3xZ+MHhX4PaDBf+J79rVLyUW1rbwRNNPcSH+FEUEn3PQcc8ioRmaMJw5+lFYfgfxrovxB8PWmveH7+PUdKu0LRTx5HQ4IIOCpBBBBAIIoqQNnSD5moTMe7V0UmfJbHpXN6ONtwrevWupChozXTU92wkYcMg+ZSec1ZQlSGU1nufLvpE6Yq7HLyB2rokibmjbXIkGCfm9DVoH2rNiYFvu/iKvq+a4pqz0LJKDSA078azAztcgurjS7iO0JWdkIUhtp/A9j71V8MxXUGnwrdwtBPyGjebziPq+Bn1/Gto8io8YYfWo5Fz893tbyK5tOUlpKXPNGferJGk4pM0480wcCgBlyx8tsVTt5t1wqZ56kVblYFcVz+g3RudUvWbtIVA9AK6YQvCT7Aa2t3slhp8s8aeY6DIX1r89v2htf8bya54W+IOptZ+K9H8MybL3Szp6xS6dcOFYxzo2RsZlTZMoHGCCSVJ/RdkDjnkV5n8WfhrFqlhca3pOnR3erxW7Q3FgwHl6panPmW0gPBJBJQn7rexYHw8ypV6uHaw+rV7x6VItWcL7xdvhknpK19HprScVL3vv7Hxx+zJ498Z6Zp3ifVtMk8MeEfAmpam89jJ4jiMUYnIAMMCxOikKqDLY5K+pbBX1X8N/ANpouk2V7LpA03NqLax0yZedOtAQViI5xI2A8h5JbAJIQGivBp4PNq8I1FifYJpWgoRlyronKV25WtzPa97bXeznSTs4387nomnx7XWugiPFY9mn7wVrp0r7urqcSOd1IeRqrEnAcDFSRsWIqp4tkNvdWMoAx5oDE+lTPJ5ZworsteEWS9zVtzn+VWYmyoPes2zZiR2rQhIHHpXJNWZSZZRuOakD1AFzUijFczSKJN1NOMj61R1u6urTS7qaztzcXKRlo4x/EcdOapeFNXudZ0tZ7m3mt5A+398gQn1IAPSud1VGoqVndq/kVyvl5jdzScUHrRWxIhwR6U1jhemeKcaimfatUkBC+aw9Ci8nVr1cYzIT+Gcj+dazu55wcVUtI9msSn++ob9Mf0rsg7Rku6Ebi9OaCBQDkUVxDMfVIN7Agc5oq/PHvPrRWlkwKVquWUitH+EVRsRuTPvirvarnqxLY4v4rTy2fgnV76BDJcWdu1wiDqxQFsD8qtaNcjUdOtL0EMlxCkqn1DKD/AFqXxVOEtJEYgowIK+tUfCixweGdNgi/1cEIgX/dT5R+gr0Ip+wXqQ9zet2wwq9Fzk+5qhEvSrkRwxArkmNFpc561IHqIUucGuZosn5prnAH1FCnI9KSQ/KagCXORTeaPSj8aQAc4qF0LsKlPTrTCapAMaMEAYrOgcNq9woOTGiqfY8n+oq/JIR9a5rw7ObjVdUlJzunIH0X5R+grqpxbjJ9kI6kPinq2RUQp6dCa5mhiYopC3PFFFmB+LEP/BZ341wLhfC3gH8dPvv/AJMqT/h9J8bf+hW8Af8Agvvv/kyiipu2Bnap/wAFiPjLq0eybwx4EUf7Fhej+d3Uem/8FgvjJpdkltF4Z8CvGpJBewvSeTntdj1oorT2tTl5b6Csi6v/AAWX+NS9PC/gL/wX3v8A8mVIP+Cz3xrU5/4RbwD/AOC++/8Akyiio5pPqMeP+C0nxtH/ADK3gD/wX33/AMmUv/D6T42/9Ct4A/8ABfff/JlFFK7AX/h9P8bv+hW8Af8Agvvv/kyg/wDBab43EEHwt4A5/wCofff/ACZRRSAX/h9R8bv+hW8Af+C++/8Akyj/AIfUfG7/AKFbwB/4L77/AOTKKKAD/h9T8bv+hW8Af+C++/8Akyk/4fT/ABu/6FbwB/4L77/5MoooAYf+C0PxsY5PhbwD/wCC++/+TKz9O/4LD/GXTGlaLwx4EJkcud9henBJzx/pdFFWpySaT3A0v+H0nxtx/wAit4A/8F99/wDJlKP+C03xuAx/wi3gD/wX33/yZRRU3Aaf+C0nxtP/ADK3gD/wX33/AMmUUUUXYH//2Q==', 'supawan_m', NULL),
('1779800065026-022566', '1779800065026', '022566', 'ว่าที่ ร.ท.', 'สิทธิชัย', 'เยาวภักดิ์', 'นายทหารปฏิบัติการซอฟต์แวร์ แผนกวิเคราะห์และออกแบบซอฟต์แวร์ กมซ.ศซว.ทอ.', 'ศซว.ทอ.', 'ส.', 'สารสนเทศและสงครามอิเล็กทรอนิกส์', '0965632656', '32356', '/9j/4AAQSkZJRgABAQEAYABgAAD//gA7Q1JFQVRPUjogZ2QtanBlZyB2MS4wICh1c2luZyBJSkcgSlBFRyB2OTApLCBxdWFsaXR5ID0gOTAK/9sAQwADAgIDAgIDAwMDBAMDBAUIBQUEBAUKBwcGCAwKDAwLCgsLDQ4SEA0OEQ4LCxAWEBETFBUVFQwPFxgWFBgSFBUU/9sAQwEDBAQFBAUJBQUJFA0LDRQUFBQUFBQUFBQUFBQUFBQUFBQUFBQUFBQUFBQUFBQUFBQUFBQUFBQUFBQUFBQUFBQU/8AAEQgAyACWAwEiAAIRAQMRAf/EAB8AAAEFAQEBAQEBAAAAAAAAAAABAgMEBQYHCAkKC//EALUQAAIBAwMCBAMFBQQEAAABfQECAwAEEQUSITFBBhNRYQcicRQygZGhCCNCscEVUtHwJDNicoIJChYXGBkaJSYnKCkqNDU2Nzg5OkNERUZHSElKU1RVVldYWVpjZGVmZ2hpanN0dXZ3eHl6g4SFhoeIiYqSk5SVlpeYmZqio6Slpqeoqaqys7S1tre4ubrCw8TFxsfIycrS09TV1tfY2drh4uPk5ebn6Onq8fLz9PX29/j5+v/EAB8BAAMBAQEBAQEBAQEAAAAAAAABAgMEBQYHCAkKC//EALURAAIBAgQEAwQHBQQEAAECdwABAgMRBAUhMQYSQVEHYXETIjKBCBRCkaGxwQkjM1LwFWJy0QoWJDThJfEXGBkaJicoKSo1Njc4OTpDREVGR0hJSlNUVVZXWFlaY2RlZmdoaWpzdHV2d3h5eoKDhIWGh4iJipKTlJWWl5iZmqKjpKWmp6ipqrKztLW2t7i5usLDxMXGx8jJytLT1NXW19jZ2uLj5OXm5+jp6vLz9PX29/j5+v/aAAwDAQACEQMRAD8A+FW+Cehr/wAvWof9/I//AIim/wDCltDz/wAfWof9/E/+Ir0J+c55qI18w8TW/mZ+4f2Ll3/PiP4/5nBH4LaH/wA/Wof9/E/+IpP+FLaHn/j61D/v4n/xFd/nFNDdaf1mt/Mxf2Ll3/PiP4/5nBf8KW0Q/wDL1qH/AH8T/wCIpR8FdD/5+tQ/7+J/8RXeg8dacDgULE1v5mH9i5d/z4j+P+Z5+fgtog/5etQ/7+R//EUg+C+iH/l61D/v4n/xFegHmsbW/EkOk4ijX7RdsPliXt7mtIVcRUlyxkzlxGXZThabq1qUUl6/57nMt8GNCQFmvL9VHcyxj/2SqTfDTwgkmxtYuQen/HxH/wDEVv2HhDxJ45vYojHNtfkDaQi/hXb/APDK+urG3mSbGRQ7Arx19a9FQnFfvKup8RXx2Ccv9mwcbd3f8k9DzeH4M+HrhA0V9fSL/eSaMj/0Cph8ENCxzd6j/wB/Y/8A4itLW/hh4j8FXLNC0gKnrGCNw+nQ9Kl8P+NfPuBZamn2e4ztWQ8Bj6H0NZ1I14rmhO6PRwOIyjEyVOvh1CT9bP530+ZkH4IaEP8Al71H/v5H/wDEU0/BLQv+frUf+/kf/wARXopIqNuntXF9Yq/zM+r/ALGy/wD58x/H/M87PwV0Mf8AL1qH/fyP/wCIpp+C2if8/Wof9/E/+Ir0NjweKizzU/WKv8zH/Y2X/wDPiP4/5nAH4MaIP+XrUP8Av4n/AMRR/wAKX0T/AJ+tQ/7+J/8AEV35A6+tJ7UfWK38zE8ny/8A58x/H/M4D/hTOiZx9qv/APv4n/xFFd6D8xzRR9Yq/wA7M/7Iy/8A58R/H/MmY9aj/nT2PFQs2K5Gj6G44nPFNJJNN3Z70B+KLC5hwPPNPD8jmog2acrdRQguVdav207TpZkG6QfKgx/EeBXsn7LnwAtfEDHX/Edv9qeVswwyDg+rGvOvDfhpfFeu2VnJ/qVkEjjPYf8A1yK++/hH4fg02whjQBUjUKuR710yq+xw/u7y/I+AzhuvjlCXwwS0831O38G/DXRNGtQ1ro9vGxG0sIxnFdBP4I0q7Rw+nxhm5bamN35V0elXNvDAqsAAOOSa0XlgWEumCoHrXJFOSu2eQ9Hojxzxf8NNFvrKQSaZCSBjKxgcDpivh79qD9n6wsLF9f0WL7PLFzNCo4bn731r9JdblguLZtq5BOODXzz8bdAS/wBIurYAFJVI/wD106NaVKsuV6Cq04VaTUkfn14M1CXUNGAmbdLA5iJPUjAIz+BrZJ61Jd+GG8K67qNsFKxyMJFz68g/yFNIz2Ndla3tHY++ympKrgaUpvW1vubRC5pop78Z+tR5wa5z1hcmmMfSnEimk0ENjQcHtRQMZORRQSmTSHn3qBzUrnrUDnmkaSY1mwabupjsaYW5NOxi5E26pFf2qtu54qW2dRPGX5TcCfpmnYlzPS/g1ZzReN7WKeB4zJHvVZEK7l9RntX1yZtdXVrG20yaK1iHzO0gGD9c9q1Pido+kWkXhe4stsqvP+5fAJSLBGA3XaSTx7V1F78ObXxHNpV2sCT/AGdxIYZuYpeOAy9DzzzWbneUU1+p8Fiqv1mpKra1/wBEa+g+JPEOhXOzXbbSNXsCPln0yVhIh/2lOc12tx4v0i1sEnks5MEZ6+v4V5h8OvgTpHw0gvZLK3lSCWYXEr3Epd8DhYUPHyDJABBPPJ4FdxrMsK6Bp/mxBow4Mij5Ttz0zW1eShL3bW9DzqUHJa3+85vU/EPiLXJbhtL8MW0enKmRNcXwV3PqF215NPquoam95banCBJGTjjt6fhXVfEX9nyDxhqWh3zzTxGxlM0xh5F8pKsEYsSUHy4+UjgkY70mk/DseGNCvWuZpJmLMYopXMnlJnhQxyTj3NTiFCMYtWv5FUebmlfY+Mfi1a7fE5igjLEBuFGTgf0rgW4PWvuHwH4c0549W1K4RY381lecr8zRegbsAfT1r4k1CSOa9uJIl2RNIxRfQE8Cjm52fbZPVvR9kl8P6tlRuaiYc+9TMMZqF6LHutjDyaY3FOJ/Oo3JosYthnmimA80UE3LDtUEjU92zUEhxSRpJjHfioyaVjUZ5q0jmlIkDZpyn8qiBp6nimTzH2v4U8W/8Jp8LvBVzHKJDZhLC4H8QlQEc/UDP/Ah719NeFr17extYjnAKlsDORX5pfCHx3qHhzXrHTftrpo11dpJPbcbDJgqrex5HSv0e8E6hFd2kEoIBVRn0IFYTjytSR8bjKToVnF7PVHa+NtSsrHQvLuJzZ22DLNcbSxCqNxwBkk+w5rmvEPjfwPd+CdKlGvRwW1+0cVtMyMCzN90BcZzn1HHfFM1nxhZTMsd1dwWrRtuXzCM57YHXP0rE1TxBpDW0YGpFAGGCYiApHcnHv8ArXXyKSbaPNhJv4Ez0fw7fpqXhlMODNbDynPZyvGR9a8v+IOtsunXSKQRz0HatDQPF8MdutlbSQz25G3MJGCPw6VwfxN1RdPsLlXcAlSSM9v8iuSonJqLNIyjZtHmvibxjL4Z+EGsPKViF0Jre2wTuZ3wuR9ME/ga+Sc+tdL4v8bar4pKWt1evNptrI5tYCAFjBPsOT7muYINapWPusvw0sLRtLd6sjY9aiZs5qSQdahamzvbYwtzUbsM0rH0qFjSM7hnk80UzPNFBNyw4wTVdzweatSJ1qvIuDQXJldiRnimnipGXimEHtVo5WxM05DTAtSItURqTRSNG6spKsDkEdQa+7P2cvig+u+GLP7QQblR5b5PXHBNfCaJzX1b8AfAOs2vwstdfaJooby+naxfB/eIgRZPw3ZA9waOXmTT2PGzaMfYqfVPT5n1Rc+EdH1Ly7z7HDLc7S5LgEkexINUdTm0/VraTTR4ftosgKJVjhB499ua5Xw18QJNPtRFcyhdp+83GK0tV+LFq1k6faoBkYIXGR9a6IxqRjZM+RjinDQktNB0zwZbGS3tYobgfMSowB/ifevEPjRr8+p6HrUkTMqRQ5dwe5IAH611XiXxvJrKpb2sjSbj8zjpmuZ+KOhnTPhPrMxRmkdELHGTzIuSa5JLka5t2duDvVrwb2uvzPlJqYx4p7DNRv2oP025G5qBzUzg55NQuAB1pMzZC55qB+Kmc4NV3agykJmim55op2MTYlh2mqskfJ4rWlgYnnoKqyRc807HRIzGjwOlRmPrV6WIISTwB3NZ899EhOzMje3T862p0alV2grnmYnFUcMuatNL+uw4RE9BT0TB6Vt/DTV/DNp40sJvGtlfX3hxSTcWumkCZ/TBLL/MV99/spfsaeAviToN5438T+F9SttPvr6STR9GvLx1RbMBfLd9uGJY7zyxGNvXqe54CtF2krLv09PU+dlxFhE9E38j4L8E+B9a+IHiOy0PQdOm1LU7uTy4oIVyfck9AAMkk8AAmv2m8O/BfS9K+E/h7wY6qiaXYwwJPEOkyJhpMd9xLE+uTXS+DPhx4Y+Hemmw8NaDYaHaMdzR2UCx7j0yxAyx9zzXSYrqpUI04uL1ufMZlmk8fKPLHlUdV3ufHXj74P3fhPV8vaq0EpxvC5jk9wex9q5W+8A21yrZsggUZ+VR1r7O1HWoLjXZdFuLJZ4fIErGZAVcknpnggY5+orDHgLw/wCJYmns3ntI1kaJ1gOFJU/MBuB/SvLlSUpuFGWq6P8AzJhio2Tqx+aPkLw58OXvtWDPD5UMZwkajJY9hj1r3XVf2b4PE/wu8Q6ZfzG31TVbI28RA4tSSGUkdzuVc+2R716KlloHgRpJdI02KeeHd57s7GRAOp3HIXn6V2Vncxatp0N1ASYLpEmQkYO0gEcfStsJRpuo+eXNJfd/X5GVfGVEouiuVb/dqfiJ49+F3in4aavc6f4h0a706SKRo/NkibyZMd0fG1gfUGuRZOK/euTTba8t5oLiCOeCT70cqhlI9wa+Xf2jf2JvCfjfRb/VPCujQ6N4pRDJALMeXbXLjkLLGBtwehKgHnOTW8sBzP8Ady+8+pw/FS5bYmn80/0e1z8sJFqvIK7P4/XOoad4uhtrn4fH4d39vCIrixBYxzkADzFDKBgkMcgnII5OM15zFrQbAlTafVawll+IUebl+R6dDiPBVnabcX57fei5J1qu45q0sMk1sbhEdoAQDJtO0E5xz+B/I1XdT6V57i4uzPejVhVjzU2mvIiA5ooxz60UxXOvunCI7twqjcTjtX0v8Fv2S9E8aeLLnw94n1+WK71Dw/Drnh+60og217FIpDPudckxOVDJgE88gV5h8BfhO/xr+KuieFPMe2tLp2e7uIwC0cCKWcjPGSBgZ7sK+9vh3+yXrvhG/wBL07+2kttK8H6+9/4X1bd510dPmQ/aLGZMKNpY4zn3AHAp1cNXrUW6Ds9vw0fyaV/J+R8tneZVMNONGlK11d6a+WvnqfC3jS7+G/gPwpqvgZfA2pX3xOhzbT3+oSG4it7sSeW6Rqvl5UpllO0gMw+996rnwd/4J6fFL4oiC81GxTwdo0mD9p1gFJWX1WEfP/31tB9a/VnS/hN4S0rxdeeK49BsZPE93tE2rSQK052qFGGx8vygD5cZxzmuvzXv4GLwlG2vNLWV25a9bdl2R+fVpzrzcpu58xfAf9gL4dfB101DUbceMNdUhku9ShHlQkf884uQD7nJ9MV9NJGkaBEAVAMBVGABT80ZrplOU3eTMkkthMY70v4mjNGagozdV8P2Wsc3EeXxt3qcHHp/n1pbbTV0qGzt7NSsCyEyZ5JG1uT+O2tDNYHiHU9Q0xpJ4RG0EewLGR98k4OT27frXJVlSw167jr1aLV5e7cZfeCLK/vJJZCfJlcySRBR8xPXJ64PpXQRRJDEsaAJGoCqoHAA6CmWc7XNrDK0ZiZ0DFG6qSOlS5rSnSpwvOCtcTk3ow/Gmuu5fenZpc1uRuch8RPhN4R+LOkjT/FmhWms265KfaI/njJ6lWHKn6GvjH4s/wDBKjRdUae88AeIpNJmOWTTtWBlhz6CRfmUfUNX37mjNaxqShsyXFM/JdNL+PH7Jnh278Na94Li8TeDp7hWJuojqFmi/MMRMCVi3Ft3zL94A46g+r/Fb9nbwVbSfCDwfqOkwWGopot7qHiPU9ORIZ/JtbMFmYgYOZmGCQemOlfofIiyKVZQykYIPQ15t8RvgF4Z+I0OrPN9p0nU9S0qTRJdSsJAJVs3bc8ShwyqCeuFB6818/jMuVasq2HtBu7lv7zasn20V3tq7HbQxNXD/DJ/I/DNSXAbGMjNFfZv/BSD4LaJ8NPFHgnU9BtEsrW/002EscagBntQiq5x/EUdQfXZRUVafJNxR+nYLE/WcPCr1a19Vo/xO6/4Jp+CjfeNfE/iqQHytPtFsYfQvK25j+Cxj/vuv0P7V8r/APBOvw2dI+BkuosmH1XU551b1RQsQH5xt+dfVAr2aUeWnFH55mtZ1sbUl2dvu/pi/hRRx60n41qeUL+FH4VHKHKfu2VW9WGRWTe3GswyqIYbeWPaSzYJy2RgfeGO+amUuVXGlc2vwoqnCLuRI2kZYjnLLjJx6VcprUQn4UhUN1GcetLx60cetMBaKTj1o49aAM99ct134Sdimc4hYDI6jJAH614j8a/F3iiz1izTRdLkuhMgkhEtw0KkkhWh+XI8w5yOQcZwPlJPoHi74iaJ4e15tNvbG8edxGjzwFUUhldhli68AK2T2rntN8Y+FNXkiMbatxf/AGdbe+AnEc6gN1ZmYYwP4sDHGKUnUhFVYJON7a9+3/DocY+091f1/Vjf8C/EWa/8HaTe6zp9xbX1xbiaRI13KpbkICW3EgEdcdK6rQPE9n4jN0LVJla2YJKJU24YjOM9CcYzjpkVyfhw+Eta1N7ZLy71PUbOR4pBdmUAMCN2VAEbfeHODwQAcV3VvDa6eqW0EcdupyVijUKPfAFYQqp8ynJXTS06X2Tu930/AucHB8rTXr/XmWKPwpGIGOetDNhc10GVz5//AGrvgNH+0L4e07S/OFrPp18J45++3y3V1/Esn/fNFe1zxfN065NFaSoUpu8kddDMcVh4ezpSsjy39jvTl0z9nDwREoxvtGm/F5Xf/wBmr2mvMf2abYW3wD8AIBjOi2jn6tErH+denVmtEkZVnzVpy7t/mwoopoPJHpQZHy3+118Q/iB4Q8deCbHwpfatZaLeKzam2lWIuJAokUEj5GIO0nAFeM634g+LuuLpcelX/wAU7n/SMXs8OmzW+6HaPmTA2hsjp05PXiv0MpO1bxqqKS5TNwu9z88bzwZ8YdX8P3dvZ6V8TLvVZonWK41bVdiRMSvUM4yAqnBwCC564Br7D/Zr8P8AiPwr8E/DOl+LI54fEFukwukuZxNICZ5GXLhiD8pXua9MopTqOatYcY2dxKgu71LMKWBJY4AHFT1HcW4uIypJUkEbh1Ga5anNyvk3NFa+pDpeqW2sWaXVpKJoWLKGHqCQR9QQRVqqml6Xb6Ra+RbIETczn3YnJP5mrdFPn5Fz79Qdr6bHHeJ/DWo3uttd2mnaTqltJEivDqcrR7WXdyMRuOQ3oOlZLeEdQ3N5ngzw6Y/OWcLb37AhwfvD/Rl+b3zXpFJXFLL8NKbqOLu3zbve1r2vbbyLjUnGzizyqXRtV0RGm0nwbcwXzPveW0voHLnawJJkkXPOzr/dqL4fat49vNcgg8UaHqFpGrsRcTG0aMJsbOTFIxyW244r1rmmSOyDPGK7KNCjRpOkoJ3ad3q7x21ev9Icq05X5tbjSd04H90ZpJpccDlqjgfdJLg5JPWp1jA5710PR6nLrLYg8gsASOaKmkbaBRTu2S1bQ4f4EwiD4L+BUHG3Q7IY/wC2CV3g+tcR8ETu+DvghvXRLI/+QErtx0qGdMvil6v82L+NRniQnsRUlRy5yuO+RQjOW1yT8aPxqu8lyJMJDEyf3mlIP5bT/Onq8g+/GB/uNn+gosO5L+NH41HvLkhV2gd2FHkgnJZif97H8qLAP/Gj8aMAcUUhhj3o6d6KKAGmVA20yKG9Cead+NIyq4IYAj0NReSYuYsAf3CePw9Kegib8aiuh/o0mDyFJqOdbhydsghX1UAn9eP0rLmhni3vJfTSqRjYwUD9AK0hC73IlJLQ1bD/AI9xng96sH61Fbr+7U9iM1LUS1bKjsQXHQZ9aKrak53KBRW0Y3Rk3qcr8CX8z4MeBW650OyP/kBK7qvOf2cp/tPwG+Hsn97QbH/0Qlej81gzqnpOS83+bD8KinbaY+wLYP5Gpfxqpqk32aylmPIiHmH6Dk/ypx1djKWxZU5FOpinmn/jUjQlLRzRQMSmyyCKNmIzjsKfzTZIxLGyNypGDSd7O24GPpPii31XVLzTwvl3VtgspzyD6ZAz0PStmsbQfCVh4dnuZrbznmnJLyTytI3UnGT2yTW1zWdJTUf3m5UrX0EopefWkzWpJHMcKay71fNUx5xnitOc5FZu3zrjbnHYV0U9NTnnqzUgXZCinqFAp9CghQM9BQT71gzdbGbfnMoHoKKS+H70H1orrjsjnZwv7Mq4/Z7+HX/YAsj/AOQVr02vI/2StTXV/wBm/wCHs68hNJhgOPWMeWf/AEGvXK4ztqq1Safd/mwqtqcIuNPuYyPvxMv5irVMlG5CPWmnZpmT2KulXBu9NtJz1khR+fdQau1jeFZjN4fsieCieV9dhK/0rYqpq0mhR2ClFJ+FLUFCUfhRR+FABiiiigANNIpxphNAmRXBwhNZlu2byEZ5LE/lV69b92ay7R/+JrAh7KW/PiuumvdZzPc6HpTCcmldd3cgUgXFcqN5XKV4AzDIoqe4XOOKK3i9DKx+Wv7MH/BVr4W/Bn4LaF4Q8Q6B4yvNS05pw02nWVo8JV5ndcF7pDwGA6dq9V/4fVfBH/oVvH//AIL7H/5MoornWisdc5upJze7dw/4fVfBH/oVvH//AILrH/5MpG/4LU/BFlI/4Rbx/wD+C6x/+TKKKCChof8AwWb+Cum6ZHbzeF/HrOrOcpp9kRguSOt56EVf/wCH1XwR/wChW8f/APgvsf8A5Moopt3d2JK2gv8Aw+r+CP8A0Kvj/wD8F1j/APJlH/D6v4I/9Ct4/wD/AAXWP/yZRRSGH/D6r4I/9Ct4/wD/AAX2P/yZR/w+q+CH/QreP/8AwX2P/wAmUUUANH/Bav4JEnPhTx8B2IsLL/5Mp3/D6r4If9Ct4/8A/BfY/wDyZRRQAh/4LU/BE/8AMreP/wDwXWP/AMmU3/h9R8Ef+hW8f/8Agusf/kyiigTVyC4/4LQfBObp4X8fj66fZf8AyZVOD/gsn8FYtV+0nwx49MflBMDT7LOQSf8An89xRRWinJKyJ5Eao/4LVfBHH/IreP8A/wAF9j/8mUf8Pqfgjn/kVvH/AP4LrH/5MoorMsY//Bab4IP/AMyt4/8Ax0+x/wDkyiiincnlR//Z', 'sittichai_yao', NULL),
('2222222222222-092566', '2222222222222', '092566', 'จ.อ.', 'user2', 'u2', 'test1', 'ยก.ทอ.', 'ดย.', 'ช่างโยธา', '2222222222', '22222', '', 'testuser2', NULL),
('2321321654684-012566', '2321321654684', '012566', 'ว่าที่ ร.ต.หญิง', 'สุชาวดี', 'ศรีสุขหวัง', 'นายทหารเทคโนโลยีสารสนเทศและการสื่อสาร สอ.ทอ.', 'สอ.ทอ.', 'สพ.', 'ช่างอากาศ', '4135464568', '65468', '', 'suchawadee', NULL),
('3333333333333-092566', '3333333333333', '092566', 'พ.อ.อ.หญิง', 'user3', 'u3', 'test2', 'กง.ทอ.', 'อต.', 'นักบิน', '3333333333', '33333', '', 'testuser3', NULL),
('3625421522425-112566', '3625421522425', '2577', 'จ.ท.', 'user10', 'u10', 'user3216', 'สอ.ทอ.', 'อย.', 'สรรพาวุธ', '0326515654', '32655', '', 'user10', NULL),
('4444444444444-092566', '4444444444444', '092566', 'พ.อ.อ.', 'user4', 'u4', 'test6', 'บน.56', 'กง.', 'ช่างอากาศ', '4444444444', '44444', '', 'testuser4', NULL),
('5555555555555-092566', '5555555555555', '092566', 'ร.ต.หญิง', 'user5', 'u5', 'test76', 'กง.ทอ.', 'ชย.', 'เภสัชกร', '5555555555', '55555', '', 'testuser5', NULL);
INSERT INTO `tbmemberinfo` (`meminfo_id`, `pers_id`, `meminfo_year`, `mem_rank`, `mem_fname`, `mem_lname`, `mem_pos`, `mem_affiliation`, `rtafbranch`, `rtafbranchgrp`, `mem_cellphone`, `mem_offtel`, `memimgpath`, `mem_email`, `mem_token`) VALUES
('6546565498454-082566', '6546565498454', '082566', 'พ.อ.ต.', 'ทดสอบ', 'ทดสอบ 2', 'หหหหหหหหหห', 'ขว.ทอ.', 'พธ.', 'สรรพาวุธ', '1654313652', '13546', '/9j/4AAQSkZJRgABAQEAYABgAAD//gA7Q1JFQVRPUjogZ2QtanBlZyB2MS4wICh1c2luZyBJSkcgSlBFRyB2OTApLCBxdWFsaXR5ID0gOTAK/9sAQwADAgIDAgIDAwMDBAMDBAUIBQUEBAUKBwcGCAwKDAwLCgsLDQ4SEA0OEQ4LCxAWEBETFBUVFQwPFxgWFBgSFBUU/9sAQwEDBAQFBAUJBQUJFA0LDRQUFBQUFBQUFBQUFBQUFBQUFBQUFBQUFBQUFBQUFBQUFBQUFBQUFBQUFBQUFBQUFBQU/8AAEQgAyACWAwEiAAIRAQMRAf/EAB8AAAEFAQEBAQEBAAAAAAAAAAABAgMEBQYHCAkKC//EALUQAAIBAwMCBAMFBQQEAAABfQECAwAEEQUSITFBBhNRYQcicRQygZGhCCNCscEVUtHwJDNicoIJChYXGBkaJSYnKCkqNDU2Nzg5OkNERUZHSElKU1RVVldYWVpjZGVmZ2hpanN0dXZ3eHl6g4SFhoeIiYqSk5SVlpeYmZqio6Slpqeoqaqys7S1tre4ubrCw8TFxsfIycrS09TV1tfY2drh4uPk5ebn6Onq8fLz9PX29/j5+v/EAB8BAAMBAQEBAQEBAQEAAAAAAAABAgMEBQYHCAkKC//EALURAAIBAgQEAwQHBQQEAAECdwABAgMRBAUhMQYSQVEHYXETIjKBCBRCkaGxwQkjM1LwFWJy0QoWJDThJfEXGBkaJicoKSo1Njc4OTpDREVGR0hJSlNUVVZXWFlaY2RlZmdoaWpzdHV2d3h5eoKDhIWGh4iJipKTlJWWl5iZmqKjpKWmp6ipqrKztLW2t7i5usLDxMXGx8jJytLT1NXW19jZ2uLj5OXm5+jp6vLz9PX29/j5+v/aAAwDAQACEQMRAD8A+FW+Cehr/wAvWof9/I//AIim/wDCltDz/wAfWof9/E/+Ir0J+c55qI18w8TW/mZ+4f2Ll3/PiP4/5nBH4LaH/wA/Wof9/E/+IpP+FLaHn/j61D/v4n/xFd/nFNDdaf1mt/Mxf2Ll3/PiP4/5nBf8KW0Q/wDL1qH/AH8T/wCIpR8FdD/5+tQ/7+J/8RXeg8dacDgULE1v5mH9i5d/z4j+P+Z5+fgtog/5etQ/7+R//EUg+C+iH/l61D/v4n/xFegHmsbW/EkOk4ijX7RdsPliXt7mtIVcRUlyxkzlxGXZThabq1qUUl6/57nMt8GNCQFmvL9VHcyxj/2SqTfDTwgkmxtYuQen/HxH/wDEVv2HhDxJ45vYojHNtfkDaQi/hXb/APDK+urG3mSbGRQ7Arx19a9FQnFfvKup8RXx2Ccv9mwcbd3f8k9DzeH4M+HrhA0V9fSL/eSaMj/0Cph8ENCxzd6j/wB/Y/8A4itLW/hh4j8FXLNC0gKnrGCNw+nQ9Kl8P+NfPuBZamn2e4ztWQ8Bj6H0NZ1I14rmhO6PRwOIyjEyVOvh1CT9bP530+ZkH4IaEP8Al71H/v5H/wDEU0/BLQv+frUf+/kf/wARXopIqNuntXF9Yq/zM+r/ALGy/wD58x/H/M87PwV0Mf8AL1qH/fyP/wCIpp+C2if8/Wof9/E/+Ir0NjweKizzU/WKv8zH/Y2X/wDPiP4/5nAH4MaIP+XrUP8Av4n/AMRR/wAKX0T/AJ+tQ/7+J/8AEV35A6+tJ7UfWK38zE8ny/8A58x/H/M4D/hTOiZx9qv/APv4n/xFFd6D8xzRR9Yq/wA7M/7Iy/8A58R/H/MmY9aj/nT2PFQs2K5Gj6G44nPFNJJNN3Z70B+KLC5hwPPNPD8jmog2acrdRQguVdav207TpZkG6QfKgx/EeBXsn7LnwAtfEDHX/Edv9qeVswwyDg+rGvOvDfhpfFeu2VnJ/qVkEjjPYf8A1yK++/hH4fg02whjQBUjUKuR710yq+xw/u7y/I+AzhuvjlCXwwS0831O38G/DXRNGtQ1ro9vGxG0sIxnFdBP4I0q7Rw+nxhm5bamN35V0elXNvDAqsAAOOSa0XlgWEumCoHrXJFOSu2eQ9Hojxzxf8NNFvrKQSaZCSBjKxgcDpivh79qD9n6wsLF9f0WL7PLFzNCo4bn731r9JdblguLZtq5BOODXzz8bdAS/wBIurYAFJVI/wD106NaVKsuV6Cq04VaTUkfn14M1CXUNGAmbdLA5iJPUjAIz+BrZJ61Jd+GG8K67qNsFKxyMJFz68g/yFNIz2Ndla3tHY++ympKrgaUpvW1vubRC5pop78Z+tR5wa5z1hcmmMfSnEimk0ENjQcHtRQMZORRQSmTSHn3qBzUrnrUDnmkaSY1mwabupjsaYW5NOxi5E26pFf2qtu54qW2dRPGX5TcCfpmnYlzPS/g1ZzReN7WKeB4zJHvVZEK7l9RntX1yZtdXVrG20yaK1iHzO0gGD9c9q1Pido+kWkXhe4stsqvP+5fAJSLBGA3XaSTx7V1F78ObXxHNpV2sCT/AGdxIYZuYpeOAy9DzzzWbneUU1+p8Fiqv1mpKra1/wBEa+g+JPEOhXOzXbbSNXsCPln0yVhIh/2lOc12tx4v0i1sEnks5MEZ6+v4V5h8OvgTpHw0gvZLK3lSCWYXEr3Epd8DhYUPHyDJABBPPJ4FdxrMsK6Bp/mxBow4Mij5Ttz0zW1eShL3bW9DzqUHJa3+85vU/EPiLXJbhtL8MW0enKmRNcXwV3PqF215NPquoam95banCBJGTjjt6fhXVfEX9nyDxhqWh3zzTxGxlM0xh5F8pKsEYsSUHy4+UjgkY70mk/DseGNCvWuZpJmLMYopXMnlJnhQxyTj3NTiFCMYtWv5FUebmlfY+Mfi1a7fE5igjLEBuFGTgf0rgW4PWvuHwH4c0549W1K4RY381lecr8zRegbsAfT1r4k1CSOa9uJIl2RNIxRfQE8Cjm52fbZPVvR9kl8P6tlRuaiYc+9TMMZqF6LHutjDyaY3FOJ/Oo3JosYthnmimA80UE3LDtUEjU92zUEhxSRpJjHfioyaVjUZ5q0jmlIkDZpyn8qiBp6nimTzH2v4U8W/8Jp8LvBVzHKJDZhLC4H8QlQEc/UDP/Ah719NeFr17extYjnAKlsDORX5pfCHx3qHhzXrHTftrpo11dpJPbcbDJgqrex5HSv0e8E6hFd2kEoIBVRn0IFYTjytSR8bjKToVnF7PVHa+NtSsrHQvLuJzZ22DLNcbSxCqNxwBkk+w5rmvEPjfwPd+CdKlGvRwW1+0cVtMyMCzN90BcZzn1HHfFM1nxhZTMsd1dwWrRtuXzCM57YHXP0rE1TxBpDW0YGpFAGGCYiApHcnHv8ArXXyKSbaPNhJv4Ez0fw7fpqXhlMODNbDynPZyvGR9a8v+IOtsunXSKQRz0HatDQPF8MdutlbSQz25G3MJGCPw6VwfxN1RdPsLlXcAlSSM9v8iuSonJqLNIyjZtHmvibxjL4Z+EGsPKViF0Jre2wTuZ3wuR9ME/ga+Sc+tdL4v8bar4pKWt1evNptrI5tYCAFjBPsOT7muYINapWPusvw0sLRtLd6sjY9aiZs5qSQdahamzvbYwtzUbsM0rH0qFjSM7hnk80UzPNFBNyw4wTVdzweatSJ1qvIuDQXJldiRnimnipGXimEHtVo5WxM05DTAtSItURqTRSNG6spKsDkEdQa+7P2cvig+u+GLP7QQblR5b5PXHBNfCaJzX1b8AfAOs2vwstdfaJooby+naxfB/eIgRZPw3ZA9waOXmTT2PGzaMfYqfVPT5n1Rc+EdH1Ly7z7HDLc7S5LgEkexINUdTm0/VraTTR4ftosgKJVjhB499ua5Xw18QJNPtRFcyhdp+83GK0tV+LFq1k6faoBkYIXGR9a6IxqRjZM+RjinDQktNB0zwZbGS3tYobgfMSowB/ifevEPjRr8+p6HrUkTMqRQ5dwe5IAH611XiXxvJrKpb2sjSbj8zjpmuZ+KOhnTPhPrMxRmkdELHGTzIuSa5JLka5t2duDvVrwb2uvzPlJqYx4p7DNRv2oP025G5qBzUzg55NQuAB1pMzZC55qB+Kmc4NV3agykJmim55op2MTYlh2mqskfJ4rWlgYnnoKqyRc807HRIzGjwOlRmPrV6WIISTwB3NZ899EhOzMje3T862p0alV2grnmYnFUcMuatNL+uw4RE9BT0TB6Vt/DTV/DNp40sJvGtlfX3hxSTcWumkCZ/TBLL/MV99/spfsaeAviToN5438T+F9SttPvr6STR9GvLx1RbMBfLd9uGJY7zyxGNvXqe54CtF2krLv09PU+dlxFhE9E38j4L8E+B9a+IHiOy0PQdOm1LU7uTy4oIVyfck9AAMkk8AAmv2m8O/BfS9K+E/h7wY6qiaXYwwJPEOkyJhpMd9xLE+uTXS+DPhx4Y+Hemmw8NaDYaHaMdzR2UCx7j0yxAyx9zzXSYrqpUI04uL1ufMZlmk8fKPLHlUdV3ufHXj74P3fhPV8vaq0EpxvC5jk9wex9q5W+8A21yrZsggUZ+VR1r7O1HWoLjXZdFuLJZ4fIErGZAVcknpnggY5+orDHgLw/wCJYmns3ntI1kaJ1gOFJU/MBuB/SvLlSUpuFGWq6P8AzJhio2Tqx+aPkLw58OXvtWDPD5UMZwkajJY9hj1r3XVf2b4PE/wu8Q6ZfzG31TVbI28RA4tSSGUkdzuVc+2R716KlloHgRpJdI02KeeHd57s7GRAOp3HIXn6V2Vncxatp0N1ASYLpEmQkYO0gEcfStsJRpuo+eXNJfd/X5GVfGVEouiuVb/dqfiJ49+F3in4aavc6f4h0a706SKRo/NkibyZMd0fG1gfUGuRZOK/euTTba8t5oLiCOeCT70cqhlI9wa+Xf2jf2JvCfjfRb/VPCujQ6N4pRDJALMeXbXLjkLLGBtwehKgHnOTW8sBzP8Ady+8+pw/FS5bYmn80/0e1z8sJFqvIK7P4/XOoad4uhtrn4fH4d39vCIrixBYxzkADzFDKBgkMcgnII5OM15zFrQbAlTafVawll+IUebl+R6dDiPBVnabcX57fei5J1qu45q0sMk1sbhEdoAQDJtO0E5xz+B/I1XdT6V57i4uzPejVhVjzU2mvIiA5ooxz60UxXOvunCI7twqjcTjtX0v8Fv2S9E8aeLLnw94n1+WK71Dw/Drnh+60og217FIpDPudckxOVDJgE88gV5h8BfhO/xr+KuieFPMe2tLp2e7uIwC0cCKWcjPGSBgZ7sK+9vh3+yXrvhG/wBL07+2kttK8H6+9/4X1bd510dPmQ/aLGZMKNpY4zn3AHAp1cNXrUW6Ds9vw0fyaV/J+R8tneZVMNONGlK11d6a+WvnqfC3jS7+G/gPwpqvgZfA2pX3xOhzbT3+oSG4it7sSeW6Rqvl5UpllO0gMw+996rnwd/4J6fFL4oiC81GxTwdo0mD9p1gFJWX1WEfP/31tB9a/VnS/hN4S0rxdeeK49BsZPE93tE2rSQK052qFGGx8vygD5cZxzmuvzXv4GLwlG2vNLWV25a9bdl2R+fVpzrzcpu58xfAf9gL4dfB101DUbceMNdUhku9ShHlQkf884uQD7nJ9MV9NJGkaBEAVAMBVGABT80ZrplOU3eTMkkthMY70v4mjNGagozdV8P2Wsc3EeXxt3qcHHp/n1pbbTV0qGzt7NSsCyEyZ5JG1uT+O2tDNYHiHU9Q0xpJ4RG0EewLGR98k4OT27frXJVlSw167jr1aLV5e7cZfeCLK/vJJZCfJlcySRBR8xPXJ64PpXQRRJDEsaAJGoCqoHAA6CmWc7XNrDK0ZiZ0DFG6qSOlS5rSnSpwvOCtcTk3ow/Gmuu5fenZpc1uRuch8RPhN4R+LOkjT/FmhWms265KfaI/njJ6lWHKn6GvjH4s/wDBKjRdUae88AeIpNJmOWTTtWBlhz6CRfmUfUNX37mjNaxqShsyXFM/JdNL+PH7Jnh278Na94Li8TeDp7hWJuojqFmi/MMRMCVi3Ft3zL94A46g+r/Fb9nbwVbSfCDwfqOkwWGopot7qHiPU9ORIZ/JtbMFmYgYOZmGCQemOlfofIiyKVZQykYIPQ15t8RvgF4Z+I0OrPN9p0nU9S0qTRJdSsJAJVs3bc8ShwyqCeuFB6818/jMuVasq2HtBu7lv7zasn20V3tq7HbQxNXD/DJ/I/DNSXAbGMjNFfZv/BSD4LaJ8NPFHgnU9BtEsrW/002EscagBntQiq5x/EUdQfXZRUVafJNxR+nYLE/WcPCr1a19Vo/xO6/4Jp+CjfeNfE/iqQHytPtFsYfQvK25j+Cxj/vuv0P7V8r/APBOvw2dI+BkuosmH1XU551b1RQsQH5xt+dfVAr2aUeWnFH55mtZ1sbUl2dvu/pi/hRRx60n41qeUL+FH4VHKHKfu2VW9WGRWTe3GswyqIYbeWPaSzYJy2RgfeGO+amUuVXGlc2vwoqnCLuRI2kZYjnLLjJx6VcprUQn4UhUN1GcetLx60cetMBaKTj1o49aAM99ct134Sdimc4hYDI6jJAH614j8a/F3iiz1izTRdLkuhMgkhEtw0KkkhWh+XI8w5yOQcZwPlJPoHi74iaJ4e15tNvbG8edxGjzwFUUhldhli68AK2T2rntN8Y+FNXkiMbatxf/AGdbe+AnEc6gN1ZmYYwP4sDHGKUnUhFVYJON7a9+3/DocY+091f1/Vjf8C/EWa/8HaTe6zp9xbX1xbiaRI13KpbkICW3EgEdcdK6rQPE9n4jN0LVJla2YJKJU24YjOM9CcYzjpkVyfhw+Eta1N7ZLy71PUbOR4pBdmUAMCN2VAEbfeHODwQAcV3VvDa6eqW0EcdupyVijUKPfAFYQqp8ynJXTS06X2Tu930/AucHB8rTXr/XmWKPwpGIGOetDNhc10GVz5//AGrvgNH+0L4e07S/OFrPp18J45++3y3V1/Esn/fNFe1zxfN065NFaSoUpu8kddDMcVh4ezpSsjy39jvTl0z9nDwREoxvtGm/F5Xf/wBmr2mvMf2abYW3wD8AIBjOi2jn6tErH+denVmtEkZVnzVpy7t/mwoopoPJHpQZHy3+118Q/iB4Q8deCbHwpfatZaLeKzam2lWIuJAokUEj5GIO0nAFeM634g+LuuLpcelX/wAU7n/SMXs8OmzW+6HaPmTA2hsjp05PXiv0MpO1bxqqKS5TNwu9z88bzwZ8YdX8P3dvZ6V8TLvVZonWK41bVdiRMSvUM4yAqnBwCC564Br7D/Zr8P8AiPwr8E/DOl+LI54fEFukwukuZxNICZ5GXLhiD8pXua9MopTqOatYcY2dxKgu71LMKWBJY4AHFT1HcW4uIypJUkEbh1Ga5anNyvk3NFa+pDpeqW2sWaXVpKJoWLKGHqCQR9QQRVqqml6Xb6Ra+RbIETczn3YnJP5mrdFPn5Fz79Qdr6bHHeJ/DWo3uttd2mnaTqltJEivDqcrR7WXdyMRuOQ3oOlZLeEdQ3N5ngzw6Y/OWcLb37AhwfvD/Rl+b3zXpFJXFLL8NKbqOLu3zbve1r2vbbyLjUnGzizyqXRtV0RGm0nwbcwXzPveW0voHLnawJJkkXPOzr/dqL4fat49vNcgg8UaHqFpGrsRcTG0aMJsbOTFIxyW244r1rmmSOyDPGK7KNCjRpOkoJ3ad3q7x21ev9Icq05X5tbjSd04H90ZpJpccDlqjgfdJLg5JPWp1jA5710PR6nLrLYg8gsASOaKmkbaBRTu2S1bQ4f4EwiD4L+BUHG3Q7IY/wC2CV3g+tcR8ETu+DvghvXRLI/+QErtx0qGdMvil6v82L+NRniQnsRUlRy5yuO+RQjOW1yT8aPxqu8lyJMJDEyf3mlIP5bT/Onq8g+/GB/uNn+gosO5L+NH41HvLkhV2gd2FHkgnJZif97H8qLAP/Gj8aMAcUUhhj3o6d6KKAGmVA20yKG9Cead+NIyq4IYAj0NReSYuYsAf3CePw9Kegib8aiuh/o0mDyFJqOdbhydsghX1UAn9eP0rLmhni3vJfTSqRjYwUD9AK0hC73IlJLQ1bD/AI9xng96sH61Fbr+7U9iM1LUS1bKjsQXHQZ9aKrak53KBRW0Y3Rk3qcr8CX8z4MeBW650OyP/kBK7qvOf2cp/tPwG+Hsn97QbH/0Qlej81gzqnpOS83+bD8KinbaY+wLYP5Gpfxqpqk32aylmPIiHmH6Dk/ypx1djKWxZU5FOpinmn/jUjQlLRzRQMSmyyCKNmIzjsKfzTZIxLGyNypGDSd7O24GPpPii31XVLzTwvl3VtgspzyD6ZAz0PStmsbQfCVh4dnuZrbznmnJLyTytI3UnGT2yTW1zWdJTUf3m5UrX0EopefWkzWpJHMcKay71fNUx5xnitOc5FZu3zrjbnHYV0U9NTnnqzUgXZCinqFAp9CghQM9BQT71gzdbGbfnMoHoKKS+H70H1orrjsjnZwv7Mq4/Z7+HX/YAsj/AOQVr02vI/2StTXV/wBm/wCHs68hNJhgOPWMeWf/AEGvXK4ztqq1Safd/mwqtqcIuNPuYyPvxMv5irVMlG5CPWmnZpmT2KulXBu9NtJz1khR+fdQau1jeFZjN4fsieCieV9dhK/0rYqpq0mhR2ClFJ+FLUFCUfhRR+FABiiiigANNIpxphNAmRXBwhNZlu2byEZ5LE/lV69b92ay7R/+JrAh7KW/PiuumvdZzPc6HpTCcmldd3cgUgXFcqN5XKV4AzDIoqe4XOOKK3i9DKx+Wv7MH/BVr4W/Bn4LaF4Q8Q6B4yvNS05pw02nWVo8JV5ndcF7pDwGA6dq9V/4fVfBH/oVvH//AIL7H/5MoornWisdc5upJze7dw/4fVfBH/oVvH//AILrH/5MpG/4LU/BFlI/4Rbx/wD+C6x/+TKKKCChof8AwWb+Cum6ZHbzeF/HrOrOcpp9kRguSOt56EVf/wCH1XwR/wChW8f/APgvsf8A5Moopt3d2JK2gv8Aw+r+CP8A0Kvj/wD8F1j/APJlH/D6v4I/9Ct4/wD/AAXWP/yZRRSGH/D6r4I/9Ct4/wD/AAX2P/yZR/w+q+CH/QreP/8AwX2P/wAmUUUANH/Bav4JEnPhTx8B2IsLL/5Mp3/D6r4If9Ct4/8A/BfY/wDyZRRQAh/4LU/BE/8AMreP/wDwXWP/AMmU3/h9R8Ef+hW8f/8Agusf/kyiigTVyC4/4LQfBObp4X8fj66fZf8AyZVOD/gsn8FYtV+0nwx49MflBMDT7LOQSf8An89xRRWinJKyJ5Eao/4LVfBHH/IreP8A/wAF9j/8mUf8Pqfgjn/kVvH/AP4LrH/5MoorMsY//Bab4IP/AMyt4/8Ax0+x/wDkyiiincnlR//Z', 'aaa', NULL),
('6555874456444-112566', '6555874456444', '2577', 'พ.อ.ท.หญิง', 'user11', 'u11', 'test 654', 'สอ.ทอ.', 'อย.', 'ช่างพาหนะ', '2654566596', '65465', '', 'user11', NULL),
('6633256452156-022566', '6633256452156', '022566', 'จ.อ.หญิง', 'สาระ', 'ทัพฟ้า', 'นายทหารสารบรรณ', 'สลก.ทอ.', 'ขส.', 'ส่งกำลังบำรุง', '6325652152', '65214', '', 'test03', NULL);

-- --------------------------------------------------------

--
-- Table structure for table `tbprimage`
--

CREATE TABLE `tbprimage` (
  `primgcode` varchar(20) NOT NULL COMMENT 'รหัสภาพหรือวีดิโอ (รหัส PR + IMG + ลำดับ)  เช่น PR00001IMG01',
  `primgfilepath` varchar(255) NOT NULL COMMENT 'พาธเก็บไฟล์ประชาสัมพันธ์เป็นภาพหรือวีดิโอ',
  `primgcreateddate` date NOT NULL COMMENT 'วันที่บันทึกไฟล์ภาพหรือไฟล์วีดิโอ',
  `primgcreator` varchar(13) NOT NULL COMMENT 'ผูับันทึกไฟล์ภาพหรือไฟล์วีดิโอ',
  `pubrelid` varchar(7) NOT NULL COMMENT 'เลขที่ข่าวประชาสัมพันธ์ เช่น PR00001'
) ENGINE=InnoDB DEFAULT CHARSET=utf8mb4;

--
-- Dumping data for table `tbprimage`
--

INSERT INTO `tbprimage` (`primgcode`, `primgfilepath`, `primgcreateddate`, `primgcreator`, `pubrelid`) VALUES
('PR00002-IMG001', '\\images\\PR00002052566-IMG02043.jpg', '2023-05-25', '1779800065026', 'PR00002'),
('PR00002-VIDEO001', '\\videos\\VDO-052566-159569.mp4', '2023-05-25', '1779800065026', 'PR00002'),
('PR00003-IMG001', '\\images\\PR0003022566-IMG81255.png', '2023-02-25', '1471200336695', 'PR00003'),
('PR00003-VIDEO001', '\\videos\\VDO-022566-8303.mp4', '2023-02-25', '1471200336695', 'PR00003'),
('PR00004-IMG001', '\\images\\PR0004022566-IMG93462.jpg', '2023-02-25', '1471200336695', 'PR00004'),
('PR00005-VIDEO001', '\\videos\\VDO-022566-103918.mp4', '2023-02-25', '1471200336695', 'PR00005'),
('PR00006-IMG001', '\\images\\PR00006052566-IMG105160.jpg', '2023-05-24', '1779800065026', 'PR00006'),
('PR00007-IMG001', '\\images\\PR00007052566-IMG224570.jpg', '2023-05-26', '1779800065026', 'PR00007'),
('PR00007-VIDEO001', '\\videos\\VDO-052566-235753.mp4', '2023-05-26', '1779800065026', 'PR00007'),
('PR00009-IMG001', '\\images\\PR0009022566-IMG121675.jpg', '2023-02-25', '1471200336695', 'PR00009'),
('PR00010-VIDEO001', '\\videos\\VDO-022566-13179.mp4', '2023-02-25', '1471200336695', 'PR00010'),
('PR00011-IMG001', '\\images\\PR00011052566-IMG411670.jpg', '2023-05-24', '1779800065026', 'PR00011'),
('PR00011-VIDEO001', '\\videos\\VDO-032566-571177.mp4', '2023-03-15', '1779800065026', 'PR00011'),
('PR00012-IMG001', '\\images\\PR00012052566-IMG459337.jpg', '2023-05-24', '1779800065026', 'PR00012'),
('PR00013-IMG001', '\\images\\PR00012072566-IMG407461.jpg', '2023-07-07', '1779800065026', 'PR00013');

-- --------------------------------------------------------

--
-- Table structure for table `tbpublicerelationscontents`
--

CREATE TABLE `tbpublicerelationscontents` (
  `pubrelcont_id` varchar(50) NOT NULL COMMENT 'รหัสเนื้อหาสาระของข่าวประชาสัมพันธ์ เช่น PR00001CON01',
  `pubrel_id` varchar(7) NOT NULL COMMENT 'เลขที่ข่าวประชาสัมพันธ์ เช่น PR00001',
  `pubrelcontents` text NOT NULL COMMENT 'เนื้อหาสาระของข่าวประชาสัมพันธ์',
  `pubrelcont_createddate` date NOT NULL COMMENT 'วันที่บันทึกเนื้อหาสาระของข่าวประชาสัมพันธ์',
  `pubrelcont_creator` varchar(13) NOT NULL COMMENT 'ผู้บันทึกเนื้อหาสาระของข่าวประชาสัมพันธ์'
) ENGINE=InnoDB DEFAULT CHARSET=utf8mb4;

--
-- Dumping data for table `tbpublicerelationscontents`
--

INSERT INTO `tbpublicerelationscontents` (`pubrelcont_id`, `pubrel_id`, `pubrelcontents`, `pubrelcont_createddate`, `pubrelcont_creator`) VALUES
('PR00002CON01', 'PR00002', 'ตัวอย่างที่ง่ายที่สุดจะเห็นได้จาก ทันทีที่อ้างว่าก็ไม่มีทุน ก็ไม่ทำ อ้างว่าจะทำได้อย่างไรในเมื่อ \"ไม่มี\" หากคิดช้า ๆ การไม่มีทุนคือสิ่งที่บอกว่า อันดับแรกคือ \"สะสม\" ทุน และการสะสมนั้นต้องอดทน และใช้ \"เวลา\" เมื่อไม่คิดจะพยายามอดทนสะสมจึงไม่มี \"ทุน\" ไปเรื่อย ๆ แล้วก็เอาเวลาไปทำอย่างอื่น ซึ่งส่วนใหญ่ก็มักอยู่กับความหวัง, รอคอย และไม่น้อยก็ทำลาย \"ทุน\" ที่ควรจะสะสมได้ เช่น ใช้จ่ายฟุ่มเฟื่อย หรือหาความสุขชั่วคราว ก็ไม่น่าแปลกใจที่สุดท้าย \"ไม่มีทุน\"', '2023-05-25', '1779800065026'),
('PR00002CON02', 'PR00002', 'ส่วนคนที่มีเงินมาก แต่ไม่ให้เวลาศึกษา, ใส่ใจ คิดหรือว่าการลงทุนนั้นจะได้กำไร? ย่อมโดนหลอกบ้าง เจ๊งบ้าง มีถมไป โชคดีก็มีทุนมาต่อยอดใหม่ แต่ถ้ายังไม่ให้ \"เวลา\" อีก เงินมากมายก็หายหมดได้ไม่ยากเลย', '2023-05-25', '1779800065026'),
('PR00002CON03', 'PR00002', 'ดูคำคมดีๆ ย้อนหลังทั้งหมดที่', '2023-05-25', '1779800065026'),
('PR00003CON01', 'PR00003', 'เนื้อหา 3/1', '2023-02-25', '1471200336695'),
('PR00003CON02', 'PR00003', 'เนื้อหา 3/2', '2023-02-25', '1471200336695'),
('PR00004CON01', 'PR00004', 'เนื้อหา 4/1', '2023-02-25', '1471200336695'),
('PR00004CON02', 'PR00004', 'เนื้อหา 4/2', '2023-02-25', '1471200336695'),
('PR00005CON01', 'PR00005', '“ไม่มีคำว่าสายเกินไป” เป็นประโยคในเชิงคิดบวก(อีกแล้ว) ซึ่งมันจริงหรือ? ก็ในเมื่อที่ผ่านมาเราก็ล้วนรู้แก่ใจว่า เคยเสียเวลา เคยเสียโอกาส และอยากย้อนไปแก้ไขอะไรตั้งมากมาย แต่ก็ทำไม่ได้เพราะ “มันสายไปแล้ว” นั่นเอง ดังนั้น ไม่มีคำว่าสายเกินไป มันก็แค่ประโยคปลอบใจตัวเองหรือเปล่า?', '2023-05-24', '1779800065026'),
('PR00005CON02', 'PR00005', 'เนื้อหา 5/2', '2023-05-24', '1779800065026'),
('PR00006CON01', 'PR00006', 'มีหลายเรื่องที่โลกดูไม่ยุติธรรม, มีหลายคนที่ยากจะเข้าใจความคิดของเขา, บ่อยครั้งที่อะไรไม่เป็นใจ และความพยายามของเรามีไม่น้อยกลับให้ผลตรงกันข้าม เมื่อเหตุการณ์เหล่านี้เกิดขึ้น การพร่ำบ่น ก่นด่า อาจเกิดขึ้นมา ทว่ามันก็ไม่ได้ดีขึ้น..', '2023-05-24', '1779800065026'),
('PR00006CON02', 'PR00006', 'การขว้างลูกบอลเข้ากำแพง ยิ่งขว้างแรงก็ยิ่งกระเด้งกลับมาแรง เสมือนการที่เราพ่นคำร้าย บ่นด่าออกไป ยิ่งสะท้อนภาวะจิตใจลึก ๆ ให้แย่ลง หลายครั้งเราพยายามที่จะใช้คำพูดประชด สาดใส่ หรือหวังพยายามกรีดแทงบางคน สิ่งที่ได้กลับมาอาจเป็นคำพูดที่แรง ๆ เช่นกัน แม้จะทำให้อีกฝ่ายเสียใจไปได้ แต่ผลลัพธ์ที่ดีก็ไม่เกิดขึ้น และการเสียความรู้สึกก็ก่อเกิดภายใต้จิตใจทั้งสองฝ่าย สุดท้ายผู้พูดอาจรู้สึกแย่กว่าเอง', '2023-05-24', '1779800065026'),
('PR00006CON03', 'PR00006', 'ในอีกทางหลายคนเข้าใจดีว่า เรื่องแย่ ๆ หลายเรื่องมันเกิดจากปัจจัยที่เราควบคุมไม่ได้ การจะพูดอะไรไปมันล้วนไร้ประโยชน์ นิ่ง เฉย อยู่แต่กับตัวเราไปเสียดีกว่า เช่นนี้ก็ดี...', '2023-05-24', '1779800065026'),
('PR00006CON04', 'PR00006', 'แต่ก็มีไม่น้อยที่กลายเป็นว่า ปัจจัยโดยอย่างยิ่งเมื่อเป็นคนอื่น พอเราไม่พูด กลับยิ่งมักง่าย, มองข้าม, หรือเข้าใจไปเองว่า ไม่จำเป็นต้องเกรงใจ บางทีก็นึกว่านั่น มันดีแล้ว เราชอบแล้ว...', '2023-05-24', '1779800065026'),
('PR00006CON05', 'PR00006', 'ดังนั้นการไม่บ่น ไม่ด่า ไม่พูด เป็นสิ่งที่ดีกว่าในหลายสถานการณ์ แต่การไม่พูดเลยบางทีก็สร้างความเข้าใจผิดได้', '2023-05-24', '1779800065026'),
('PR00007CON01', 'PR00007', 'โลกเราหมุนไปทุกวัน เราทราบดี แต่สิ่งที่เราไม่รู้หรืออาจเพียงลืมไป คือ เราต้องใช้ชีวิตไปตามโลก วันคืนที่สลับไปตามการหมุนของโลกนั้น มันหมายถึงสิ่งที่ต้อง เกิดขึ้น จางหาย ได้มา สูญเสีย ชดใช้ ไม่ต่างกับ แสงแดด ก้อนเมฆ สายลม และน้ำที่มีขึ้นลง ที่แปรผันตามการหมุนของโลกเช่นกัน', '2023-05-26', '1779800065026'),
('PR00007CON02', 'PR00007', 'แต่ละวันที่เราต้องกิน-ใช้ ต่อคำถามที่ว่าทำไมข้าวของแพงขึ้นทุกวัน อาจเป็นคำถามที่ไม่สบายใจนักสำหรับคนวัย 25+ เพราะสิ่งของที่เคยคุ้นเริ่มมีราคาที่แตกต่าง แต่หากวัย 40 ขึ้นไป แม้ไม่ได้รู้สึกดีแต่ก็คงเลิกสงสัยและยอมรับได้ว่ามันต้องเป็นเช่นนั้น \"ค่าครองชีพ\" เป็นเพียงสิ่งที่ได้มาและหายไปของหลายคน เพียงเพราะ \"ต้องกิน\" และ \"จำเป็นต้องใช้\" นี่คือสิ่งแรกที่ต้องเข้าใจว่าโลกหมุนไป เราหยุดไม่ได้หากชีวิตยังต้องดำเนิน', '2023-05-26', '1779800065026'),
('PR00007CON03', 'PR00007', 'หลายคนก้าวเดินไปข้างหน้า หางาน ทำเงิน เพื่อที่จะคว้าสิ่งที่ \"อยากได้\" มาให้ได้ โลกก็หมุนไปให้เราได้มาจนวันหนึ่ง แต่เราหลายคนก็ลืมว่า โลกมันไม่ได้หยุดเดินในวันที่เราได้มา หลังจากวันนั้นมันก็เสื่อมค่า เสื่อมถอย ผุพัง เสียหาย เสื่อมไปตามกาลเวลาอีกเช่นกัน เหมือนการมีรถสักคัน ได้มาแล้วใช้ไป หากมองอย่างเข้าใจ วันหนึ่งเราก็ต้อง หางาน ทำเงิน เพื่อจะได้มีรถคันใหม่มาแทนที่คันนี้', '2023-05-26', '1779800065026'),
('PR00007CON04', 'PR00007', 'หากลืมคิด หรือไม่เคยคิด มุ่งหน้าจนได้อะไรมาสิ่งหนึ่งแล้วก็มุ่งไปคว้าสิ่งอื่นต่อไป เมื่อโลกหมุนไปนานขึ้น สิ่งที่มีเริ่มจางหาย สิ่งใหม่ก็ยังไม่ได้มา เรี่ยวแรงจะมุ่งหา 2-3 สิ่งให้ได้พร้อมกันนั้น มันไม่ง่ายเลย และเป็นเรื่องธรรมดาที่ยิ่งมีรายได้ ยิ่งได้มาก ยิ่งต้องจ่ายมากขึ้นตามกันหากไม่ได้เฉลียวใจ \"ก็หมุนไม่ทัน\"', '2023-05-26', '1779800065026'),
('PR00007CON05', 'PR00007', 'บางสิ่ง \"ที่ไม่ใช่สิ่งของ\" ก็เช่นกัน ไม่ว่าจะเป็นความรู้สึก หรือความสัมพันธ์ การที่โลกหมุนไปย่อมทำให้หลายปัจจัยเปลี่ยนแปลง ความจำเป็น ระยะทาง ปัจเจก ความจำเพาะบุคคล มิอาจหยุดนิ่งให้ไม่มีสิ่งใดส่งผลต่อเราหรือใคร ดังเช่น ตุ๊กตาตัวเก่า เสื้อตัวเก่ง แม้จะโทรมแค่ไหนเรายังรู้สึกดีกับสิ่งนั้นได้ก็จริงอยู่ แต่วันหนึ่งมันก็จะมีภาวะที่เป็นไป เช่น ของเล่นชิ้นที่เคยโปรดแค่ไหน โตมาก็ใช่ว่าจะรู้สึกดีหากไปนั่งเล่นกับมัน ผ้าห่มผืนน้อย เสื้อตัวโปรด ที่เราไม่เคยรังเกียจแม้จะเก่าแค่ไหน แต่ก็คงรู้สึกไปได้ไม่ตลอด ไม่ต่างกับความสัมพันธ์ต่อสิ่งมีชีวิตที่ย่อมมีปัจจัยทำให้แยกออกจากกัน เป็นเรื่องยากที่จะใช้ชีวิตกับเพียงบางสิ่งตลอดไปเสมือนไม่มีสิ่งใดสำคัญอีกแล้วบนโลกนี้ เพื่อนรัก คนสนิท ครอบครัว ล้วนผูกติดไว้ไม่ได้ตลอดไป แล้วบางทีในมุมเขาเหล่านั้นก็อาจเป็นฝ่ายไม่ต้องการเราก่อนอีกด้วย', '2023-05-26', '1779800065026'),
('PR00007CON06', 'PR00007', 'แม้เราจะรู้หรือเข้าใจกันดีอยู่ว่าโลกจริงต้องหมุนไป คล้ายชีวิตต้องดำเนินต่อไป แต่โลกก็ยังมีอีกสิ่งที่เรียกว่า แรงโน้มถ่วง ที่ทำให้ทุกอย่างมีน้ำหนักและติดอยู่กับโลกนี้ เปรียบได้ว่าในทุกการเคลื่อนไหวเราต้องออกแรงเพื่อที่จะ ลุก เดิน หรือก้าวไป ไม่เพียงเท่านั้นมันยังทำให้เรา \"เจ็บ\" อีกด้วยถ้าล้มลง การมีบางสิ่งมาถ่วงให้เราหนัก ก็เหมือนดังอุปสรรคฉุดไว้ให้เดินลำบาก...', '2023-05-26', '1779800065026'),
('PR00007CON07', 'PR00007', 'หากลำพังตัวเราก็อาจเพียงแค่หมุนตามโลก แต่เราล้วนมีความรู้สึก มีความขี้เกียจ มีปมในใจ มีคนรอบข้าง มีสังคม สิ่งแวดล้อม กระทั่งความผิดพลาดในอดีตของเราเอง เหล่านี้คือสิ่งที่ \'ถ่วง\' ให้ไม่ได้เดินหน้าไปได้ง่าย ๆ ใครปลดเปลื้องได้ ปล่อยวางได้ จัดการได้ดีกว่า ย่อมเบาตัวกว่าไปได้ง่ายไปได้เร็วกว่า...', '2023-05-26', '1779800065026'),
('PR00007CON08', 'PR00007', 'คนอยู่เฉย ๆ ย่อมไม่เหนื่อย คนเดินเหนื่อยน้อยกว่าคนวิ่ง คนวิ่งอาจเหนื่อยน้อยกว่าคนที่ต้องแบก เราล้วนต้านแรงโน้มถ่วงที่ไม่เท่ากัน หากเลือกจะอยู่เฉยโลกก็จะเคลื่อนที่หนีไปอยู่ดี...', '2023-05-26', '1779800065026'),
('PR00008CON01', 'PR00008', 'เนื้อหา 8/1', '2023-02-25', '1471200336695'),
('PR00008CON02', 'PR00008', 'เนื้อหา 8/2', '2023-02-25', '1471200336695'),
('PR00008CON03', 'PR00008', 'เนื้อหา 8/3', '2023-02-25', '1471200336695'),
('PR00009CON01', 'PR00009', 'เนื้อหา 9/1', '2023-02-25', '1471200336695'),
('PR00009CON02', 'PR00009', 'เนื้อหา 9/2', '2023-02-25', '1471200336695'),
('PR00009CON03', 'PR00009', 'เนื้อหา 9/3', '2023-02-25', '1471200336695'),
('PR00010CON01', 'PR00010', 'เนื้อหา 10/1', '2023-02-25', '1471200336695'),
('PR00010CON02', 'PR00010', 'เนื้อหา 10/2', '2023-02-25', '1471200336695'),
('PR00011CON01', 'PR00011', '\"ก็เขาเก่งนี่\" ประโยคที่นัยหนึ่งก็ชื่นชม นัยหนึ่งก็ประชดประชัน ซึ่งบางทีไม่ใช่ประชดใครแต่ประชดจิตใจตัวเอง จริงอยู่ที่มีหลายเรื่องที่เราเก่งสู้เขาไม่ได้ แต่เราล้วนเก่งขึ้นได้ ทว่าหากต้องแข่งขันบางทีโชคดีที่เราไม่เก่งมาก่อน', '2023-05-24', '1779800065026'),
('PR00011CON02', 'PR00011', 'ความเก่ง เกิดขึ้นได้จากหลายแบบไม่ว่าจะ ความหมั่นเพียร(ฝึกซ้อม), ประสบการณ์, สิ่งแวดล้อมเกื้อหนุน, มีต้นทุนบางอย่างดี เหมือนคนเกิดมาร่างกายสูงใหญ่มีโอกาสเก่งในกีฬาหลายประเภท นี่ก็ถือว่าต้นทุนดี แต่เหล่านี้เองจึงย้อนไปบั่นทอนคนที่คิดว่าตนไม่เก่ง เช่น เราขี้เกียจ-ไม่มีเวลาซ้อม, เราไม่เคยทำมาก่อน, ยังไม่พร้อม, ต้นทุนไม่ดีเหมือนเขา ส่วนหนึ่งก็ใช่ว่าผิด แต่มันก็ใช่ว่าถูกและบางทีถ่วงเป็นอย่างมาก', '2023-05-24', '1779800065026'),
('PR00012CON01', 'PR00012', 'บ่อยครั้งแล้วกับเรื่องเป้าหมาย ที่บทความหรืออะไรก็ตามด้านพัฒนาตนเองมีมาเสมอ เช่นเป้าหมายที่ดีต้อง SMART* หลายคนก็อาจเริ่มเบื่อ หลายคนเริ่มสงสัยว่าสำคัญขนาดนั้นหรือ หลายคนเริ่มเข้าใจ แต่สุดท้ายมันก็มักคล้ายก่อกองทราย ไม่นานก็พังทลายลง เพราะที่จริงถ้ามีเป้าหมายระยะสั้นอาจจำเป็นกว่า', '2023-05-25', '1779800065026'),
('PR00012CON02', 'PR00012', 'ขอยกตัวอย่างเพื่อความกระชับ อยากมีเงินเก็บ 1 ล้านไหม? สำหรับคนที่ยังติดลบ, เดือนชนเดือน หรือแต่ละเดือนเหลือไม่กี่ร้อย คงตอบว่า \"อยาก.. แบบถอนหายใจ\" เพราะมันสะท้อนถึงความรู้สึกไกลเกินจริง นี่คืออุปสรรคแรกที่ทำให้เราไม่สนเป้าหมาย เพราะทันทีที่เรามองปัจจุบัน ก็ประเมินได้ว่า \"อย่าดีกว่า\" กับเป้าหมายนั้น ซึ่งก็ใช่ อะไรที่เกินตัวมันดูเพ้อฝัน', '2023-05-25', '1779800065026'),
('PR00012CON03', 'PR00012', 'ครั้นพอบอกว่า อยากมีเงินเก็บ 5 พันไหม เราคนเดิมก็ส่ายหัว เพราะรู้สึกเสียเวลา แค่นี้แป๊บเดียวก็หาได้ ซึ่งก็ใช่... แต่เอ๊ะมันย้อนแย้งไหม ในเมื่อเดิมแต่ละเดือนเหลือไม่เท่าไรแล้วทำไม 5 พันคิดว่าทำได้ คำตอบในหัวอาจมีหลากหลาย แต่อย่างหนึ่งที่คงแอบคิดในใจคือ \"ก็มันไม่มากเท่าไร..\"', '2023-05-25', '1779800065026'),
('PR00012CON04', 'PR00012', 'คำถามที่อยากชวนคิดต่อ แล้วก่อนจะไป 1 ล้านเราต้องผ่าน 5 พันก่อนไหม?.. ใช่มันต้องผ่าน', '2023-05-25', '1779800065026'),
('PR00012CON05', 'PR00012', 'แล้วจำนวน 200 ล่ะมากไหม?.. เทียบกับ 1 ล้าน หรือ 5 พัน มันก็ไม่มากอะไร', '2023-05-25', '1779800065026'),
('PR00012CON06', 'PR00012', 'งั้นคิดดูนะ 5 พัน 200 ครั้ง มันก็ได้ 1 ล้านแล้ว... ถึงตรงนี้ หลายคนอาจใจพองขึ้นมา หลายคนฉุกคิด หลายคนพยักหน้า สรุปเลยแล้วกันว่า อย่าเพิ่งไปคิด 1 ล้าน คิด 5,000 ไปสักพักให้ได้ก็ใกล้สำเร็จแล้ว', '2023-05-25', '1779800065026'),
('PR00013CON01', 'PR00013', 'จำได้ไหมว่าปั่นจักรยานครั้งแรกรู้สึกอย่างไร? ทำกับข้าวครั้งแรกออกมาเป็นแบบไหน? กว่าจะใช่โปรแกรมหนึ่งได้คล่องนานเท่าไร? กว่าจะกล้าพูดต่อหน้าคนมากมาย และอีกหลายอย่างที่ล้วนเป็นทักษะ แล้ว\r\nความรักล่ะ คิดว่าเป็นทักษะไหม?', '2023-07-07', '1779800065026');

-- --------------------------------------------------------

--
-- Table structure for table `tbpublicrelations`
--

CREATE TABLE `tbpublicrelations` (
  `pubrel_id` varchar(7) NOT NULL COMMENT 'เลขที่ข่าวประชาสัมพันธ์ เช่น PR00001',
  `pubrel_title` text NOT NULL COMMENT 'หัวข้อข่าวประชาสัมพันธ์',
  `pubrel_createddate` date NOT NULL COMMENT 'วันที่สร้างข่าวประชาสัมพันธ์',
  `pubrel_creator` varchar(255) NOT NULL COMMENT 'ชื่อ จนท.ข่าวประชาสัมพันธ์'
) ENGINE=InnoDB DEFAULT CHARSET=utf8mb4;

--
-- Dumping data for table `tbpublicrelations`
--

INSERT INTO `tbpublicrelations` (`pubrel_id`, `pubrel_title`, `pubrel_createddate`, `pubrel_creator`) VALUES
('PR00002', 'ทุนที่สำคัญที่สุดคือ \"เวลา\"', '2023-04-25', '1779800065026'),
('PR00003', 'หัวข้อข่าว 3', '2023-04-06', '1471200336695'),
('PR00004', 'หัวข้อข่าว 4', '2023-02-25', '1471200336695'),
('PR00005', 'ไม่มีคำว่าสายเกินไป', '2023-04-05', '1471200336695'),
('PR00006', 'น้อย ๆ เป็นยาระบาย', '2023-04-23', '1471200336695'),
('PR00007', 'โลกที่หมุนไป เราต้องอยู่ได้บนแรงโน้มถ่วง', '2023-02-25', '1471200336695'),
('PR00008', 'หัวข้อข่าว 8', '2023-04-19', '1471200336695'),
('PR00009', 'หัวข้อข้าว 9', '2023-04-08', '1471200336695'),
('PR00010', 'หัวข้อ 10', '2023-02-25', '1471200336695'),
('PR00011', 'โชคดีที่เราไม่เก่งมาก่อน', '2023-05-15', '1779800065026'),
('PR00012', 'เป้าหมายระยะสั้น อาจสำคัญกว่าต้อง SMART', '2023-05-24', '1779800065026'),
('PR00013', 'ความรักเป็นทักษะ', '2023-07-07', '1779800065026');

-- --------------------------------------------------------

--
-- Table structure for table `tbquestion`
--

CREATE TABLE `tbquestion` (
  `questioncode` varchar(12) NOT NULL COMMENT 'รหัสโจทย์ 12 หลัก (เลขฟอร์ม+cerfcode+เลขข้อ) เข่น  F0001R1A1061',
  `problem` varchar(255) NOT NULL COMMENT 'โจทย์ (ไฟล์พาธ)',
  `question` varchar(255) NOT NULL COMMENT 'คำถาม เป็นไฟล์เสียง (ไฟล์พาธ) หรือ ข้อความคำถาม',
  `cerfcode` varchar(4) NOT NULL COMMENT 'รหัสระดับความยากง่ายตาม cerf',
  `formcode` varchar(5) NOT NULL COMMENT 'รหัสฟอร์มข้อสอบ Fxxxx'
) ENGINE=InnoDB DEFAULT CHARSET=utf8mb4;

--
-- Dumping data for table `tbquestion`
--

INSERT INTO `tbquestion` (`questioncode`, `problem`, `question`, `cerfcode`, `formcode`) VALUES
('F0001L1A1001', 'F0001L1A1001.mp3', 'none', 'L1A1', 'F0001'),
('F0001L1A1002', 'F0001L1A1002.mp3', 'none', 'L1A1', 'F0001'),
('F0001L1A1003', 'F0001L1A1003.mp3', 'none', 'L1A1', 'F0001'),
('F0001L1A1004', 'F0001L1A1004.mp3', 'none', 'L1A1', 'F0001'),
('F0001L1A1005', 'F0001L1A1005.mp3', 'none', 'L1A1', 'F0001'),
('F0001L1A1006', 'F0001L1A1006.mp3', 'none', 'L1A1', 'F0001'),
('F0001L1A1007', 'F0001L1A1007.mp3', 'none', 'L1A1', 'F0001'),
('F0001L1A1008', 'F0001L1A1008.mp3', 'none', 'L1A1', 'F0001'),
('F0001L1A2009', 'F0001L1A2009.mp3', 'none', 'L1A2', 'F0001'),
('F0001L1A2010', 'F0001L1A2010.mp3', 'none', 'L1A2', 'F0001'),
('F0001L1A2011', 'F0001L1A2011.mp3', 'none', 'L1A2', 'F0001'),
('F0001L1A2012', 'F0001L1A2012.mp3', 'none', 'L1A2', 'F0001'),
('F0001L1A2013', 'F0001L1A2013.mp3', 'none', 'L1A2', 'F0001'),
('F0001L1A2014', 'F0001L1A2014.mp3', 'none', 'L1A2', 'F0001'),
('F0001L1A2015', 'F0001L1A2015.mp3', 'none', 'L1A2', 'F0001'),
('F0001L1A2016', 'F0001L1A2016.mp3', 'none', 'L1A2', 'F0001'),
('F0001L1B1017', 'F0001L1B1017.mp3', 'none', 'L1B1', 'F0001'),
('F0001L1B1018', 'F0001L1B1018.mp3', 'none', 'L1B1', 'F0001'),
('F0001L1B1019', 'F0001L1B1019.mp3', 'none', 'L1B1', 'F0001'),
('F0001L1B1020', 'F0001L1B1020.mp3', 'none', 'L1B1', 'F0001'),
('F0001L1B1021', 'F0001L1B1021.mp3', 'none', 'L1B1', 'F0001'),
('F0001L1B1022', 'F0001L1B1022.mp3', 'none', 'L1B1', 'F0001'),
('F0001L1B1023', 'F0001L1B1023.mp3', 'none', 'L1B1', 'F0001'),
('F0001L1B1024', 'F0001L1B1024.mp3', 'none', 'L1B1', 'F0001'),
('F0001L1B1025', 'F0001L1B1025.mp3', 'none', 'L1B1', 'F0001'),
('F0001L1B1026', 'F0001L1B1026.mp3', 'none', 'L1B1', 'F0001'),
('F0001L1B1027', 'F0001L1B1027.mp3', 'none', 'L1B1', 'F0001'),
('F0001L1B1028', 'F0001L1B1028.mp3', 'none', 'L1B1', 'F0001'),
('F0001L1B1029', 'F0001L1B1029.mp3', 'none', 'L1B1', 'F0001'),
('F0001L1B1030', 'F0001L1B1030.mp3', 'none', 'L1B1', 'F0001'),
('F0001L1B2031', 'F0001L1B2031.mp3', 'none', 'L1B2', 'F0001'),
('F0001L1B2032', 'F0001L1B2032.mp3', 'none', 'L1B2', 'F0001'),
('F0001L1B2033', 'F0001L1B2033.mp3', 'none', 'L1B2', 'F0001'),
('F0001L1B2034', 'F0001L1B2034.mp3', 'none', 'L1B2', 'F0001'),
('F0001L1B2035', 'F0001L1B2035.mp3', 'none', 'L1B2', 'F0001'),
('F0001L1B2036', 'F0001L1B2036.mp3', 'none', 'L1B2', 'F0001'),
('F0001L1B2037', 'F0001L1B2037.mp3', 'none', 'L1B2', 'F0001'),
('F0001L1B2038', 'F0001L1B2038.mp3', 'none', 'L1B2', 'F0001'),
('F0001L1B2039', 'F0001L1B2039.mp3', 'none', 'L1B2', 'F0001'),
('F0001L1B2040', 'F0001L1B2040.mp3', 'none', 'L1B2', 'F0001'),
('F0001L1B2041', 'F0001L1B2041.mp3', 'none', 'L1B2', 'F0001'),
('F0001L1B2042', 'F0001L1B2042.mp3', 'none', 'L1B2', 'F0001'),
('F0001L1B2043', 'F0001L1B2043.mp3', 'none', 'L1B2', 'F0001'),
('F0001L1B2044', 'F0001L1B2044.mp3', 'none', 'L1B2', 'F0001'),
('F0001L1B2045', 'F0001L1B2045.mp3', 'none', 'L1B2', 'F0001'),
('F0001L1C1046', 'F0001L1C1046.mp3', 'none', 'L1C1', 'F0001'),
('F0001L1C1047', 'F0001L1C1047.mp3', 'none', 'L1C1', 'F0001'),
('F0001L1C1048', 'F0001L1C1048.mp3', 'none', 'L1C1', 'F0001'),
('F0001L1C1049', 'F0001L1C1049.mp3', 'none', 'L1C1', 'F0001'),
('F0001L1C1050', 'F0001L1C1050.mp3', 'none', 'L1C1', 'F0001'),
('F0001L2A1051', 'F0001L2A1051.mp3', 'none', 'L2A1', 'F0001'),
('F0001L2A1052', 'F0001L2A1052.mp3', 'none', 'L2A1', 'F0001'),
('F0001L2A2053', 'F0001L2A2053.mp3', 'none', 'L2A2', 'F0001'),
('F0001L2A2054', 'F0001L2A2054.mp3', 'none', 'L2A2', 'F0001'),
('F0001L2B1055', 'F0001L2B1055.mp3', 'none', 'L2B1', 'F0001'),
('F0001L2B1056', 'F0001L2B1056.mp3', 'none', 'L2B1', 'F0001'),
('F0001L2B2057', 'F0001L2B2057.mp3', 'F0001L2B2057_57.mp3', 'L2B2', 'F0001'),
('F0001L2B2058', 'F0001L2B2057.mp3', 'F0001L2B2057_58.mp3', 'L2B2', 'F0001'),
('F0001L2C1059', 'F0001L2C1059.mp3', 'F0001L2C1059_59.mp3', 'L2C1', 'F0001'),
('F0001L2C1060', 'F0001L2C1059.mp3', 'F0001L2C1059_60.mp3', 'L2C1', 'F0001'),
('F0001R1A1061', 'F0001R1A1061.txt', 'F1_The plane was getting close to the airport.', 'R1A1', 'F0001'),
('F0001R1A1062', 'F0001R1A1061.txt', 'F1_The entire class will take the test.', 'R1A1', 'F0001'),
('F0001R1A1063', 'F0001R1A1061.txt', 'F1_You have to be sharp if you are going to complete pilot training successfully.', 'R1A1', 'F0001'),
('F0001R1A1064', 'F0001R1A1061.txt', 'F1_The teacher is sitting ______ her desk.', 'R1A1', 'F0001'),
('F0001R1A1065', 'F0001R1A1061.txt', 'F1__________ you enjoyed the play?', 'R1A1', 'F0001'),
('F0001R1A1066', 'F0001R1A1061.txt', 'F1_Where did you get _________  flowers?', 'R1A1', 'F0001'),
('F0001R1A1067', 'F0001R1A1061.txt', 'F1_Would you please  _________ down?', 'R1A1', 'F0001'),
('F0001R1A1068', 'F0001R1A1061.txt', 'F1_We ate _______  fruit after dinner.', 'R1A1', 'F0001'),
('F0001R1A2069', 'F0001R1A2069.txt', 'F1_We decided to keep driving______we reached home.', 'R1A2', 'F0001'),
('F0001R1A2070', 'F0001R1A2069.txt', 'F1_Take care of your tools;_______  they will rust.', 'R1A2', 'F0001'),
('F0001R1A2071', 'F0001R1A2069.txt', 'F1_I have been waiting for you since_________ .', 'R1A2', 'F0001'),
('F0001R1A2072', 'F0001R1A2069.txt', 'F1_A pilot must hold the stick _______ .', 'R1A2', 'F0001'),
('F0001R1A2073', 'F0001R1A2069.txt', 'F1_The old man sat down, and the little girl quickly sat in his ______ .', 'R1A2', 'F0001'),
('F0001R1A2074', 'F0001R1A2069.txt', 'F1_They stay by_______most of the time.', 'R1A2', 'F0001'),
('F0001R1A2075', 'F0001R1A2069.txt', 'F1_Mr. and Mrs. Avery live_____a white house with green shutters and doors.', 'R1A2', 'F0001'),
('F0001R1A2076', 'F0001R1A2069.txt', 'F1_If Ann hadn’t known how to swim, she______have drowned when the boat sank.', 'R1A2', 'F0001'),
('F0001R1B1077', 'F0001R1B1077.txt', 'F1_Do you want this book, or do you want_______one over there?', 'R1B1', 'F0001'),
('F0001R1B1078', 'F0001R1B1077.txt', 'F1_We want you_________English well.', 'R1B1', 'F0001'),
('F0001R1B1079', 'F0001R1B1077.txt', 'F1_Did you read all the lessons that Mr. Long __________ ?', 'R1B1', 'F0001'),
('F0001R1B1080', 'F0001R1B1077.txt', 'F1_This car is __________ than the other one.', 'R1B1', 'F0001'),
('F0001R1B1081', 'F0001R1B1081.txt', 'F1_He studies __________ on those lessons than my roommate.', 'R1B1', 'F0001'),
('F0001R1B1082', 'F0001R1B1081.txt', 'F1_This aircraft is ________ than the other one.', 'R1B1', 'F0001'),
('F0001R1B1083', 'F0001R1B1081.txt', 'F1_Some children have protested their parent’s decisions by not ____________.', 'R1B1', 'F0001'),
('F0001R1B1084', 'F0001R1B1081.txt', 'F1_He succeeded in setting up a conference. The conference will ________.', 'R1B1', 'F0001'),
('F0001R1B2085', 'F0001R1B2085.txt', 'F1_The men hunted wild animals, __________ spears for weapons.', 'R1B2', 'F0001'),
('F0001R1B2086', 'F0001R1B2085.txt', 'F1_You are Sally’s brother, _________?', 'R1B2', 'F0001'),
('F0001R1B2087', 'F0001R1B2085.txt', 'F1_Nancy saw the accident. The accident _________ by Nancy.', 'R1B2', 'F0001'),
('F0001R1B2088', 'F0001R1B2085.txt', 'F1_The Grand Canyon in Arizona is one of the most ___________sights in America.', 'R1B2', 'F0001'),
('F0001R1B2089', 'F0001R1B2085.txt', 'F1_Would you mind ________ the door, please?', 'R1B2', 'F0001'),
('F0001R1B2090', 'F0001R1B2085.txt', 'F1_There isn’t a cloud in the sky. I don’t think it __________.', 'R1B2', 'F0001'),
('F0001R1B2091', 'F0001R1B2085.txt', 'F1_Before he left, he __________ a glass of milk.', 'R1B2', 'F0001'),
('F0001R1C1092', 'F0001R1C1092.txt', 'F1_Nelson __________ his illness in a few days and was back to his studies.', 'R1C1', 'F0001'),
('F0001R1C1093', 'F0001R1C1092.txt', 'F1_This is _________  building in our country.', 'R1C1', 'F0001'),
('F0001R1C1094', 'F0001R1C1092.txt', 'F1_Sgt. Perkins was very disgusted today, but tomorrow it is going to be a different story. When he finds out about his promotion, he  _______.', 'R1C1', 'F0001'),
('F0001R1C1095', 'F0001R1C1092.txt', 'F1_________ to the movies tonight.', 'R1C1', 'F0001'),
('F0001R1C1096', 'F0001R1C1092.txt', 'F1_Could you tell us ________?', 'R1C1', 'F0001'),
('F0001R1C1097', 'F0001R1C1092.txt', 'F1_“Would you like something else?” “_______“\n', 'R1C1', 'F0001'),
('F0001R1C1098', 'F0001R1C1092.txt', 'F1_Choose the correct sentence.', 'R1C1', 'F0001'),
('F0001R1C1099', 'F0001R1C1092.txt', 'F1_The tall man standing on the corner was hit by a speeding auto which went through a red light.\n', 'R1C1', 'F0001'),
('F0001R1C1100', 'F0001R1C1092.txt', 'F1_Stella took her clothes to a cleaning shop and told the clerk to deliver them when they had finished with them.  What does she want the clerk to do?\n', 'R1C1', 'F0001'),
('F0002L1A1001', 'F0002L1A1001.mp3', 'none', 'L1A1', 'F0002'),
('F0002L1A1002', 'F0002L1A1002.mp3', 'none', 'L1A1', 'F0002'),
('F0002L1A1003', 'F0002L1A1003.mp3', 'none', 'L1A1', 'F0002'),
('F0002L1A1004', 'F0002L1A1004.mp3', 'none', 'L1A1', 'F0002'),
('F0002L1A1005', 'F0002L1A1005.mp3', 'none', 'L1A1', 'F0002'),
('F0002L1A1006', 'F0002L1A1006.mp3', 'none', 'L1A1', 'F0002'),
('F0002L1A1007', 'F0002L1A1007.mp3', 'none', 'L1A1', 'F0002'),
('F0002L1A1008', 'F0002L1A1008.mp3', 'none', 'L1A1', 'F0002'),
('F0002L1A2009', 'F0002L1A2009.mp3', 'none', 'L1A2', 'F0002'),
('F0002L1A2010', 'F0002L1A2010.mp3', 'none', 'L1A2', 'F0002'),
('F0002L1A2011', 'F0002L1A2011.mp3', 'none', 'L1A2', 'F0002'),
('F0002L1A2012', 'F0002L1A2012.mp3', 'none', 'L1A2', 'F0002'),
('F0002L1A2013', 'F0002L1A2013.mp3', 'none', 'L1A2', 'F0002'),
('F0002L1A2014', 'F0002L1A2014.mp3', 'none', 'L1A2', 'F0002'),
('F0002L1A2015', 'F0002L1A2015.mp3', 'none', 'L1A2', 'F0002'),
('F0002L1A2016', 'F0002L1A2016.mp3', 'none', 'L1A2', 'F0002'),
('F0002L1B1017', 'F0002L1B1017.mp3', 'none', 'L1B1', 'F0002'),
('F0002L1B1018', 'F0002L1B1018.mp3', 'none', 'L1B1', 'F0002'),
('F0002L1B1019', 'F0002L1B1019.mp3', 'none', 'L1B1', 'F0002'),
('F0002L1B1020', 'F0002L1B1020.mp3', 'none', 'L1B1', 'F0002'),
('F0002L1B1021', 'F0002L1B1021.mp3', 'none', 'L1B1', 'F0002'),
('F0002L1B1022', 'F0002L1B1022.mp3', 'none', 'L1B1', 'F0002'),
('F0002L1B1023', 'F0002L1B1023.mp3', 'none', 'L1B1', 'F0002'),
('F0002L1B1024', 'F0002L1B1024.mp3', 'none', 'L1B1', 'F0002'),
('F0002L1B1025', 'F0002L1B1025.mp3', 'none', 'L1B1', 'F0002'),
('F0002L1B1026', 'F0002L1B1026.mp3', 'none', 'L1B1', 'F0002'),
('F0002L1B1027', 'F0002L1B1027.mp3', 'none', 'L1B1', 'F0002'),
('F0002L1B1028', 'F0002L1B1028.mp3', 'none', 'L1B1', 'F0002'),
('F0002L1B1029', 'F0002L1B1029.mp3', 'none', 'L1B1', 'F0002'),
('F0002L1B1030', 'F0002L1B1030.mp3', 'none', 'L1B1', 'F0002'),
('F0002L1B2031', 'F0002L1B2031.mp3', 'none', 'L1B2', 'F0002'),
('F0002L1B2032', 'F0002L1B2032.mp3', 'none', 'L1B2', 'F0002'),
('F0002L1B2033', 'F0002L1B2033.mp3', 'none', 'L1B2', 'F0002'),
('F0002L1B2034', 'F0002L1B2034.mp3', 'none', 'L1B2', 'F0002'),
('F0002L1B2035', 'F0002L1B2035.mp3', 'none', 'L1B2', 'F0002'),
('F0002L1B2036', 'F0002L1B2036.mp3', 'none', 'L1B2', 'F0002'),
('F0002L1B2037', 'F0002L1B2037.mp3', 'none', 'L1B2', 'F0002'),
('F0002L1B2038', 'F0002L1B2038.mp3', 'none', 'L1B2', 'F0002'),
('F0002L1B2039', 'F0002L1B2039.mp3', 'none', 'L1B2', 'F0002'),
('F0002L1B2040', 'F0002L1B2040.mp3', 'none', 'L1B2', 'F0002'),
('F0002L1B2041', 'F0002L1B2041.mp3', 'none', 'L1B2', 'F0002'),
('F0002L1B2042', 'F0002L1B2042.mp3', 'none', 'L1B2', 'F0002'),
('F0002L1B2043', 'F0002L1B2043.mp3', 'none', 'L1B2', 'F0002'),
('F0002L1B2044', 'F0002L1B2044.mp3', 'none', 'L1B2', 'F0002'),
('F0002L1B2045', 'F0002L1B2045.mp3', 'none', 'L1B2', 'F0002'),
('F0002L1C1046', 'F0002L1C1046.mp3', 'none', 'L1C1', 'F0002'),
('F0002L1C1047', 'F0002L1C1047.mp3', 'none', 'L1C1', 'F0002'),
('F0002L1C1048', 'F0002L1C1048.mp3', 'none', 'L1C1', 'F0002'),
('F0002L1C1049', 'F0002L1C1049.mp3', 'none', 'L1C1', 'F0002'),
('F0002L1C1050', 'F0002L1C1050.mp3', 'none', 'L1C1', 'F0002'),
('F0002L2A1051', 'F0002L2A1051.mp3', 'none', 'L2A1', 'F0002'),
('F0002L2A1052', 'F0002L2A1052.mp3', 'none', 'L2A1', 'F0002'),
('F0002L2A2053', 'F0002L2A2053.mp3', 'none', 'L2A2', 'F0002'),
('F0002L2A2054', 'F0002L2A2054.mp3', 'none', 'L2A2', 'F0002'),
('F0002L2B1055', 'F0002L2B1055.mp3', 'none', 'L2B1', 'F0002'),
('F0002L2B1056', 'F0002L2B1056.mp3', 'none', 'L2B1', 'F0002'),
('F0002L2B2057', 'F0002L2B2057.mp3', 'F0002L2B2057_57.mp3', 'L2B2', 'F0002'),
('F0002L2B2058', 'F0002L2B2057.mp3', 'F0002L2B2057_58.mp3', 'L2B2', 'F0002'),
('F0002L2C1059', 'F0002L2C1059.mp3', 'F0002L2C1059_59.mp3', 'L2C1', 'F0002'),
('F0002L2C1060', 'F0002L2C1059.mp3', 'F0002L2C1059_60.mp3', 'L2C1', 'F0002'),
('F0002R1A1061', 'F0002R1A1061.txt', 'F2_The plane was getting close to the airport.', 'R1A1', 'F0002'),
('F0002R1A1062', 'F0002R1A1061.txt', 'F2_The entire class will take the test.', 'R1A1', 'F0002'),
('F0002R1A1063', 'F0002R1A1061.txt', 'F2_You have to be sharp if you are going to complete pilot training successfully.', 'R1A1', 'F0002'),
('F0002R1A1064', 'F0002R1A1061.txt', 'F2_The teacher is sitting ______ her desk.', 'R1A1', 'F0002'),
('F0002R1A1065', 'F0002R1A1061.txt', 'F2__________ you enjoyed the play?', 'R1A1', 'F0002'),
('F0002R1A1066', 'F0002R1A1061.txt', 'F2_Where did you get _________  flowers?', 'R1A1', 'F0002'),
('F0002R1A1067', 'F0002R1A1061.txt', 'F2_Would you please  _________ down?', 'R1A1', 'F0002'),
('F0002R1A1068', 'F0002R1A1061.txt', 'F2_We ate _______  fruit after dinner.', 'R1A1', 'F0002'),
('F0002R1A2069', 'F0002R1A2069.txt', 'F2_We decided to keep driving______we reached home.', 'R1A2', 'F0002'),
('F0002R1A2070', 'F0002R1A2069.txt', 'F2_Take care of your tools;_______  they will rust.', 'R1A2', 'F0002'),
('F0002R1A2071', 'F0002R1A2069.txt', 'F2_I have been waiting for you since_________ .', 'R1A2', 'F0002'),
('F0002R1A2072', 'F0002R1A2069.txt', 'F2_A pilot must hold the stick _______ .', 'R1A2', 'F0002'),
('F0002R1A2073', 'F0002R1A2069.txt', 'F2_The old man sat down, and the little girl quickly sat in his ______ .', 'R1A2', 'F0002'),
('F0002R1A2074', 'F0002R1A2069.txt', 'F2_They stay by_______most of the time.', 'R1A2', 'F0002'),
('F0002R1A2075', 'F0002R1A2069.txt', 'F2_Mr. and Mrs. Avery live_____a white house with green shutters and doors.', 'R1A2', 'F0002'),
('F0002R1A2076', 'F0002R1A2069.txt', 'F2_If Ann hadn’t known how to swim, she______have drowned when the boat sank.', 'R1A2', 'F0002'),
('F0002R1B1077', 'F0002R1B1077.txt', 'F2_Do you want this book, or do you want_______one over there?', 'R1B1', 'F0002'),
('F0002R1B1078', 'F0002R1B1077.txt', 'F2_We want you_________English well.', 'R1B1', 'F0002'),
('F0002R1B1079', 'F0002R1B1077.txt', 'F2_Did you read all the lessons that Mr. Long __________ ?', 'R1B1', 'F0002'),
('F0002R1B1080', 'F0002R1B1077.txt', 'F2_This car is __________ than the other one.', 'R1B1', 'F0002'),
('F0002R1B1081', 'F0002R1B1081.txt', 'F2_He studies __________ on those lessons than my roommate.', 'R1B1', 'F0002'),
('F0002R1B1082', 'F0002R1B1081.txt', 'F2_This aircraft is ________ than the other one.', 'R1B1', 'F0002'),
('F0002R1B1083', 'F0002R1B1081.txt', 'F2_Some children have protested their parent’s decisions by not ____________.', 'R1B1', 'F0002'),
('F0002R1B1084', 'F0002R1B1081.txt', 'F2_He succeeded in setting up a conference. The conference will ________.', 'R1B1', 'F0002'),
('F0002R1B2085', 'F0002R1B2085.txt', 'F2_The men hunted wild animals, __________ spears for weapons.', 'R1B2', 'F0002'),
('F0002R1B2086', 'F0002R1B2085.txt', 'F2_You are Sally’s brother, _________?', 'R1B2', 'F0002'),
('F0002R1B2087', 'F0002R1B2085.txt', 'F2_Nancy saw the accident. The accident _________ by Nancy.', 'R1B2', 'F0002'),
('F0002R1B2088', 'F0002R1B2085.txt', 'F2_The Grand Canyon in Arizona is one of the most ___________sights in America.', 'R1B2', 'F0002'),
('F0002R1B2089', 'F0002R1B2085.txt', 'F2_Would you mind ________ the door, please?', 'R1B2', 'F0002'),
('F0002R1B2090', 'F0002R1B2085.txt', 'F2_There isn’t a cloud in the sky. I don’t think it __________.', 'R1B2', 'F0002'),
('F0002R1B2091', 'F0002R1B2085.txt', 'F2_Before he left, he __________ a glass of milk.', 'R1B2', 'F0002'),
('F0002R1C1092', 'F0002R1C1092.txt', 'F2_Nelson __________ his illness in a few days and was back to his studies.', 'R1C1', 'F0002'),
('F0002R1C1093', 'F0002R1C1092.txt', 'F2_This is _________  building in our country.', 'R1C1', 'F0002'),
('F0002R1C1094', 'F0002R1C1092.txt', 'F2_Sgt. Perkins was very disgusted today, but tomorrow it is going to be a different story. When he finds out about his promotion, he  _______.', 'R1C1', 'F0002'),
('F0002R1C1095', 'F0002R1C1092.txt', 'F2_________ to the movies tonight.', 'R1C1', 'F0002'),
('F0002R1C1096', 'F0002R1C1092.txt', 'F2_Could you tell us ________?', 'R1C1', 'F0002'),
('F0002R1C1097', 'F0002R1C1092.txt', 'F2_“Would you like something else?” “_______“\r\n', 'R1C1', 'F0002'),
('F0002R1C1098', 'F0002R1C1092.txt', 'F2_Choose the correct sentence.', 'R1C1', 'F0002'),
('F0002R1C1099', 'F0002R1C1092.txt', 'F2_The tall man standing on the corner was hit by a speeding auto which went through a red light.\r\n', 'R1C1', 'F0002'),
('F0002R1C1100', 'F0002R1C1092.txt', 'F2_Stella took her clothes to a cleaning shop and told the clerk to deliver them when they had finished with them.  What does she want the clerk to do?\r\n', 'R1C1', 'F0002'),
('F0003L1A1001', 'F0003L1A1001.mp3', 'none', 'L1A1', 'F0003'),
('F0003L1A1002', 'F0003L1A1002.mp3', 'none', 'L1A1', 'F0003'),
('F0003L1A1003', 'F0003L1A1003.mp3', 'none', 'L1A1', 'F0003'),
('F0003L1A1004', 'F0003L1A1004.mp3', 'none', 'L1A1', 'F0003'),
('F0003L1A1005', 'F0003L1A1005.mp3', 'none', 'L1A1', 'F0003'),
('F0003L1A1006', 'F0003L1A1006.mp3', 'none', 'L1A1', 'F0003'),
('F0003L1A1007', 'F0003L1A1007.mp3', 'none', 'L1A1', 'F0003'),
('F0003L1A1008', 'F0003L1A1008.mp3', 'none', 'L1A1', 'F0003'),
('F0003L1A2009', 'F0003L1A2009.mp3', 'none', 'L1A2', 'F0003'),
('F0003L1A2010', 'F0003L1A2010.mp3', 'none', 'L1A2', 'F0003'),
('F0003L1A2011', 'F0003L1A2011.mp3', 'none', 'L1A2', 'F0003'),
('F0003L1A2012', 'F0003L1A2012.mp3', 'none', 'L1A2', 'F0003'),
('F0003L1A2013', 'F0003L1A2013.mp3', 'none', 'L1A2', 'F0003'),
('F0003L1A2014', 'F0003L1A2014.mp3', 'none', 'L1A2', 'F0003'),
('F0003L1A2015', 'F0003L1A2015.mp3', 'none', 'L1A2', 'F0003'),
('F0003L1A2016', 'F0003L1A2016.mp3', 'none', 'L1A2', 'F0003'),
('F0003L1B1017', 'F0003L1B1017.mp3', 'none', 'L1B1', 'F0003'),
('F0003L1B1018', 'F0003L1B1018.mp3', 'none', 'L1B1', 'F0003'),
('F0003L1B1019', 'F0003L1B1019.mp3', 'none', 'L1B1', 'F0003'),
('F0003L1B1020', 'F0003L1B1020.mp3', 'none', 'L1B1', 'F0003'),
('F0003L1B1021', 'F0003L1B1021.mp3', 'none', 'L1B1', 'F0003'),
('F0003L1B1022', 'F0003L1B1022.mp3', 'none', 'L1B1', 'F0003'),
('F0003L1B1023', 'F0003L1B1023.mp3', 'none', 'L1B1', 'F0003'),
('F0003L1B1024', 'F0003L1B1024.mp3', 'none', 'L1B1', 'F0003'),
('F0003L1B1025', 'F0003L1B1025.mp3', 'none', 'L1B1', 'F0003'),
('F0003L1B1026', 'F0003L1B1026.mp3', 'none', 'L1B1', 'F0003'),
('F0003L1B1027', 'F0003L1B1027.mp3', 'none', 'L1B1', 'F0003'),
('F0003L1B1028', 'F0003L1B1028.mp3', 'none', 'L1B1', 'F0003'),
('F0003L1B1029', 'F0003L1B1029.mp3', 'none', 'L1B1', 'F0003'),
('F0003L1B1030', 'F0003L1B1030.mp3', 'none', 'L1B1', 'F0003'),
('F0003L1B2031', 'F0003L1B2031.mp3', 'none', 'L1B2', 'F0003'),
('F0003L1B2032', 'F0003L1B2032.mp3', 'none', 'L1B2', 'F0003'),
('F0003L1B2033', 'F0003L1B2033.mp3', 'none', 'L1B2', 'F0003'),
('F0003L1B2034', 'F0003L1B2034.mp3', 'none', 'L1B2', 'F0003'),
('F0003L1B2035', 'F0003L1B2035.mp3', 'none', 'L1B2', 'F0003'),
('F0003L1B2036', 'F0003L1B2036.mp3', 'none', 'L1B2', 'F0003'),
('F0003L1B2037', 'F0003L1B2037.mp3', 'none', 'L1B2', 'F0003'),
('F0003L1B2038', 'F0003L1B2038.mp3', 'none', 'L1B2', 'F0003'),
('F0003L1B2039', 'F0003L1B2039.mp3', 'none', 'L1B2', 'F0003'),
('F0003L1B2040', 'F0003L1B2040.mp3', 'none', 'L1B2', 'F0003'),
('F0003L1B2041', 'F0003L1B2041.mp3', 'none', 'L1B2', 'F0003'),
('F0003L1B2042', 'F0003L1B2042.mp3', 'none', 'L1B2', 'F0003'),
('F0003L1B2043', 'F0003L1B2043.mp3', 'none', 'L1B2', 'F0003'),
('F0003L1B2044', 'F0003L1B2044.mp3', 'none', 'L1B2', 'F0003'),
('F0003L1B2045', 'F0003L1B2045.mp3', 'none', 'L1B2', 'F0003'),
('F0003L1C1046', 'F0003L1C1046.mp3', 'none', 'L1C1', 'F0003'),
('F0003L1C1047', 'F0003L1C1047.mp3', 'none', 'L1C1', 'F0003'),
('F0003L1C1048', 'F0003L1C1048.mp3', 'none', 'L1C1', 'F0003'),
('F0003L1C1049', 'F0003L1C1049.mp3', 'none', 'L1C1', 'F0003'),
('F0003L1C1050', 'F0003L1C1050.mp3', 'none', 'L1C1', 'F0003'),
('F0003L2A1051', 'F0003L2A1051.mp3', 'none', 'L2A1', 'F0003'),
('F0003L2A1052', 'F0003L2A1052.mp3', 'none', 'L2A1', 'F0003'),
('F0003L2A2053', 'F0003L2A2053.mp3', 'none', 'L2A2', 'F0003'),
('F0003L2A2054', 'F0003L2A2054.mp3', 'none', 'L2A2', 'F0003'),
('F0003L2B1055', 'F0003L2B1055.mp3', 'none', 'L2B1', 'F0003'),
('F0003L2B1056', 'F0003L2B1056.mp3', 'none', 'L2B1', 'F0003'),
('F0003L2B2057', 'F0003L2B2057.mp3', 'F0003L2B2057_57.mp3', 'L2B2', 'F0003'),
('F0003L2B2058', 'F0003L2B2057.mp3', 'F0003L2B2057_58.mp3', 'L2B2', 'F0003'),
('F0003L2C1059', 'F0003L2C1059.mp3', 'F0003L2C1059_59.mp3', 'L2C1', 'F0003'),
('F0003L2C1060', 'F0003L2C1059.mp3', 'F0003L2C1059_60.mp3', 'L2C1', 'F0003'),
('F0003R1A1061', 'F0003R1A1061.txt', 'F3_The plane was getting close to the airport.', 'R1A1', 'F0003'),
('F0003R1A1062', 'F0003R1A1061.txt', 'F3_The entire class will take the test.', 'R1A1', 'F0003'),
('F0003R1A1063', 'F0003R1A1061.txt', 'F3_You have to be sharp if you are going to complete pilot training successfully.', 'R1A1', 'F0003'),
('F0003R1A1064', 'F0003R1A1061.txt', 'F3_The teacher is sitting ______ her desk.', 'R1A1', 'F0003'),
('F0003R1A1065', 'F0003R1A1061.txt', 'F3__________ you enjoyed the play?', 'R1A1', 'F0003'),
('F0003R1A1066', 'F0003R1A1061.txt', 'F3_Where did you get _________  flowers?', 'R1A1', 'F0003'),
('F0003R1A1067', 'F0003R1A1061.txt', 'F3_Would you please  _________ down?', 'R1A1', 'F0003'),
('F0003R1A1068', 'F0003R1A1061.txt', 'F3_We ate _______  fruit after dinner.', 'R1A1', 'F0003'),
('F0003R1A2069', 'F0003R1A2069.txt', 'F3_We decided to keep driving______we reached home.', 'R1A2', 'F0003'),
('F0003R1A2070', 'F0003R1A2069.txt', 'F3_Take care of your tools;_______  they will rust.', 'R1A2', 'F0003'),
('F0003R1A2071', 'F0003R1A2069.txt', 'F3_I have been waiting for you since_________ .', 'R1A2', 'F0003'),
('F0003R1A2072', 'F0003R1A2069.txt', 'F3_A pilot must hold the stick _______ .', 'R1A2', 'F0003'),
('F0003R1A2073', 'F0003R1A2069.txt', 'F3_The old man sat down, and the little girl quickly sat in his ______ .', 'R1A2', 'F0003'),
('F0003R1A2074', 'F0003R1A2069.txt', 'F3_They stay by_______most of the time.', 'R1A2', 'F0003'),
('F0003R1A2075', 'F0003R1A2069.txt', 'F3_Mr. and Mrs. Avery live_____a white house with green shutters and doors.', 'R1A2', 'F0003'),
('F0003R1A2076', 'F0003R1A2069.txt', 'F3_If Ann hadn’t known how to swim, she______have drowned when the boat sank.', 'R1A2', 'F0003'),
('F0003R1B1077', 'F0003R1B1077.txt', 'F3_Do you want this book, or do you want_______one over there?', 'R1B1', 'F0003'),
('F0003R1B1078', 'F0003R1B1077.txt', 'F3_We want you_________English well.', 'R1B1', 'F0003'),
('F0003R1B1079', 'F0003R1B1077.txt', 'F3_Did you read all the lessons that Mr. Long __________ ?', 'R1B1', 'F0003'),
('F0003R1B1080', 'F0003R1B1077.txt', 'F3_This car is __________ than the other one.', 'R1B1', 'F0003'),
('F0003R1B1081', 'F0003R1B1081.txt', 'F3_He studies __________ on those lessons than my roommate.', 'R1B1', 'F0003'),
('F0003R1B1082', 'F0003R1B1081.txt', 'F3_This aircraft is ________ than the other one.', 'R1B1', 'F0003'),
('F0003R1B1083', 'F0003R1B1081.txt', 'F3_Some children have protested their parent’s decisions by not ____________.', 'R1B1', 'F0003'),
('F0003R1B1084', 'F0003R1B1081.txt', 'F3_He succeeded in setting up a conference. The conference will ________.', 'R1B1', 'F0003'),
('F0003R1B2085', 'F0003R1B2085.txt', 'F3_The men hunted wild animals, __________ spears for weapons.', 'R1B2', 'F0003'),
('F0003R1B2086', 'F0003R1B2085.txt', 'F3_You are Sally’s brother, _________?', 'R1B2', 'F0003'),
('F0003R1B2087', 'F0003R1B2085.txt', 'F3_Nancy saw the accident. The accident _________ by Nancy.', 'R1B2', 'F0003'),
('F0003R1B2088', 'F0003R1B2085.txt', 'F3_The Grand Canyon in Arizona is one of the most ___________sights in America.', 'R1B2', 'F0003'),
('F0003R1B2089', 'F0003R1B2085.txt', 'F3_Would you mind ________ the door, please?', 'R1B2', 'F0003'),
('F0003R1B2090', 'F0003R1B2085.txt', 'F3_There isn’t a cloud in the sky. I don’t think it __________.', 'R1B2', 'F0003'),
('F0003R1B2091', 'F0003R1B2085.txt', 'F3_Before he left, he __________ a glass of milk.', 'R1B2', 'F0003'),
('F0003R1C1092', 'F0003R1C1092.txt', 'F3_Nelson __________ his illness in a few days and was back to his studies.', 'R1C1', 'F0003'),
('F0003R1C1093', 'F0003R1C1092.txt', 'F3_This is _________  building in our country.', 'R1C1', 'F0003'),
('F0003R1C1094', 'F0003R1C1092.txt', 'F3_Sgt. Perkins was very disgusted today, but tomorrow it is going to be a different story. When he finds out about his promotion, he  _______.', 'R1C1', 'F0003'),
('F0003R1C1095', 'F0003R1C1092.txt', 'F3_________ to the movies tonight.', 'R1C1', 'F0003'),
('F0003R1C1096', 'F0003R1C1092.txt', 'F3_Could you tell us ________?', 'R1C1', 'F0003'),
('F0003R1C1097', 'F0003R1C1092.txt', 'F3_“Would you like something else?” “_______“\r\n', 'R1C1', 'F0003'),
('F0003R1C1098', 'F0003R1C1092.txt', 'F3_Choose the correct sentence.', 'R1C1', 'F0003'),
('F0003R1C1099', 'F0003R1C1092.txt', 'F3_The tall man standing on the corner was hit by a speeding auto which went through a red light.\r\n', 'R1C1', 'F0003'),
('F0003R1C1100', 'F0003R1C1092.txt', 'F3_Stella took her clothes to a cleaning shop and told the clerk to deliver them when they had finished with them.  What does she want the clerk to do?\r\n', 'R1C1', 'F0003'),
('F0004L1A1001', 'F0004L1A1001.mp3', 'none', 'L1A1', 'F0004'),
('F0004L1A1002', 'F0004L1A1002.mp3', 'none', 'L1A1', 'F0004'),
('F0004L1A1003', 'F0004L1A1003.mp3', 'none', 'L1A1', 'F0004'),
('F0004L1A1004', 'F0004L1A1004.mp3', 'none', 'L1A1', 'F0004'),
('F0004L1A1005', 'F0004L1A1005.mp3', 'none', 'L1A1', 'F0004'),
('F0004L1A1006', 'F0004L1A1006.mp3', 'none', 'L1A1', 'F0004'),
('F0004L1A1007', 'F0004L1A1007.mp3', 'none', 'L1A1', 'F0004'),
('F0004L1A1008', 'F0004L1A1008.mp3', 'none', 'L1A1', 'F0004'),
('F0004L1A2009', 'F0004L1A2009.mp3', 'none', 'L1A2', 'F0004'),
('F0004L1A2010', 'F0004L1A2010.mp3', 'none', 'L1A2', 'F0004'),
('F0004L1A2011', 'F0004L1A2011.mp3', 'none', 'L1A2', 'F0004'),
('F0004L1A2012', 'F0004L1A2012.mp3', 'none', 'L1A2', 'F0004'),
('F0004L1A2013', 'F0004L1A2013.mp3', 'none', 'L1A2', 'F0004'),
('F0004L1A2014', 'F0004L1A2014.mp3', 'none', 'L1A2', 'F0004'),
('F0004L1A2015', 'F0004L1A2015.mp3', 'none', 'L1A2', 'F0004'),
('F0004L1A2016', 'F0004L1A2016.mp3', 'none', 'L1A2', 'F0004'),
('F0004L1B1017', 'F0004L1B1017.mp3', 'none', 'L1B1', 'F0004'),
('F0004L1B1018', 'F0004L1B1018.mp3', 'none', 'L1B1', 'F0004'),
('F0004L1B1019', 'F0004L1B1019.mp3', 'none', 'L1B1', 'F0004'),
('F0004L1B1020', 'F0004L1B1020.mp3', 'none', 'L1B1', 'F0004'),
('F0004L1B1021', 'F0004L1B1021.mp3', 'none', 'L1B1', 'F0004'),
('F0004L1B1022', 'F0004L1B1022.mp3', 'none', 'L1B1', 'F0004'),
('F0004L1B1023', 'F0004L1B1023.mp3', 'none', 'L1B1', 'F0004'),
('F0004L1B1024', 'F0004L1B1024.mp3', 'none', 'L1B1', 'F0004'),
('F0004L1B1025', 'F0004L1B1025.mp3', 'none', 'L1B1', 'F0004'),
('F0004L1B1026', 'F0004L1B1026.mp3', 'none', 'L1B1', 'F0004'),
('F0004L1B1027', 'F0004L1B1027.mp3', 'none', 'L1B1', 'F0004'),
('F0004L1B1028', 'F0004L1B1028.mp3', 'none', 'L1B1', 'F0004'),
('F0004L1B1029', 'F0004L1B1029.mp3', 'none', 'L1B1', 'F0004'),
('F0004L1B1030', 'F0004L1B1030.mp3', 'none', 'L1B1', 'F0004'),
('F0004L1B2031', 'F0004L1B2031.mp3', 'none', 'L1B2', 'F0004'),
('F0004L1B2032', 'F0004L1B2032.mp3', 'none', 'L1B2', 'F0004'),
('F0004L1B2033', 'F0004L1B2033.mp3', 'none', 'L1B2', 'F0004'),
('F0004L1B2034', 'F0004L1B2034.mp3', 'none', 'L1B2', 'F0004'),
('F0004L1B2035', 'F0004L1B2035.mp3', 'none', 'L1B2', 'F0004'),
('F0004L1B2036', 'F0004L1B2036.mp3', 'none', 'L1B2', 'F0004'),
('F0004L1B2037', 'F0004L1B2037.mp3', 'none', 'L1B2', 'F0004'),
('F0004L1B2038', 'F0004L1B2038.mp3', 'none', 'L1B2', 'F0004'),
('F0004L1B2039', 'F0004L1B2039.mp3', 'none', 'L1B2', 'F0004'),
('F0004L1B2040', 'F0004L1B2040.mp3', 'none', 'L1B2', 'F0004'),
('F0004L1B2041', 'F0004L1B2041.mp3', 'none', 'L1B2', 'F0004'),
('F0004L1B2042', 'F0004L1B2042.mp3', 'none', 'L1B2', 'F0004'),
('F0004L1B2043', 'F0004L1B2043.mp3', 'none', 'L1B2', 'F0004'),
('F0004L1B2044', 'F0004L1B2044.mp3', 'none', 'L1B2', 'F0004'),
('F0004L1B2045', 'F0004L1B2045.mp3', 'none', 'L1B2', 'F0004'),
('F0004L1C1046', 'F0004L1C1046.mp3', 'none', 'L1C1', 'F0004'),
('F0004L1C1047', 'F0004L1C1047.mp3', 'none', 'L1C1', 'F0004'),
('F0004L1C1048', 'F0004L1C1048.mp3', 'none', 'L1C1', 'F0004'),
('F0004L1C1049', 'F0004L1C1049.mp3', 'none', 'L1C1', 'F0004'),
('F0004L1C1050', 'F0004L1C1050.mp3', 'none', 'L1C1', 'F0004'),
('F0004L2A1051', 'F0004L2A1051.mp3', 'none', 'L2A1', 'F0004'),
('F0004L2A1052', 'F0004L2A1052.mp3', 'none', 'L2A1', 'F0004'),
('F0004L2A2053', 'F0004L2A2053.mp3', 'none', 'L2A2', 'F0004'),
('F0004L2A2054', 'F0004L2A2054.mp3', 'none', 'L2A2', 'F0004'),
('F0004L2B1055', 'F0004L2B1055.mp3', 'none', 'L2B1', 'F0004'),
('F0004L2B1056', 'F0004L2B1056.mp3', 'none', 'L2B1', 'F0004'),
('F0004L2B2057', 'F0004L2B2057.mp3', 'F0004L2B2057_57.mp3', 'L2B2', 'F0004'),
('F0004L2B2058', 'F0004L2B2057.mp3', 'F0004L2B2057_58.mp3', 'L2B2', 'F0004'),
('F0004L2C1059', 'F0004L2C1059.mp3', 'F0004L2C1059_59.mp3', 'L2C1', 'F0004'),
('F0004L2C1060', 'F0004L2C1059.mp3', 'F0004L2C1059_60.mp3', 'L2C1', 'F0004'),
('F0004R1A1061', 'F0004R1A1061.txt', 'F4_The plane was getting close to the airport.', 'R1A1', 'F0004'),
('F0004R1A1062', 'F0004R1A1061.txt', 'F4_The entire class will take the test.', 'R1A1', 'F0004'),
('F0004R1A1063', 'F0004R1A1061.txt', 'F4_You have to be sharp if you are going to complete pilot training successfully.', 'R1A1', 'F0004'),
('F0004R1A1064', 'F0004R1A1061.txt', 'F4_The teacher is sitting ______ her desk.', 'R1A1', 'F0004'),
('F0004R1A1065', 'F0004R1A1061.txt', 'F4__________ you enjoyed the play?', 'R1A1', 'F0004'),
('F0004R1A1066', 'F0004R1A1061.txt', 'F4_Where did you get _________  flowers?', 'R1A1', 'F0004'),
('F0004R1A1067', 'F0004R1A1061.txt', 'F4_Would you please  _________ down?', 'R1A1', 'F0004'),
('F0004R1A1068', 'F0004R1A1061.txt', 'F4_We ate _______  fruit after dinner.', 'R1A1', 'F0004'),
('F0004R1A2069', 'F0004R1A2069.txt', 'F4_We decided to keep driving______we reached home.', 'R1A2', 'F0004'),
('F0004R1A2070', 'F0004R1A2069.txt', 'F4_Take care of your tools;_______  they will rust.', 'R1A2', 'F0004'),
('F0004R1A2071', 'F0004R1A2069.txt', 'F4_I have been waiting for you since_________ .', 'R1A2', 'F0004'),
('F0004R1A2072', 'F0004R1A2069.txt', 'F4_A pilot must hold the stick _______ .', 'R1A2', 'F0004'),
('F0004R1A2073', 'F0004R1A2069.txt', 'F4_The old man sat down, and the little girl quickly sat in his ______ .', 'R1A2', 'F0004'),
('F0004R1A2074', 'F0004R1A2069.txt', 'F4_They stay by_______most of the time.', 'R1A2', 'F0004'),
('F0004R1A2075', 'F0004R1A2069.txt', 'F4_Mr. and Mrs. Avery live_____a white house with green shutters and doors.', 'R1A2', 'F0004'),
('F0004R1A2076', 'F0004R1A2069.txt', 'F4_If Ann hadn’t known how to swim, she______have drowned when the boat sank.', 'R1A2', 'F0004'),
('F0004R1B1077', 'F0004R1B1077.txt', 'F4_Do you want this book, or do you want_______one over there?', 'R1B1', 'F0004'),
('F0004R1B1078', 'F0004R1B1077.txt', 'F4_We want you_________English well.', 'R1B1', 'F0004'),
('F0004R1B1079', 'F0004R1B1077.txt', 'F4_Did you read all the lessons that Mr. Long __________ ?', 'R1B1', 'F0004'),
('F0004R1B1080', 'F0004R1B1077.txt', 'F4_This car is __________ than the other one.', 'R1B1', 'F0004'),
('F0004R1B1081', 'F0004R1B1081.txt', 'F4_He studies __________ on those lessons than my roommate.', 'R1B1', 'F0004'),
('F0004R1B1082', 'F0004R1B1081.txt', 'F4_This aircraft is ________ than the other one.', 'R1B1', 'F0004'),
('F0004R1B1083', 'F0004R1B1081.txt', 'F4_Some children have protested their parent’s decisions by not ____________.', 'R1B1', 'F0004'),
('F0004R1B1084', 'F0004R1B1081.txt', 'F4_He succeeded in setting up a conference. The conference will ________.', 'R1B1', 'F0004'),
('F0004R1B2085', 'F0004R1B2085.txt', 'F4_The men hunted wild animals, __________ spears for weapons.', 'R1B2', 'F0004'),
('F0004R1B2086', 'F0004R1B2085.txt', 'F4_You are Sally’s brother, _________?', 'R1B2', 'F0004'),
('F0004R1B2087', 'F0004R1B2085.txt', 'F4_Nancy saw the accident. The accident _________ by Nancy.', 'R1B2', 'F0004'),
('F0004R1B2088', 'F0004R1B2085.txt', 'F4_The Grand Canyon in Arizona is one of the most ___________sights in America.', 'R1B2', 'F0004'),
('F0004R1B2089', 'F0004R1B2085.txt', 'F4_Would you mind ________ the door, please?', 'R1B2', 'F0004'),
('F0004R1B2090', 'F0004R1B2085.txt', 'F4_There isn’t a cloud in the sky. I don’t think it __________.', 'R1B2', 'F0004'),
('F0004R1B2091', 'F0004R1B2085.txt', 'F4_Before he left, he __________ a glass of milk.', 'R1B2', 'F0004'),
('F0004R1C1092', 'F0004R1C1092.txt', 'F4_Nelson __________ his illness in a few days and was back to his studies.', 'R1C1', 'F0004'),
('F0004R1C1093', 'F0004R1C1092.txt', 'F4_This is _________  building in our country.', 'R1C1', 'F0004'),
('F0004R1C1094', 'F0004R1C1092.txt', 'F4_Sgt. Perkins was very disgusted today, but tomorrow it is going to be a different story. When he finds out about his promotion, he  _______.', 'R1C1', 'F0004'),
('F0004R1C1095', 'F0004R1C1092.txt', 'F4_________ to the movies tonight.', 'R1C1', 'F0004'),
('F0004R1C1096', 'F0004R1C1092.txt', 'F4_Could you tell us ________?', 'R1C1', 'F0004'),
('F0004R1C1097', 'F0004R1C1092.txt', 'F4_“Would you like something else?” “_______“\r\n', 'R1C1', 'F0004'),
('F0004R1C1098', 'F0004R1C1092.txt', 'F4_Choose the correct sentence.', 'R1C1', 'F0004'),
('F0004R1C1099', 'F0004R1C1092.txt', 'F4_The tall man standing on the corner was hit by a speeding auto which went through a red light.\r\n', 'R1C1', 'F0004'),
('F0004R1C1100', 'F0004R1C1092.txt', 'F4_Stella took her clothes to a cleaning shop and told the clerk to deliver them when they had finished with them.  What does she want the clerk to do?\r\n', 'R1C1', 'F0004');

-- --------------------------------------------------------

--
-- Table structure for table `tbtestreservation`
--

CREATE TABLE `tbtestreservation` (
  `testresvcode` varchar(6) NOT NULL COMMENT 'รหัสการจองวันทดสอบ (ชื่อย่อหน่วย+ครั้ง (สามหลัก)) เช่น สอ.ทอ.จองครั้งที่ 1 รหัสเป็น DCE001',
  `testresvdate` date NOT NULL COMMENT 'วันที่จองวันทดสอบ',
  `testresvtime` time NOT NULL COMMENT 'เวลาจองวันทดสอบ',
  `testscoringcriteria` varchar(4) NOT NULL COMMENT 'เกณฑ์การใช้คะแนนภาษาอังกฤษ',
  `country` varchar(255) NOT NULL COMMENT 'ประเทศปลายทาง',
  `testreqdate` date NOT NULL COMMENT 'วันที่ต้องการเข้ารับการทดสอบ',
  `testreqtime` time NOT NULL COMMENT 'เวลาที่ต้องการเข้ารับการทดสอบ',
  `coordinator` varchar(13) NOT NULL COMMENT 'ผู้ติดต่อประสานของหน่วย',
  `testrequnit` varchar(50) NOT NULL COMMENT 'หน่วยหรือคณะที่ต้องการเข้ารับการทดสอบ',
  `testappvcode` varchar(50) DEFAULT NULL COMMENT 'รหัสการอนุมัติวันทดสอบ',
  `testappvresult` varchar(50) DEFAULT NULL COMMENT 'ผลการอนุมัติวันทดสอบ',
  `testappvdate` date DEFAULT NULL COMMENT 'วันที่อนุมัติวันทดสอบ',
  `testappvtime` time DEFAULT NULL COMMENT 'เวลาที่อนุมัติวันทดสอบ',
  `testapprover` varchar(13) DEFAULT NULL COMMENT 'ผู้อนุมัติวันทดสอบ'
) ENGINE=InnoDB DEFAULT CHARSET=utf8mb4;

--
-- Dumping data for table `tbtestreservation`
--

INSERT INTO `tbtestreservation` (`testresvcode`, `testresvdate`, `testresvtime`, `testscoringcriteria`, `country`, `testreqdate`, `testreqtime`, `coordinator`, `testrequnit`, `testappvcode`, `testappvresult`, `testappvdate`, `testappvtime`, `testapprover`) VALUES
('DAE001', '2023-11-22', '15:22:00', 'SCC1', 'เครือรัฐบาฮามาส', '2023-11-23', '09:00:00', '1234567890123', 'ชอ.', 'APRVDAE001', 'APRV', '2023-11-22', '15:23:00', '2321321654684'),
('DAE002', '2023-11-22', '15:23:00', 'SCC6', 'ไทย', '2023-11-23', '09:00:00', '1234567890123', 'ชอ.', NULL, NULL, NULL, NULL, NULL),
('SWC001', '2023-11-23', '10:04:00', 'SCC6', 'ไทย', '2023-11-24', '09:00:00', '1779800065026', 'ศซว.ทอ.', NULL, NULL, NULL, NULL, NULL),
('SWC002', '2024-02-11', '21:06:00', 'SCC5', 'ไทย', '2024-02-21', '09:00:00', '1779800065026', 'ศซว.ทอ.', 'APRVSWC002', 'APRV', '2024-02-11', '21:06:00', '2321321654684'),
('SWC003', '2024-02-12', '14:59:00', 'SCC6', 'ไทย', '2024-02-26', '09:00:00', '1779800065026', 'ศซว.ทอ.', 'APRVSWC003', 'APRV', '2024-02-12', '14:59:00', '2321321654684');

-- --------------------------------------------------------

--
-- Table structure for table `tbtestresult`
--

CREATE TABLE `tbtestresult` (
  `testresultcode` varchar(20) NOT NULL COMMENT 'รหัสผลการทดสอบของแต่ละการจอง (รหัสการจอง-เลขประจำตัวประชาชน) เช่น สอ.ทอ.จองครั้งที่ 1 ผลการสอบรายบุคคลเป็น DCE001-1234567890123',
  `testresvcode` varchar(6) NOT NULL COMMENT 'รหัสการจองวันทดสอบ (ชื่อย่อหน่วย+ครั้ง (สามหลัก)) เช่น สอ.ทอ.จองครั้งที่ 1 รหัสเป็น DCE001',
  `meminfo_id` varchar(20) NOT NULL COMMENT 'หมายเลขข้อมูลสมาชิก (pers_id + month + be_year เช่น 1234567890123-072565)',
  `testconductdate` date DEFAULT NULL COMMENT 'วันที่ทำการทดสอบ',
  `realscore` int(11) DEFAULT NULL COMMENT 'คะแนนที่สอบได้จริง',
  `realscoredate` date DEFAULT NULL COMMENT 'วันที่บันทึกคะแนนที่สอบได้จริง',
  `realscorerecorder` varchar(13) DEFAULT NULL COMMENT 'ผู้บันทึกคะแนนที่สอบได้จริง',
  `editscore` int(11) DEFAULT NULL COMMENT 'คะแนนที่แก้ไข',
  `editscoredate` date DEFAULT NULL COMMENT 'วันที่บันทึกคะแนนที่แก้ไข',
  `editscorerecorder` varchar(13) DEFAULT NULL COMMENT 'ผู้บันทึกคะแนนที่แก้ไข',
  `qrcode_indv` varchar(255) DEFAULT NULL COMMENT 'QRCODE รายบุคคล',
  `qrcode_directorate` varchar(255) DEFAULT NULL COMMENT 'QRCODE รายหน่วย',
  `qrcode_project` varchar(255) DEFAULT NULL COMMENT 'QRCODE ตามโครงการ/หลักสูตร',
  `testresultapprv` tinyint(1) DEFAULT NULL COMMENT 'ยืนยันผลการทดสอบ (boolean) ',
  `testresultapprover` varchar(13) DEFAULT NULL COMMENT 'ผู้อนุมัติผลการทดสอบ',
  `testlabroom` varchar(4) DEFAULT NULL COMMENT 'ห้องสอบ เช่น  LAB1',
  `submittime` time DEFAULT NULL COMMENT 'เวลาส่งข้อสอบ',
  `showscoringcriteria` tinyint(1) DEFAULT NULL COMMENT 'แสดงหรือไม่แสดงเกณฑ์คะแนน',
  `testresultapprvdate` date DEFAULT NULL COMMENT 'วันที่ยืนยันผลการทดสอบ',
  `testindvappvcode` varchar(50) DEFAULT NULL COMMENT 'รหัสการอนุมัติวันทดสอบรายบุคคล รูปแบบ ถ้าอนุมัติ APRV + รหัสการจอง + ''-'' + pers_id เช่น APRVSWC001-1234567890123 แต่ถ้าไม่อนุมัติ DISAP + รหัสการจอง + ''-'' + pers_id เช่น DISAPSWC001-1234567890123',
  `testindvappvresult` text DEFAULT NULL COMMENT 'ผลการอนุมัติวันทดสอบรายบุคคล ถ้า อนุมัติ ใส่ APRV ถ้าไม่อนุมัติใส่เหตุผล',
  `testindvappvdate` date DEFAULT NULL COMMENT 'วันที่อนุมัติวันทดสอบรายบุคคล',
  `testindvappvtime` time DEFAULT NULL COMMENT 'เวลาที่อนุมัติวันทดสอบรายบุคคล',
  `testindvapprover` varchar(13) DEFAULT NULL COMMENT 'ผู้อนุมัติวันทดสอบรายบุคคล',
  `invigilator` varchar(13) DEFAULT NULL COMMENT 'ผู้คุมสอบ',
  `testtype` tinyint(4) DEFAULT NULL COMMENT '0 - เลือกรูปแบบ 1 - Random และ 2 - Adaptive'
) ENGINE=InnoDB DEFAULT CHARSET=utf8mb4;

--
-- Dumping data for table `tbtestresult`
--

INSERT INTO `tbtestresult` (`testresultcode`, `testresvcode`, `meminfo_id`, `testconductdate`, `realscore`, `realscoredate`, `realscorerecorder`, `editscore`, `editscoredate`, `editscorerecorder`, `qrcode_indv`, `qrcode_directorate`, `qrcode_project`, `testresultapprv`, `testresultapprover`, `testlabroom`, `submittime`, `showscoringcriteria`, `testresultapprvdate`, `testindvappvcode`, `testindvappvresult`, `testindvappvdate`, `testindvappvtime`, `testindvapprover`, `invigilator`, `testtype`) VALUES
('DAE001-1111111111111', 'DAE001', '1111111111111-092566', NULL, NULL, NULL, NULL, NULL, NULL, NULL, NULL, NULL, NULL, NULL, NULL, 'lab2', NULL, 1, NULL, 'APRVDAE001-1111111111111', 'APRV', '2023-11-22', '15:23:00', '2321321654684', '1100501418960', 1),
('DAE001-2222222222222', 'DAE001', '2222222222222-092566', NULL, NULL, NULL, NULL, NULL, NULL, NULL, NULL, NULL, NULL, NULL, NULL, 'lab2', NULL, 1, NULL, 'APRVDAE001-2222222222222', 'APRV', '2023-11-22', '15:23:00', '2321321654684', '1100501418960', 1),
('DAE001-3333333333333', 'DAE001', '1100501418960-032566', NULL, NULL, NULL, NULL, NULL, NULL, NULL, NULL, NULL, NULL, NULL, NULL, NULL, NULL, NULL, NULL, NULL, NULL, NULL, NULL, NULL, NULL, NULL),
('DAE002-3625421522425', 'DAE002', '3625421522425-112566', NULL, NULL, NULL, NULL, NULL, NULL, NULL, NULL, NULL, NULL, NULL, NULL, 'lab0', NULL, NULL, NULL, NULL, NULL, NULL, NULL, NULL, NULL, 0),
('DAE002-6555874456444', 'DAE002', '6555874456444-112566', NULL, NULL, NULL, NULL, NULL, NULL, NULL, NULL, NULL, NULL, NULL, NULL, 'lab0', NULL, NULL, NULL, NULL, NULL, NULL, NULL, NULL, NULL, 0),
('SWC001-5555555555555', 'SWC001', '5555555555555-092566', NULL, NULL, NULL, NULL, NULL, NULL, NULL, NULL, NULL, NULL, NULL, NULL, 'lab0', NULL, NULL, NULL, NULL, NULL, NULL, NULL, NULL, NULL, NULL),
('SWC002-1111111111111', 'SWC002', '1111111111111-092566', NULL, NULL, NULL, NULL, NULL, NULL, NULL, NULL, NULL, NULL, NULL, NULL, 'lab3', NULL, NULL, NULL, 'APRVSWC002-1111111111111', 'APRV', '2024-02-11', '21:06:00', '2321321654684', '1104200223730', NULL),
('SWC002-2222222222222', 'SWC002', '2222222222222-092566', NULL, NULL, NULL, NULL, NULL, NULL, NULL, NULL, NULL, NULL, NULL, NULL, 'lab3', NULL, NULL, NULL, 'APRVSWC002-2222222222222', 'APRV', '2024-02-11', '21:06:00', '2321321654684', '1104200223730', NULL),
('SWC003-1104200223730', 'SWC003', '1104200223730-092566', '2024-02-12', 52, '2024-02-12', '1104200223730', NULL, NULL, NULL, NULL, NULL, NULL, 1, '1779800065026', 'lab6', NULL, NULL, '2024-02-12', 'APRVSWC003-1104200223730', 'APRV', '2024-02-12', '14:59:00', '2321321654684', '1103702509612', NULL);

-- --------------------------------------------------------

--
-- Table structure for table `tbtestscoringcriteria`
--

CREATE TABLE `tbtestscoringcriteria` (
  `scoringcriteriacode` varchar(4) NOT NULL COMMENT 'รหัสเกณฑ์การใช้คะแนนภาษาอังกฤษ',
  `mission` varchar(255) NOT NULL COMMENT 'ภารกิจของข้าราชการที่เข้าสอบ',
  `minscore` int(11) NOT NULL COMMENT 'คะแนนผ่านขั้นต่ำ'
) ENGINE=InnoDB DEFAULT CHARSET=utf8mb4;

--
-- Dumping data for table `tbtestscoringcriteria`
--

INSERT INTO `tbtestscoringcriteria` (`scoringcriteriacode`, `mission`, `minscore`) VALUES
('LOCK', 'ล็อกวัน', 0),
('SCC1', 'ราชการต่างประเทศ (ด้านการบิน)', 80),
('SCC2', 'ราชการต่างประเทศกรณีอื่นๆ', 70),
('SCC3', 'ศึกษาหลักสูตร วทอ.ฯ และ รร.สธ.ทอ.', 70),
('SCC4', 'ศึกษาหลักสูตร รร.นอส.ฯ และ รร.นฝ.ฯ', 50),
('SCC5', 'ปรับเลื่อนชั้นยศ จ.อ.เป็น พ.อ.อ.', 50),
('SCC6', 'ทดสอบภาษาอังกฤษประจำปี', 0);

-- --------------------------------------------------------

--
-- Table structure for table `tbusagerecord`
--

CREATE TABLE `tbusagerecord` (
  `usagerecordid` varchar(23) NOT NULL COMMENT 'รหัสบันทึกการใช้งาน รูปแบบ ip-year-xxxx เช่น 10.107.82.1-67-0001',
  `usagedate` date DEFAULT NULL COMMENT 'วันที่เข้าใช้งาน',
  `usremail` varchar(255) DEFAULT NULL COMMENT 'อีเมลของผู้ใช้งาน',
  `usrlogintime` time DEFAULT NULL COMMENT 'เวลาที่เข้าใช้งาน',
  `usrlogouttime` time DEFAULT NULL COMMENT 'เวลาที่ออกจากระบบ',
  `lastusagemenu` varchar(255) DEFAULT NULL COMMENT 'เมนูสุดท้ายที่ใช้งานก่อนออกจากระบบ',
  `ipaddr` varchar(15) DEFAULT NULL COMMENT 'หมายเลขไอพี'
) ENGINE=InnoDB DEFAULT CHARSET=utf8mb4;

-- --------------------------------------------------------

--
-- Table structure for table `tbusertype`
--

CREATE TABLE `tbusertype` (
  `usertypeid` varchar(5) NOT NULL COMMENT 'รหัสประเภทผู้ใช้งานระบบ',
  `usetypedesc` varchar(255) NOT NULL COMMENT 'คำอธิบายประเภทผู้ใช้งานระบบ'
) ENGINE=InnoDB DEFAULT CHARSET=utf8mb4;

--
-- Dumping data for table `tbusertype`
--

INSERT INTO `tbusertype` (`usertypeid`, `usetypedesc`) VALUES
('USR01', 'ผู้เข้าสอบ'),
('USR02', 'ผู้ประสานงาน'),
('USR03', 'ผู้คุมสอบ'),
('USR04', 'ผู้บังคับบัญชา'),
('USR05', 'ผู้ดูแลระบบ');

--
-- Indexes for dumped tables
--

--
-- Indexes for table `tbaccessrights`
--
ALTER TABLE `tbaccessrights`
  ADD PRIMARY KEY (`accessrightsid`),
  ADD KEY `persid` (`persid`),
  ADD KEY `usrtypeid` (`usrtypeid`);

--
-- Indexes for table `tbcefrdifficultylevel`
--
ALTER TABLE `tbcefrdifficultylevel`
  ADD PRIMARY KEY (`cerfcode`);

--
-- Indexes for table `tbchoice`
--
ALTER TABLE `tbchoice`
  ADD PRIMARY KEY (`choicecode`),
  ADD KEY `questioncode` (`questioncode`);

--
-- Indexes for table `tbindvform`
--
ALTER TABLE `tbindvform`
  ADD PRIMARY KEY (`indvtfrmcode`),
  ADD KEY `testresultcode` (`testresultcode`),
  ADD KEY `question_code` (`question_code`);

--
-- Indexes for table `tbindvform_v01`
--
ALTER TABLE `tbindvform_v01`
  ADD PRIMARY KEY (`indvtfrmcode`),
  ADD KEY `testresultcode` (`testresultcode`),
  ADD KEY `question_code` (`question_code`);

--
-- Indexes for table `tbintrovideo`
--
ALTER TABLE `tbintrovideo`
  ADD PRIMARY KEY (`introvdoid`);

--
-- Indexes for table `tbipaddr`
--
ALTER TABLE `tbipaddr`
  ADD PRIMARY KEY (`ipaddr`);

--
-- Indexes for table `tblabroom`
--
ALTER TABLE `tblabroom`
  ADD PRIMARY KEY (`labroomcode`);

--
-- Indexes for table `tbmember`
--
ALTER TABLE `tbmember`
  ADD PRIMARY KEY (`pers_id`);

--
-- Indexes for table `tbmemberinfo`
--
ALTER TABLE `tbmemberinfo`
  ADD PRIMARY KEY (`meminfo_id`),
  ADD KEY `pers_id` (`pers_id`);

--
-- Indexes for table `tbprimage`
--
ALTER TABLE `tbprimage`
  ADD PRIMARY KEY (`primgcode`),
  ADD KEY `primgcreator` (`primgcreator`),
  ADD KEY `pubrelid` (`pubrelid`);

--
-- Indexes for table `tbpublicerelationscontents`
--
ALTER TABLE `tbpublicerelationscontents`
  ADD PRIMARY KEY (`pubrelcont_id`),
  ADD KEY `pubrel_id` (`pubrel_id`),
  ADD KEY `pubrelcont_creator` (`pubrelcont_creator`);

--
-- Indexes for table `tbpublicrelations`
--
ALTER TABLE `tbpublicrelations`
  ADD PRIMARY KEY (`pubrel_id`),
  ADD KEY `pubrel_creator` (`pubrel_creator`);

--
-- Indexes for table `tbquestion`
--
ALTER TABLE `tbquestion`
  ADD PRIMARY KEY (`questioncode`),
  ADD KEY `cerfcode` (`cerfcode`);

--
-- Indexes for table `tbtestreservation`
--
ALTER TABLE `tbtestreservation`
  ADD PRIMARY KEY (`testresvcode`),
  ADD KEY `testscoringcriteria` (`testscoringcriteria`),
  ADD KEY `coordinator` (`coordinator`),
  ADD KEY `testapprover` (`testapprover`);

--
-- Indexes for table `tbtestresult`
--
ALTER TABLE `tbtestresult`
  ADD PRIMARY KEY (`testresultcode`),
  ADD KEY `testresvcode` (`testresvcode`),
  ADD KEY `meminfo_id` (`meminfo_id`),
  ADD KEY `realscorerecorder` (`realscorerecorder`),
  ADD KEY `editscorerecorder` (`editscorerecorder`),
  ADD KEY `testresultapprover` (`testresultapprover`),
  ADD KEY `testlabroom` (`testlabroom`),
  ADD KEY `testindvapprover` (`testindvapprover`),
  ADD KEY `invigilator` (`invigilator`);

--
-- Indexes for table `tbtestscoringcriteria`
--
ALTER TABLE `tbtestscoringcriteria`
  ADD PRIMARY KEY (`scoringcriteriacode`);

--
-- Indexes for table `tbusagerecord`
--
ALTER TABLE `tbusagerecord`
  ADD PRIMARY KEY (`usagerecordid`),
  ADD KEY `ipaddr` (`ipaddr`);

--
-- Indexes for table `tbusertype`
--
ALTER TABLE `tbusertype`
  ADD PRIMARY KEY (`usertypeid`);

--
-- Constraints for dumped tables
--

--
-- Constraints for table `tbaccessrights`
--
ALTER TABLE `tbaccessrights`
  ADD CONSTRAINT `tbaccessrights_ibfk_943` FOREIGN KEY (`persid`) REFERENCES `tbmember` (`pers_id`) ON DELETE NO ACTION ON UPDATE CASCADE,
  ADD CONSTRAINT `tbaccessrights_ibfk_944` FOREIGN KEY (`usrtypeid`) REFERENCES `tbusertype` (`usertypeid`) ON DELETE NO ACTION ON UPDATE CASCADE;

--
-- Constraints for table `tbchoice`
--
ALTER TABLE `tbchoice`
  ADD CONSTRAINT `tbchoice_ibfk_1` FOREIGN KEY (`questioncode`) REFERENCES `tbquestion` (`questioncode`) ON DELETE NO ACTION ON UPDATE CASCADE;

--
-- Constraints for table `tbindvform`
--
ALTER TABLE `tbindvform`
  ADD CONSTRAINT `tbindvform_ibfk_7` FOREIGN KEY (`testresultcode`) REFERENCES `tbtestresult` (`testresultcode`) ON DELETE NO ACTION ON UPDATE CASCADE,
  ADD CONSTRAINT `tbindvform_ibfk_8` FOREIGN KEY (`question_code`) REFERENCES `tbquestion` (`questioncode`) ON DELETE NO ACTION ON UPDATE CASCADE;

--
-- Constraints for table `tbindvform_v01`
--
ALTER TABLE `tbindvform_v01`
  ADD CONSTRAINT `tbindvform_v01_ibfk_803` FOREIGN KEY (`testresultcode`) REFERENCES `tbtestresult` (`testresultcode`) ON UPDATE CASCADE,
  ADD CONSTRAINT `tbindvform_v01_ibfk_804` FOREIGN KEY (`question_code`) REFERENCES `tbquestion` (`questioncode`) ON UPDATE CASCADE;

--
-- Constraints for table `tbmemberinfo`
--
ALTER TABLE `tbmemberinfo`
  ADD CONSTRAINT `tbmemberinfo_ibfk_1` FOREIGN KEY (`pers_id`) REFERENCES `tbmember` (`pers_id`) ON DELETE NO ACTION ON UPDATE CASCADE;

--
-- Constraints for table `tbprimage`
--
ALTER TABLE `tbprimage`
  ADD CONSTRAINT `tbprimage_ibfk_3` FOREIGN KEY (`primgcreator`) REFERENCES `tbmember` (`pers_id`) ON UPDATE CASCADE,
  ADD CONSTRAINT `tbprimage_ibfk_4` FOREIGN KEY (`pubrelid`) REFERENCES `tbpublicrelations` (`pubrel_id`) ON UPDATE CASCADE;

--
-- Constraints for table `tbpublicerelationscontents`
--
ALTER TABLE `tbpublicerelationscontents`
  ADD CONSTRAINT `tbpublicerelationscontents_ibfk_799` FOREIGN KEY (`pubrel_id`) REFERENCES `tbpublicrelations` (`pubrel_id`) ON DELETE NO ACTION ON UPDATE CASCADE,
  ADD CONSTRAINT `tbpublicerelationscontents_ibfk_800` FOREIGN KEY (`pubrelcont_creator`) REFERENCES `tbmember` (`pers_id`) ON DELETE NO ACTION ON UPDATE CASCADE;

--
-- Constraints for table `tbpublicrelations`
--
ALTER TABLE `tbpublicrelations`
  ADD CONSTRAINT `tbpublicrelations_ibfk_1` FOREIGN KEY (`pubrel_creator`) REFERENCES `tbmember` (`pers_id`) ON DELETE NO ACTION ON UPDATE CASCADE;

--
-- Constraints for table `tbquestion`
--
ALTER TABLE `tbquestion`
  ADD CONSTRAINT `tbquestion_ibfk_1` FOREIGN KEY (`cerfcode`) REFERENCES `tbcefrdifficultylevel` (`cerfcode`) ON DELETE NO ACTION ON UPDATE CASCADE;

--
-- Constraints for table `tbtestreservation`
--
ALTER TABLE `tbtestreservation`
  ADD CONSTRAINT `tbtestreservation_ibfk_490` FOREIGN KEY (`testscoringcriteria`) REFERENCES `tbtestscoringcriteria` (`scoringcriteriacode`) ON DELETE NO ACTION ON UPDATE CASCADE,
  ADD CONSTRAINT `tbtestreservation_ibfk_491` FOREIGN KEY (`coordinator`) REFERENCES `tbmember` (`pers_id`) ON DELETE NO ACTION ON UPDATE CASCADE,
  ADD CONSTRAINT `tbtestreservation_ibfk_492` FOREIGN KEY (`testapprover`) REFERENCES `tbmember` (`pers_id`) ON DELETE SET NULL ON UPDATE CASCADE;

--
-- Constraints for table `tbtestresult`
--
ALTER TABLE `tbtestresult`
  ADD CONSTRAINT `tbtestresult_ibfk_3022` FOREIGN KEY (`testresvcode`) REFERENCES `tbtestreservation` (`testresvcode`) ON DELETE NO ACTION ON UPDATE CASCADE,
  ADD CONSTRAINT `tbtestresult_ibfk_3023` FOREIGN KEY (`meminfo_id`) REFERENCES `tbmemberinfo` (`meminfo_id`) ON DELETE NO ACTION ON UPDATE CASCADE,
  ADD CONSTRAINT `tbtestresult_ibfk_3024` FOREIGN KEY (`realscorerecorder`) REFERENCES `tbmember` (`pers_id`) ON DELETE SET NULL ON UPDATE CASCADE,
  ADD CONSTRAINT `tbtestresult_ibfk_3025` FOREIGN KEY (`editscorerecorder`) REFERENCES `tbmember` (`pers_id`) ON DELETE SET NULL ON UPDATE CASCADE,
  ADD CONSTRAINT `tbtestresult_ibfk_3026` FOREIGN KEY (`testresultapprover`) REFERENCES `tbmember` (`pers_id`) ON DELETE SET NULL ON UPDATE CASCADE,
  ADD CONSTRAINT `tbtestresult_ibfk_3027` FOREIGN KEY (`testlabroom`) REFERENCES `tblabroom` (`labroomcode`) ON DELETE SET NULL ON UPDATE CASCADE,
  ADD CONSTRAINT `tbtestresult_ibfk_3028` FOREIGN KEY (`testindvapprover`) REFERENCES `tbmember` (`pers_id`) ON DELETE SET NULL ON UPDATE CASCADE,
  ADD CONSTRAINT `tbtestresult_ibfk_3029` FOREIGN KEY (`invigilator`) REFERENCES `tbmember` (`pers_id`) ON DELETE SET NULL ON UPDATE CASCADE;

--
-- Constraints for table `tbusagerecord`
--
ALTER TABLE `tbusagerecord`
  ADD CONSTRAINT `tbusagerecord_ibfk_1` FOREIGN KEY (`ipaddr`) REFERENCES `tbipaddr` (`ipaddr`) ON DELETE SET NULL ON UPDATE CASCADE;
COMMIT;

/*!40101 SET CHARACTER_SET_CLIENT=@OLD_CHARACTER_SET_CLIENT */;
/*!40101 SET CHARACTER_SET_RESULTS=@OLD_CHARACTER_SET_RESULTS */;
/*!40101 SET COLLATION_CONNECTION=@OLD_COLLATION_CONNECTION */;
